[INFO] Scanning for projects...
[INFO] 
[INFO] -------------------< com.ccnlthd:course-management >--------------------
[INFO] Building  0.0.1-SNAPSHOT
[INFO]   from pom.xml
[INFO] --------------------------------[ jar ]---------------------------------
Downloading from central: https://repo.maven.apache.org/maven2/org/springframework/boot/spring-boot-starter-cache/4.1.1/spring-boot-starter-cache-4.1.1.pom
Progress (1): 983 B
Progress (1): 2.3 kB
                    
Downloaded from central: https://repo.maven.apache.org/maven2/org/springframework/boot/spring-boot-starter-cache/4.1.1/spring-boot-starter-cache-4.1.1.pom (2.3 kB at 2.0 kB/s)
Downloading from central: https://repo.maven.apache.org/maven2/org/springframework/boot/spring-boot-cache/4.1.1/spring-boot-cache-4.1.1.pom
Progress (1): 1.0 kB
Progress (1): 2.2 kB
                    
Downloaded from central: https://repo.maven.apache.org/maven2/org/springframework/boot/spring-boot-cache/4.1.1/spring-boot-cache-4.1.1.pom (2.2 kB at 26 kB/s)
Downloading from central: https://repo.maven.apache.org/maven2/org/springframework/spring-context-support/7.0.9/spring-context-support-7.0.9.pom
Progress (1): 1.1 kB
Progress (1): 2.4 kB
                    
Downloaded from central: https://repo.maven.apache.org/maven2/org/springframework/spring-context-support/7.0.9/spring-context-support-7.0.9.pom (2.4 kB at 31 kB/s)
Downloading from central: https://repo.maven.apache.org/maven2/org/springframework/boot/spring-boot-starter-data-redis/4.1.1/spring-boot-starter-data-redis-4.1.1.pom
Progress (1): 974 B
Progress (1): 2.5 kB
                    
Downloaded from central: https://repo.maven.apache.org/maven2/org/springframework/boot/spring-boot-starter-data-redis/4.1.1/spring-boot-starter-data-redis-4.1.1.pom (2.5 kB at 28 kB/s)
Downloading from central: https://repo.maven.apache.org/maven2/org/springframework/boot/spring-boot-data-redis/4.1.1/spring-boot-data-redis-4.1.1.pom
Progress (1): 1.0 kB
Progress (1): 3.0 kB
                    
Downloaded from central: https://repo.maven.apache.org/maven2/org/springframework/boot/spring-boot-data-redis/4.1.1/spring-boot-data-redis-4.1.1.pom (3.0 kB at 34 kB/s)
Downloading from central: https://repo.maven.apache.org/maven2/io/lettuce/lettuce-core/7.5.2.RELEASE/lettuce-core-7.5.2.RELEASE.pom
Progress (1): 992 B
Progress (1): 3.3 kB
Progress (1): 8.1 kB
                    
Downloaded from central: https://repo.maven.apache.org/maven2/io/lettuce/lettuce-core/7.5.2.RELEASE/lettuce-core-7.5.2.RELEASE.pom (8.1 kB at 114 kB/s)
Downloading from central: https://repo.maven.apache.org/maven2/redis/clients/authentication/redis-authx-core/0.1.1-beta2/redis-authx-core-0.1.1-beta2.pom
Progress (1): 993 B
Progress (1): 2.6 kB
Progress (1): 4.7 kB
Progress (1): 7.1 kB
Progress (1): 7.7 kB
                    
Downloaded from central: https://repo.maven.apache.org/maven2/redis/clients/authentication/redis-authx-core/0.1.1-beta2/redis-authx-core-0.1.1-beta2.pom (7.7 kB at 74 kB/s)
Downloading from central: https://repo.maven.apache.org/maven2/io/netty/netty-common/4.2.17.Final/netty-common-4.2.17.Final.pom
Progress (1): 1.3 kB
Progress (1): 4.0 kB
Progress (1): 8.5 kB
Progress (1): 12 kB 
                   
Downloaded from central: https://repo.maven.apache.org/maven2/io/netty/netty-common/4.2.17.Final/netty-common-4.2.17.Final.pom (12 kB at 99 kB/s)
Downloading from central: https://repo.maven.apache.org/maven2/io/netty/netty-parent/4.2.17.Final/netty-parent-4.2.17.Final.pom
Progress (1): 736 B
Progress (1): 1.7 kB
Progress (1): 3.5 kB
Progress (1): 5.5 kB
Progress (1): 7.7 kB
Progress (1): 15 kB 
Progress (1): 20 kB
Progress (1): 23 kB
Progress (1): 26 kB
Progress (1): 28 kB
Progress (1): 29 kB
Progress (1): 32 kB
Progress (1): 35 kB
Progress (1): 39 kB
Progress (1): 43 kB
Progress (1): 47 kB
Progress (1): 49 kB
Progress (1): 52 kB
Progress (1): 56 kB
Progress (1): 61 kB
Progress (1): 64 kB
Progress (1): 66 kB
Progress (1): 68 kB
Progress (1): 70 kB
Progress (1): 73 kB
Progress (1): 74 kB
Progress (1): 77 kB
Progress (1): 80 kB
Progress (1): 82 kB
Progress (1): 85 kB
Progress (1): 88 kB
Progress (1): 90 kB
Progress (1): 92 kB
                   
Downloaded from central: https://repo.maven.apache.org/maven2/io/netty/netty-parent/4.2.17.Final/netty-parent-4.2.17.Final.pom (92 kB at 886 kB/s)
Downloading from central: https://repo.maven.apache.org/maven2/org/bouncycastle/bc-jdk18on-bom/1.84/bc-jdk18on-bom-1.84.pom
Progress (1): 923 B
Progress (1): 3.1 kB
                    
Downloaded from central: https://repo.maven.apache.org/maven2/org/bouncycastle/bc-jdk18on-bom/1.84/bc-jdk18on-bom-1.84.pom (3.1 kB at 39 kB/s)
Downloading from central: https://repo.maven.apache.org/maven2/io/netty/netty-handler/4.2.17.Final/netty-handler-4.2.17.Final.pom
Progress (1): 790 B
Progress (1): 2.6 kB
Progress (1): 4.1 kB
Progress (1): 7.0 kB
                    
Downloaded from central: https://repo.maven.apache.org/maven2/io/netty/netty-handler/4.2.17.Final/netty-handler-4.2.17.Final.pom (7.0 kB at 52 kB/s)
Downloading from central: https://repo.maven.apache.org/maven2/io/netty/netty-resolver/4.2.17.Final/netty-resolver-4.2.17.Final.pom
Progress (1): 815 B
Progress (1): 2.6 kB
Progress (1): 2.7 kB
                    
Downloaded from central: https://repo.maven.apache.org/maven2/io/netty/netty-resolver/4.2.17.Final/netty-resolver-4.2.17.Final.pom (2.7 kB at 33 kB/s)
Downloading from central: https://repo.maven.apache.org/maven2/io/netty/netty-buffer/4.2.17.Final/netty-buffer-4.2.17.Final.pom
Progress (1): 791 B
Progress (1): 2.3 kB
Progress (1): 4.4 kB
Progress (1): 5.5 kB
                    
Downloaded from central: https://repo.maven.apache.org/maven2/io/netty/netty-buffer/4.2.17.Final/netty-buffer-4.2.17.Final.pom (5.5 kB at 57 kB/s)
Downloading from central: https://repo.maven.apache.org/maven2/io/netty/netty-transport/4.2.17.Final/netty-transport-4.2.17.Final.pom
Progress (1): 810 B
Progress (1): 3.4 kB
                    
Downloaded from central: https://repo.maven.apache.org/maven2/io/netty/netty-transport/4.2.17.Final/netty-transport-4.2.17.Final.pom (3.4 kB at 41 kB/s)
Downloading from central: https://repo.maven.apache.org/maven2/io/netty/netty-transport-native-unix-common/4.2.17.Final/netty-transport-native-unix-common-4.2.17.Final.pom
Progress (1): 772 B
Progress (1): 2.2 kB
Progress (1): 4.3 kB
Progress (1): 7.0 kB
Progress (1): 12 kB 
Progress (1): 34 kB
                   
Downloaded from central: https://repo.maven.apache.org/maven2/io/netty/netty-transport-native-unix-common/4.2.17.Final/netty-transport-native-unix-common-4.2.17.Final.pom (34 kB at 357 kB/s)
Downloading from central: https://repo.maven.apache.org/maven2/io/netty/netty-codec-base/4.2.17.Final/netty-codec-base-4.2.17.Final.pom
Progress (1): 810 B
Progress (1): 3.4 kB
Progress (1): 3.6 kB
                    
Downloaded from central: https://repo.maven.apache.org/maven2/io/netty/netty-codec-base/4.2.17.Final/netty-codec-base-4.2.17.Final.pom (3.6 kB at 40 kB/s)
Downloading from central: https://repo.maven.apache.org/maven2/io/projectreactor/reactor-core/3.8.7/reactor-core-3.8.7.pom
Progress (1): 1.0 kB
Progress (1): 2.3 kB
                    
Downloaded from central: https://repo.maven.apache.org/maven2/io/projectreactor/reactor-core/3.8.7/reactor-core-3.8.7.pom (2.3 kB at 26 kB/s)
Downloading from central: https://repo.maven.apache.org/maven2/org/reactivestreams/reactive-streams/1.0.4/reactive-streams-1.0.4.pom
Progress (1): 1.1 kB
                    
Downloaded from central: https://repo.maven.apache.org/maven2/org/reactivestreams/reactive-streams/1.0.4/reactive-streams-1.0.4.pom (1.1 kB at 16 kB/s)
Downloading from central: https://repo.maven.apache.org/maven2/io/netty/netty-resolver-dns/4.2.17.Final/netty-resolver-dns-4.2.17.Final.pom
Progress (1): 809 B
Progress (1): 4.1 kB
Progress (1): 4.3 kB
                    
Downloaded from central: https://repo.maven.apache.org/maven2/io/netty/netty-resolver-dns/4.2.17.Final/netty-resolver-dns-4.2.17.Final.pom (4.3 kB at 30 kB/s)
Downloading from central: https://repo.maven.apache.org/maven2/io/netty/netty-codec-dns/4.2.17.Final/netty-codec-dns-4.2.17.Final.pom
Progress (1): 815 B
Progress (1): 3.7 kB
Progress (1): 3.8 kB
                    
Downloaded from central: https://repo.maven.apache.org/maven2/io/netty/netty-codec-dns/4.2.17.Final/netty-codec-dns-4.2.17.Final.pom (3.8 kB at 44 kB/s)
Downloading from central: https://repo.maven.apache.org/maven2/org/springframework/data/spring-data-redis/4.1.1/spring-data-redis-4.1.1.pom
Progress (1): 1.0 kB
Progress (1): 3.9 kB
Progress (1): 8.0 kB
Progress (1): 11 kB 
Progress (1): 12 kB
                   
Downloaded from central: https://repo.maven.apache.org/maven2/org/springframework/data/spring-data-redis/4.1.1/spring-data-redis-4.1.1.pom (12 kB at 156 kB/s)
Downloading from central: https://repo.maven.apache.org/maven2/io/netty/netty-bom/4.2.10.Final/netty-bom-4.2.10.Final.pom
Progress (1): 776 B
Progress (1): 2.4 kB
Progress (1): 8.2 kB
Progress (1): 19 kB 
                   
Downloaded from central: https://repo.maven.apache.org/maven2/io/netty/netty-bom/4.2.10.Final/netty-bom-4.2.10.Final.pom (19 kB at 229 kB/s)
Downloading from central: https://repo.maven.apache.org/maven2/org/springframework/data/spring-data-keyvalue/4.1.1/spring-data-keyvalue-4.1.1.pom
Progress (1): 1.6 kB
Progress (1): 2.8 kB
                    
Downloaded from central: https://repo.maven.apache.org/maven2/org/springframework/data/spring-data-keyvalue/4.1.1/spring-data-keyvalue-4.1.1.pom (2.8 kB at 39 kB/s)
Downloading from central: https://repo.maven.apache.org/maven2/org/springframework/spring-oxm/7.0.9/spring-oxm-7.0.9.pom
Progress (1): 1.0 kB
Progress (1): 2.4 kB
                    
Downloaded from central: https://repo.maven.apache.org/maven2/org/springframework/spring-oxm/7.0.9/spring-oxm-7.0.9.pom (2.4 kB at 26 kB/s)
Downloading from central: https://repo.maven.apache.org/maven2/org/springframework/boot/spring-boot-netty/4.1.1/spring-boot-netty-4.1.1.pom
Progress (1): 1.0 kB
Progress (1): 2.2 kB
                    
Downloaded from central: https://repo.maven.apache.org/maven2/org/springframework/boot/spring-boot-netty/4.1.1/spring-boot-netty-4.1.1.pom (2.2 kB at 25 kB/s)
Downloading from central: https://repo.maven.apache.org/maven2/org/springframework/spring-messaging/7.0.9/spring-messaging-7.0.9.pom
Progress (1): 1.1 kB
Progress (1): 2.2 kB
                    
Downloaded from central: https://repo.maven.apache.org/maven2/org/springframework/spring-messaging/7.0.9/spring-messaging-7.0.9.pom (2.2 kB at 30 kB/s)
Downloading from central: https://repo.maven.apache.org/maven2/org/springframework/boot/spring-boot-testcontainers/4.1.1/spring-boot-testcontainers-4.1.1.pom
Progress (1): 1.0 kB
Progress (1): 2.3 kB
                    
Downloaded from central: https://repo.maven.apache.org/maven2/org/springframework/boot/spring-boot-testcontainers/4.1.1/spring-boot-testcontainers-4.1.1.pom (2.3 kB at 29 kB/s)
Downloading from central: https://repo.maven.apache.org/maven2/org/testcontainers/testcontainers/2.0.5/testcontainers-2.0.5.pom
Progress (1): 1.3 kB
Progress (1): 2.5 kB
                    
Downloaded from central: https://repo.maven.apache.org/maven2/org/testcontainers/testcontainers/2.0.5/testcontainers-2.0.5.pom (2.5 kB at 32 kB/s)
Downloading from central: https://repo.maven.apache.org/maven2/org/rnorth/duct-tape/duct-tape/1.0.8/duct-tape-1.0.8.pom
Progress (1): 1.0 kB
Progress (1): 4.6 kB
Progress (1): 6.2 kB
                    
Downloaded from central: https://repo.maven.apache.org/maven2/org/rnorth/duct-tape/duct-tape/1.0.8/duct-tape-1.0.8.pom (6.2 kB at 59 kB/s)
Downloading from central: https://repo.maven.apache.org/maven2/org/jetbrains/annotations/17.0.0/annotations-17.0.0.pom
Progress (1): 1.3 kB
Progress (1): 1.4 kB
                    
Downloaded from central: https://repo.maven.apache.org/maven2/org/jetbrains/annotations/17.0.0/annotations-17.0.0.pom (1.4 kB at 18 kB/s)
Downloading from central: https://repo.maven.apache.org/maven2/com/github/docker-java/docker-java-api/3.7.1/docker-java-api-3.7.1.pom
Progress (1): 1.3 kB
Progress (1): 3.1 kB
                    
Downloaded from central: https://repo.maven.apache.org/maven2/com/github/docker-java/docker-java-api/3.7.1/docker-java-api-3.7.1.pom (3.1 kB at 40 kB/s)
Downloading from central: https://repo.maven.apache.org/maven2/com/github/docker-java/docker-java-parent/3.7.1/docker-java-parent-3.7.1.pom
Progress (1): 1.1 kB
Progress (1): 2.7 kB
Progress (1): 5.7 kB
Progress (1): 8.9 kB
Progress (1): 12 kB 
Progress (1): 12 kB
                   
Downloaded from central: https://repo.maven.apache.org/maven2/com/github/docker-java/docker-java-parent/3.7.1/docker-java-parent-3.7.1.pom (12 kB at 120 kB/s)
Downloading from central: https://repo.maven.apache.org/maven2/com/github/docker-java/docker-java-transport-zerodep/3.7.1/docker-java-transport-zerodep-3.7.1.pom
Progress (1): 1.4 kB
Progress (1): 4.1 kB
                    
Downloaded from central: https://repo.maven.apache.org/maven2/com/github/docker-java/docker-java-transport-zerodep/3.7.1/docker-java-transport-zerodep-3.7.1.pom (4.1 kB at 35 kB/s)
Downloading from central: https://repo.maven.apache.org/maven2/com/github/docker-java/docker-java-transport/3.7.1/docker-java-transport-3.7.1.pom
Progress (1): 1.4 kB
Progress (1): 1.6 kB
                    
Downloaded from central: https://repo.maven.apache.org/maven2/com/github/docker-java/docker-java-transport/3.7.1/docker-java-transport-3.7.1.pom (1.6 kB at 17 kB/s)
Downloading from central: https://repo.maven.apache.org/maven2/net/java/dev/jna/jna/5.18.1/jna-5.18.1.pom
Progress (1): 1.4 kB
Progress (1): 2.0 kB
                    
Downloaded from central: https://repo.maven.apache.org/maven2/net/java/dev/jna/jna/5.18.1/jna-5.18.1.pom (2.0 kB at 27 kB/s)
Downloading from central: https://repo.maven.apache.org/maven2/org/testcontainers/testcontainers-junit-jupiter/2.0.5/testcontainers-junit-jupiter-2.0.5.pom
Progress (1): 1.3 kB
Progress (1): 1.6 kB
                    
Downloaded from central: https://repo.maven.apache.org/maven2/org/testcontainers/testcontainers-junit-jupiter/2.0.5/testcontainers-junit-jupiter-2.0.5.pom (1.6 kB at 13 kB/s)
Downloading from central: https://repo.maven.apache.org/maven2/org/springframework/boot/spring-boot-starter-cache/4.1.1/spring-boot-starter-cache-4.1.1.jar
Progress (1): 3.2/4.7 kB
Progress (1): 4.7 kB    
                    
Downloaded from central: https://repo.maven.apache.org/maven2/org/springframework/boot/spring-boot-starter-cache/4.1.1/spring-boot-starter-cache-4.1.1.jar (4.7 kB at 41 kB/s)
Downloading from central: https://repo.maven.apache.org/maven2/org/springframework/boot/spring-boot-cache/4.1.1/spring-boot-cache-4.1.1.jar
Downloading from central: https://repo.maven.apache.org/maven2/org/springframework/spring-context-support/7.0.9/spring-context-support-7.0.9.jar
Downloading from central: https://repo.maven.apache.org/maven2/org/springframework/boot/spring-boot-starter-data-redis/4.1.1/spring-boot-starter-data-redis-4.1.1.jar
Downloading from central: https://repo.maven.apache.org/maven2/org/springframework/boot/spring-boot-data-redis/4.1.1/spring-boot-data-redis-4.1.1.jar
Downloading from central: https://repo.maven.apache.org/maven2/io/lettuce/lettuce-core/7.5.2.RELEASE/lettuce-core-7.5.2.RELEASE.jar
Progress (1): 3.2/4.8 kB
Progress (1): 4.8 kB    
                    
Downloaded from central: https://repo.maven.apache.org/maven2/org/springframework/boot/spring-boot-starter-data-redis/4.1.1/spring-boot-starter-data-redis-4.1.1.jar (4.8 kB at 39 kB/s)
Downloading from central: https://repo.maven.apache.org/maven2/redis/clients/authentication/redis-authx-core/0.1.1-beta2/redis-authx-core-0.1.1-beta2.jar
Progress (1): 7.7/18 kB
Progress (1): 16/18 kB 
Progress (1): 18 kB   
                   
Downloaded from central: https://repo.maven.apache.org/maven2/redis/clients/authentication/redis-authx-core/0.1.1-beta2/redis-authx-core-0.1.1-beta2.jar (18 kB at 93 kB/s)
Downloading from central: https://repo.maven.apache.org/maven2/io/netty/netty-common/4.2.17.Final/netty-common-4.2.17.Final.jar
Progress (1): 0/2.6 MB
Progress (1): 0/2.6 MB
Progress (1): 0/2.6 MB
Progress (1): 0/2.6 MB
Progress (1): 0/2.6 MB
Progress (1): 0/2.6 MB
Progress (1): 0/2.6 MB
Progress (1): 0/2.6 MB
Progress (1): 0/2.6 MB
Progress (1): 0/2.6 MB
Progress (1): 0/2.6 MB
Progress (1): 0/2.6 MB
Progress (1): 0/2.6 MB
Progress (1): 0/2.6 MB
Progress (1): 0/2.6 MB
Progress (1): 0/2.6 MB
Progress (1): 0/2.6 MB
Progress (1): 0/2.6 MB
Progress (2): 0/2.6 MB | 0.9/178 kB
Progress (2): 0/2.6 MB | 2.3/178 kB
Progress (2): 0/2.6 MB | 3.6/178 kB
Progress (2): 0/2.6 MB | 5.0/178 kB
Progress (2): 0/2.6 MB | 6.4/178 kB
Progress (2): 0/2.6 MB | 7.7/178 kB
Progress (2): 0/2.6 MB | 9.1/178 kB
Progress (2): 0/2.6 MB | 10/178 kB 
Progress (2): 0/2.6 MB | 12/178 kB
Progress (2): 0/2.6 MB | 13/178 kB
Progress (2): 0/2.6 MB | 15/178 kB
Progress (2): 0/2.6 MB | 16/178 kB
Progress (2): 0/2.6 MB | 16/178 kB
Progress (2): 0/2.6 MB | 16/178 kB
Progress (2): 0/2.6 MB | 16/178 kB
Progress (2): 0/2.6 MB | 16/178 kB
Progress (2): 0/2.6 MB | 16/178 kB
Progress (2): 0/2.6 MB | 16/178 kB
Progress (2): 0/2.6 MB | 16/178 kB
Progress (2): 0/2.6 MB | 16/178 kB
Progress (2): 0/2.6 MB | 16/178 kB
Progress (2): 0/2.6 MB | 16/178 kB
Progress (2): 0/2.6 MB | 16/178 kB
Progress (2): 0/2.6 MB | 16/178 kB
Progress (2): 0/2.6 MB | 16/178 kB
Progress (2): 0/2.6 MB | 16/178 kB
Progress (2): 0/2.6 MB | 17/178 kB
Progress (2): 0/2.6 MB | 19/178 kB
Progress (2): 0/2.6 MB | 20/178 kB
Progress (2): 0/2.6 MB | 21/178 kB
Progress (2): 0/2.6 MB | 23/178 kB
Progress (2): 0/2.6 MB | 24/178 kB
Progress (2): 0/2.6 MB | 26/178 kB
Progress (3): 0/2.6 MB | 26/178 kB | 0.9/90 kB
Progress (3): 0/2.6 MB | 26/178 kB | 2.3/90 kB
Progress (3): 0/2.6 MB | 26/178 kB | 3.6/90 kB
Progress (3): 0/2.6 MB | 26/178 kB | 3.6/90 kB
Progress (3): 0/2.6 MB | 26/178 kB | 5.0/90 kB
Progress (3): 0/2.6 MB | 26/178 kB | 5.0/90 kB
Progress (3): 0/2.6 MB | 26/178 kB | 5.0/90 kB
Progress (3): 0/2.6 MB | 26/178 kB | 5.0/90 kB
Progress (3): 0.1/2.6 MB | 26/178 kB | 5.0/90 kB
Progress (3): 0.1/2.6 MB | 26/178 kB | 5.0/90 kB
Progress (3): 0.1/2.6 MB | 26/178 kB | 5.0/90 kB
Progress (3): 0.1/2.6 MB | 26/178 kB | 5.0/90 kB
Progress (3): 0.1/2.6 MB | 26/178 kB | 5.0/90 kB
Progress (3): 0.1/2.6 MB | 26/178 kB | 5.0/90 kB
Progress (4): 0.1/2.6 MB | 26/178 kB | 5.0/90 kB | 0.9/82 kB
Progress (4): 0.1/2.6 MB | 26/178 kB | 5.0/90 kB | 2.3/82 kB
Progress (4): 0.1/2.6 MB | 26/178 kB | 5.0/90 kB | 3.6/82 kB
Progress (4): 0.1/2.6 MB | 26/178 kB | 5.0/90 kB | 5.0/82 kB
Progress (4): 0.1/2.6 MB | 26/178 kB | 5.0/90 kB | 6.4/82 kB
Progress (4): 0.1/2.6 MB | 27/178 kB | 5.0/90 kB | 6.4/82 kB
Progress (4): 0.1/2.6 MB | 28/178 kB | 5.0/90 kB | 6.4/82 kB
Progress (4): 0.1/2.6 MB | 30/178 kB | 5.0/90 kB | 6.4/82 kB
Progress (4): 0.1/2.6 MB | 31/178 kB | 5.0/90 kB | 6.4/82 kB
Progress (4): 0.1/2.6 MB | 32/178 kB | 5.0/90 kB | 6.4/82 kB
Progress (4): 0.1/2.6 MB | 34/178 kB | 5.0/90 kB | 6.4/82 kB
Progress (4): 0.1/2.6 MB | 35/178 kB | 5.0/90 kB | 6.4/82 kB
Progress (4): 0.1/2.6 MB | 36/178 kB | 5.0/90 kB | 6.4/82 kB
Progress (4): 0.1/2.6 MB | 38/178 kB | 5.0/90 kB | 6.4/82 kB
Progress (4): 0.1/2.6 MB | 39/178 kB | 5.0/90 kB | 6.4/82 kB
Progress (4): 0.1/2.6 MB | 39/178 kB | 6.4/90 kB | 6.4/82 kB
Progress (4): 0.1/2.6 MB | 39/178 kB | 7.7/90 kB | 6.4/82 kB
Progress (4): 0.1/2.6 MB | 39/178 kB | 9.1/90 kB | 6.4/82 kB
Progress (4): 0.1/2.6 MB | 39/178 kB | 10/90 kB | 6.4/82 kB 
Progress (4): 0.1/2.6 MB | 39/178 kB | 10/90 kB | 7.7/82 kB
Progress (4): 0.1/2.6 MB | 39/178 kB | 12/90 kB | 7.7/82 kB
Progress (4): 0.1/2.6 MB | 39/178 kB | 12/90 kB | 9.1/82 kB
Progress (4): 0.1/2.6 MB | 39/178 kB | 13/90 kB | 9.1/82 kB
Progress (4): 0.1/2.6 MB | 39/178 kB | 13/90 kB | 10/82 kB 
Progress (4): 0.1/2.6 MB | 39/178 kB | 15/90 kB | 10/82 kB
Progress (4): 0.1/2.6 MB | 39/178 kB | 15/90 kB | 12/82 kB
Progress (4): 0.1/2.6 MB | 39/178 kB | 16/90 kB | 12/82 kB
Progress (4): 0.1/2.6 MB | 39/178 kB | 16/90 kB | 13/82 kB
Progress (4): 0.1/2.6 MB | 39/178 kB | 17/90 kB | 13/82 kB
Progress (4): 0.1/2.6 MB | 39/178 kB | 17/90 kB | 15/82 kB
Progress (4): 0.1/2.6 MB | 39/178 kB | 17/90 kB | 16/82 kB
Progress (4): 0.1/2.6 MB | 39/178 kB | 17/90 kB | 16/82 kB
Progress (4): 0.1/2.6 MB | 39/178 kB | 17/90 kB | 16/82 kB
Progress (4): 0.1/2.6 MB | 39/178 kB | 17/90 kB | 16/82 kB
Progress (4): 0.1/2.6 MB | 39/178 kB | 17/90 kB | 16/82 kB
Progress (4): 0.1/2.6 MB | 39/178 kB | 17/90 kB | 16/82 kB
Progress (4): 0.1/2.6 MB | 41/178 kB | 17/90 kB | 16/82 kB
Progress (4): 0.1/2.6 MB | 42/178 kB | 17/90 kB | 16/82 kB
Progress (4): 0.1/2.6 MB | 43/178 kB | 17/90 kB | 16/82 kB
Progress (4): 0.1/2.6 MB | 45/178 kB | 17/90 kB | 16/82 kB
Progress (5): 0.1/2.6 MB | 45/178 kB | 17/90 kB | 16/82 kB | 7.7/821 kB
Progress (5): 0.1/2.6 MB | 46/178 kB | 17/90 kB | 16/82 kB | 7.7/821 kB
Progress (5): 0.1/2.6 MB | 47/178 kB | 17/90 kB | 16/82 kB | 7.7/821 kB
Progress (5): 0.1/2.6 MB | 49/178 kB | 17/90 kB | 16/82 kB | 7.7/821 kB
Progress (5): 0.1/2.6 MB | 50/178 kB | 17/90 kB | 16/82 kB | 7.7/821 kB
Progress (5): 0.1/2.6 MB | 50/178 kB | 17/90 kB | 16/82 kB | 16/821 kB 
Progress (5): 0.1/2.6 MB | 50/178 kB | 17/90 kB | 16/82 kB | 24/821 kB
Progress (5): 0.1/2.6 MB | 50/178 kB | 19/90 kB | 16/82 kB | 24/821 kB
Progress (5): 0.1/2.6 MB | 50/178 kB | 19/90 kB | 17/82 kB | 24/821 kB
Progress (5): 0.1/2.6 MB | 50/178 kB | 20/90 kB | 17/82 kB | 24/821 kB
Progress (5): 0.1/2.6 MB | 50/178 kB | 20/90 kB | 19/82 kB | 24/821 kB
Progress (5): 0.1/2.6 MB | 50/178 kB | 21/90 kB | 19/82 kB | 24/821 kB
Progress (5): 0.1/2.6 MB | 50/178 kB | 21/90 kB | 20/82 kB | 24/821 kB
Progress (5): 0.1/2.6 MB | 50/178 kB | 23/90 kB | 20/82 kB | 24/821 kB
Progress (5): 0.1/2.6 MB | 50/178 kB | 23/90 kB | 21/82 kB | 24/821 kB
Progress (5): 0.1/2.6 MB | 50/178 kB | 24/90 kB | 21/82 kB | 24/821 kB
Progress (5): 0.1/2.6 MB | 50/178 kB | 24/90 kB | 23/82 kB | 24/821 kB
Progress (5): 0.1/2.6 MB | 50/178 kB | 26/90 kB | 23/82 kB | 24/821 kB
Progress (5): 0.1/2.6 MB | 50/178 kB | 26/90 kB | 24/82 kB | 24/821 kB
Progress (5): 0.1/2.6 MB | 50/178 kB | 27/90 kB | 24/82 kB | 24/821 kB
Progress (5): 0.1/2.6 MB | 50/178 kB | 27/90 kB | 26/82 kB | 24/821 kB
Progress (5): 0.1/2.6 MB | 50/178 kB | 28/90 kB | 26/82 kB | 24/821 kB
Progress (5): 0.1/2.6 MB | 50/178 kB | 28/90 kB | 27/82 kB | 24/821 kB
Progress (5): 0.1/2.6 MB | 50/178 kB | 30/90 kB | 27/82 kB | 24/821 kB
Progress (5): 0.1/2.6 MB | 50/178 kB | 30/90 kB | 28/82 kB | 24/821 kB
Progress (5): 0.1/2.6 MB | 50/178 kB | 31/90 kB | 28/82 kB | 24/821 kB
Progress (5): 0.1/2.6 MB | 50/178 kB | 31/90 kB | 30/82 kB | 24/821 kB
Progress (5): 0.1/2.6 MB | 50/178 kB | 32/90 kB | 30/82 kB | 24/821 kB
Progress (5): 0.1/2.6 MB | 50/178 kB | 32/90 kB | 31/82 kB | 24/821 kB
Progress (5): 0.1/2.6 MB | 50/178 kB | 34/90 kB | 31/82 kB | 24/821 kB
Progress (5): 0.1/2.6 MB | 50/178 kB | 34/90 kB | 32/82 kB | 24/821 kB
Progress (5): 0.1/2.6 MB | 50/178 kB | 35/90 kB | 32/82 kB | 24/821 kB
Progress (5): 0.1/2.6 MB | 50/178 kB | 36/90 kB | 32/82 kB | 24/821 kB
Progress (5): 0.1/2.6 MB | 50/178 kB | 36/90 kB | 32/82 kB | 24/821 kB
Progress (5): 0.1/2.6 MB | 50/178 kB | 36/90 kB | 32/82 kB | 24/821 kB
Progress (5): 0.1/2.6 MB | 50/178 kB | 36/90 kB | 32/82 kB | 24/821 kB
Progress (5): 0.1/2.6 MB | 50/178 kB | 36/90 kB | 32/82 kB | 24/821 kB
Progress (5): 0.1/2.6 MB | 50/178 kB | 36/90 kB | 32/82 kB | 24/821 kB
Progress (5): 0.1/2.6 MB | 52/178 kB | 36/90 kB | 32/82 kB | 24/821 kB
Progress (5): 0.1/2.6 MB | 52/178 kB | 36/90 kB | 32/82 kB | 24/821 kB
Progress (5): 0.1/2.6 MB | 53/178 kB | 36/90 kB | 32/82 kB | 24/821 kB
Progress (5): 0.1/2.6 MB | 54/178 kB | 36/90 kB | 32/82 kB | 24/821 kB
Progress (5): 0.1/2.6 MB | 56/178 kB | 36/90 kB | 32/82 kB | 24/821 kB
Progress (5): 0.1/2.6 MB | 60/178 kB | 36/90 kB | 32/82 kB | 24/821 kB
Progress (5): 0.1/2.6 MB | 60/178 kB | 38/90 kB | 32/82 kB | 24/821 kB
Progress (5): 0.1/2.6 MB | 60/178 kB | 38/90 kB | 34/82 kB | 24/821 kB
Progress (5): 0.1/2.6 MB | 60/178 kB | 38/90 kB | 34/82 kB | 40/821 kB
Progress (5): 0.1/2.6 MB | 60/178 kB | 39/90 kB | 34/82 kB | 40/821 kB
Progress (5): 0.1/2.6 MB | 60/178 kB | 39/90 kB | 35/82 kB | 40/821 kB
Progress (5): 0.1/2.6 MB | 60/178 kB | 41/90 kB | 35/82 kB | 40/821 kB
Progress (5): 0.1/2.6 MB | 60/178 kB | 41/90 kB | 36/82 kB | 40/821 kB
Progress (5): 0.1/2.6 MB | 60/178 kB | 41/90 kB | 38/82 kB | 40/821 kB
Progress (5): 0.1/2.6 MB | 60/178 kB | 41/90 kB | 39/82 kB | 40/821 kB
Progress (5): 0.1/2.6 MB | 60/178 kB | 41/90 kB | 41/82 kB | 40/821 kB
Progress (5): 0.1/2.6 MB | 60/178 kB | 41/90 kB | 42/82 kB | 40/821 kB
Progress (5): 0.1/2.6 MB | 60/178 kB | 41/90 kB | 42/82 kB | 40/821 kB
Progress (5): 0.1/2.6 MB | 60/178 kB | 41/90 kB | 42/82 kB | 40/821 kB
Progress (5): 0.1/2.6 MB | 64/178 kB | 41/90 kB | 42/82 kB | 40/821 kB
Progress (5): 0.1/2.6 MB | 64/178 kB | 42/90 kB | 42/82 kB | 40/821 kB
Progress (5): 0.1/2.6 MB | 64/178 kB | 43/90 kB | 42/82 kB | 40/821 kB
Progress (5): 0.1/2.6 MB | 64/178 kB | 43/90 kB | 43/82 kB | 40/821 kB
Progress (5): 0.1/2.6 MB | 64/178 kB | 45/90 kB | 43/82 kB | 40/821 kB
Progress (5): 0.1/2.6 MB | 64/178 kB | 45/90 kB | 43/82 kB | 57/821 kB
Progress (5): 0.1/2.6 MB | 64/178 kB | 45/90 kB | 45/82 kB | 57/821 kB
Progress (5): 0.1/2.6 MB | 64/178 kB | 46/90 kB | 45/82 kB | 57/821 kB
Progress (5): 0.1/2.6 MB | 64/178 kB | 46/90 kB | 45/82 kB | 57/821 kB
Progress (5): 0.1/2.6 MB | 64/178 kB | 47/90 kB | 45/82 kB | 57/821 kB
Progress (5): 0.1/2.6 MB | 68/178 kB | 47/90 kB | 45/82 kB | 57/821 kB
Progress (5): 0.1/2.6 MB | 68/178 kB | 47/90 kB | 45/82 kB | 57/821 kB
Progress (5): 0.1/2.6 MB | 73/178 kB | 47/90 kB | 45/82 kB | 57/821 kB
Progress (5): 0.1/2.6 MB | 73/178 kB | 47/90 kB | 46/82 kB | 57/821 kB
Progress (5): 0.1/2.6 MB | 73/178 kB | 49/90 kB | 46/82 kB | 57/821 kB
Progress (5): 0.1/2.6 MB | 73/178 kB | 49/90 kB | 47/82 kB | 57/821 kB
Progress (5): 0.1/2.6 MB | 73/178 kB | 50/90 kB | 47/82 kB | 57/821 kB
Progress (5): 0.1/2.6 MB | 73/178 kB | 50/90 kB | 49/82 kB | 57/821 kB
Progress (5): 0.1/2.6 MB | 73/178 kB | 52/90 kB | 49/82 kB | 57/821 kB
Progress (5): 0.1/2.6 MB | 73/178 kB | 52/90 kB | 50/82 kB | 57/821 kB
Progress (5): 0.1/2.6 MB | 73/178 kB | 52/90 kB | 52/82 kB | 57/821 kB
Progress (5): 0.1/2.6 MB | 73/178 kB | 52/90 kB | 52/82 kB | 57/821 kB
Progress (5): 0.1/2.6 MB | 73/178 kB | 53/90 kB | 52/82 kB | 57/821 kB
Progress (5): 0.1/2.6 MB | 73/178 kB | 54/90 kB | 52/82 kB | 57/821 kB
Progress (5): 0.1/2.6 MB | 73/178 kB | 56/90 kB | 52/82 kB | 57/821 kB
Progress (5): 0.1/2.6 MB | 77/178 kB | 56/90 kB | 52/82 kB | 57/821 kB
Progress (5): 0.1/2.6 MB | 77/178 kB | 56/90 kB | 53/82 kB | 57/821 kB
Progress (5): 0.1/2.6 MB | 77/178 kB | 60/90 kB | 53/82 kB | 57/821 kB
Progress (5): 0.1/2.6 MB | 77/178 kB | 64/90 kB | 53/82 kB | 57/821 kB
Progress (5): 0.1/2.6 MB | 81/178 kB | 64/90 kB | 53/82 kB | 57/821 kB
Progress (5): 0.1/2.6 MB | 85/178 kB | 64/90 kB | 53/82 kB | 57/821 kB
Progress (5): 0.1/2.6 MB | 85/178 kB | 68/90 kB | 53/82 kB | 57/821 kB
Progress (5): 0.1/2.6 MB | 85/178 kB | 73/90 kB | 53/82 kB | 57/821 kB
Progress (5): 0.1/2.6 MB | 89/178 kB | 73/90 kB | 53/82 kB | 57/821 kB
Progress (5): 0.1/2.6 MB | 89/178 kB | 73/90 kB | 54/82 kB | 57/821 kB
Progress (5): 0.1/2.6 MB | 89/178 kB | 73/90 kB | 56/82 kB | 57/821 kB
Progress (5): 0.1/2.6 MB | 94/178 kB | 73/90 kB | 56/82 kB | 57/821 kB
Progress (5): 0.1/2.6 MB | 94/178 kB | 73/90 kB | 57/82 kB | 57/821 kB
Progress (5): 0.1/2.6 MB | 94/178 kB | 77/90 kB | 57/82 kB | 57/821 kB
Progress (5): 0.1/2.6 MB | 98/178 kB | 77/90 kB | 57/82 kB | 57/821 kB
Progress (5): 0.1/2.6 MB | 98/178 kB | 77/90 kB | 62/82 kB | 57/821 kB
Progress (5): 0.1/2.6 MB | 98/178 kB | 81/90 kB | 62/82 kB | 57/821 kB
Progress (5): 0.1/2.6 MB | 98/178 kB | 81/90 kB | 66/82 kB | 57/821 kB
Progress (5): 0.1/2.6 MB | 98/178 kB | 81/90 kB | 66/82 kB | 57/821 kB
Progress (5): 0.1/2.6 MB | 98/178 kB | 85/90 kB | 66/82 kB | 57/821 kB
Progress (5): 0.1/2.6 MB | 98/178 kB | 85/90 kB | 70/82 kB | 57/821 kB
Progress (5): 0.1/2.6 MB | 98/178 kB | 89/90 kB | 70/82 kB | 57/821 kB
Progress (5): 0.1/2.6 MB | 98/178 kB | 90 kB | 70/82 kB | 57/821 kB   
Progress (5): 0.1/2.6 MB | 98/178 kB | 90 kB | 70/82 kB | 73/821 kB
Progress (5): 0.1/2.6 MB | 98/178 kB | 90 kB | 74/82 kB | 73/821 kB
Progress (5): 0.1/2.6 MB | 98/178 kB | 90 kB | 74/82 kB | 73/821 kB
Progress (5): 0.1/2.6 MB | 102/178 kB | 90 kB | 74/82 kB | 73/821 kB
Progress (5): 0.1/2.6 MB | 102/178 kB | 90 kB | 74/82 kB | 82/821 kB
Progress (5): 0.1/2.6 MB | 106/178 kB | 90 kB | 74/82 kB | 82/821 kB
Progress (5): 0.1/2.6 MB | 106/178 kB | 90 kB | 74/82 kB | 82/821 kB
Progress (5): 0.1/2.6 MB | 106/178 kB | 90 kB | 74/82 kB | 82/821 kB
Progress (5): 0.1/2.6 MB | 106/178 kB | 90 kB | 78/82 kB | 82/821 kB
Progress (5): 0.1/2.6 MB | 106/178 kB | 90 kB | 78/82 kB | 82/821 kB
Progress (5): 0.1/2.6 MB | 106/178 kB | 90 kB | 82 kB | 82/821 kB   
Progress (5): 0.2/2.6 MB | 106/178 kB | 90 kB | 82 kB | 82/821 kB
Progress (5): 0.2/2.6 MB | 111/178 kB | 90 kB | 82 kB | 82/821 kB
Progress (5): 0.2/2.6 MB | 111/178 kB | 90 kB | 82 kB | 98/821 kB
Progress (5): 0.2/2.6 MB | 115/178 kB | 90 kB | 82 kB | 98/821 kB
Progress (5): 0.2/2.6 MB | 119/178 kB | 90 kB | 82 kB | 98/821 kB
Progress (5): 0.2/2.6 MB | 119/178 kB | 90 kB | 82 kB | 98/821 kB
Progress (5): 0.2/2.6 MB | 119/178 kB | 90 kB | 82 kB | 98/821 kB
Progress (5): 0.2/2.6 MB | 119/178 kB | 90 kB | 82 kB | 115/821 kB
Progress (5): 0.2/2.6 MB | 119/178 kB | 90 kB | 82 kB | 115/821 kB
Progress (5): 0.2/2.6 MB | 119/178 kB | 90 kB | 82 kB | 115/821 kB
Progress (5): 0.2/2.6 MB | 123/178 kB | 90 kB | 82 kB | 115/821 kB
Progress (5): 0.2/2.6 MB | 123/178 kB | 90 kB | 82 kB | 115/821 kB
Progress (5): 0.2/2.6 MB | 123/178 kB | 90 kB | 82 kB | 115/821 kB
Progress (5): 0.2/2.6 MB | 128/178 kB | 90 kB | 82 kB | 115/821 kB
Progress (5): 0.2/2.6 MB | 128/178 kB | 90 kB | 82 kB | 115/821 kB
Progress (5): 0.2/2.6 MB | 128/178 kB | 90 kB | 82 kB | 131/821 kB
Progress (5): 0.2/2.6 MB | 131/178 kB | 90 kB | 82 kB | 131/821 kB
Progress (5): 0.2/2.6 MB | 131/178 kB | 90 kB | 82 kB | 147/821 kB
Progress (5): 0.2/2.6 MB | 135/178 kB | 90 kB | 82 kB | 147/821 kB
Progress (5): 0.2/2.6 MB | 139/178 kB | 90 kB | 82 kB | 147/821 kB
Progress (5): 0.2/2.6 MB | 139/178 kB | 90 kB | 82 kB | 164/821 kB
Progress (5): 0.2/2.6 MB | 139/178 kB | 90 kB | 82 kB | 164/821 kB
Progress (5): 0.2/2.6 MB | 139/178 kB | 90 kB | 82 kB | 164/821 kB
Progress (5): 0.2/2.6 MB | 139/178 kB | 90 kB | 82 kB | 164/821 kB
Progress (5): 0.2/2.6 MB | 139/178 kB | 90 kB | 82 kB | 180/821 kB
Progress (5): 0.2/2.6 MB | 139/178 kB | 90 kB | 82 kB | 180/821 kB
Progress (5): 0.2/2.6 MB | 143/178 kB | 90 kB | 82 kB | 180/821 kB
Progress (5): 0.2/2.6 MB | 147/178 kB | 90 kB | 82 kB | 180/821 kB
Progress (5): 0.2/2.6 MB | 147/178 kB | 90 kB | 82 kB | 180/821 kB
Progress (5): 0.2/2.6 MB | 147/178 kB | 90 kB | 82 kB | 197/821 kB
Progress (5): 0.2/2.6 MB | 147/178 kB | 90 kB | 82 kB | 197/821 kB
Progress (5): 0.2/2.6 MB | 147/178 kB | 90 kB | 82 kB | 197/821 kB
Progress (5): 0.2/2.6 MB | 147/178 kB | 90 kB | 82 kB | 213/821 kB
Progress (5): 0.2/2.6 MB | 147/178 kB | 90 kB | 82 kB | 213/821 kB
Progress (5): 0.2/2.6 MB | 147/178 kB | 90 kB | 82 kB | 213/821 kB
Progress (5): 0.2/2.6 MB | 147/178 kB | 90 kB | 82 kB | 213/821 kB
Progress (5): 0.2/2.6 MB | 152/178 kB | 90 kB | 82 kB | 213/821 kB
Progress (5): 0.2/2.6 MB | 156/178 kB | 90 kB | 82 kB | 213/821 kB
Progress (5): 0.2/2.6 MB | 160/178 kB | 90 kB | 82 kB | 213/821 kB
Progress (5): 0.2/2.6 MB | 164/178 kB | 90 kB | 82 kB | 213/821 kB
Progress (5): 0.2/2.6 MB | 164/178 kB | 90 kB | 82 kB | 229/821 kB
Progress (5): 0.2/2.6 MB | 164/178 kB | 90 kB | 82 kB | 246/821 kB
Progress (5): 0.2/2.6 MB | 164/178 kB | 90 kB | 82 kB | 246/821 kB
Progress (5): 0.2/2.6 MB | 164/178 kB | 90 kB | 82 kB | 262/821 kB
Progress (5): 0.3/2.6 MB | 164/178 kB | 90 kB | 82 kB | 262/821 kB
Progress (5): 0.3/2.6 MB | 164/178 kB | 90 kB | 82 kB | 262/821 kB
Progress (5): 0.3/2.6 MB | 169/178 kB | 90 kB | 82 kB | 262/821 kB
Progress (5): 0.3/2.6 MB | 173/178 kB | 90 kB | 82 kB | 262/821 kB
Progress (5): 0.3/2.6 MB | 177/178 kB | 90 kB | 82 kB | 262/821 kB
Progress (5): 0.3/2.6 MB | 177/178 kB | 90 kB | 82 kB | 279/821 kB
Progress (5): 0.3/2.6 MB | 177/178 kB | 90 kB | 82 kB | 295/821 kB
Progress (5): 0.3/2.6 MB | 177/178 kB | 90 kB | 82 kB | 295/821 kB
                                                                  
Downloaded from central: https://repo.maven.apache.org/maven2/org/springframework/boot/spring-boot-cache/4.1.1/spring-boot-cache-4.1.1.jar (82 kB at 170 kB/s)
Progress (4): 0.3/2.6 MB | 177/178 kB | 90 kB | 295/821 kB
Progress (4): 0.3/2.6 MB | 178 kB | 90 kB | 295/821 kB    
Progress (4): 0.3/2.6 MB | 178 kB | 90 kB | 311/821 kB
Progress (4): 0.3/2.6 MB | 178 kB | 90 kB | 328/821 kB
                                                      
Downloading from central: https://repo.maven.apache.org/maven2/io/netty/netty-handler/4.2.17.Final/netty-handler-4.2.17.Final.jar
Progress (4): 0.3/2.6 MB | 178 kB | 90 kB | 344/821 kB
Progress (4): 0.3/2.6 MB | 178 kB | 90 kB | 360/821 kB
Progress (4): 0.3/2.6 MB | 178 kB | 90 kB | 377/821 kB
Progress (4): 0.3/2.6 MB | 178 kB | 90 kB | 393/821 kB
Progress (4): 0.3/2.6 MB | 178 kB | 90 kB | 393/821 kB
Progress (4): 0.3/2.6 MB | 178 kB | 90 kB | 393/821 kB
                                                      
Downloaded from central: https://repo.maven.apache.org/maven2/org/springframework/boot/spring-boot-data-redis/4.1.1/spring-boot-data-redis-4.1.1.jar (90 kB at 187 kB/s)
Downloading from central: https://repo.maven.apache.org/maven2/io/netty/netty-resolver/4.2.17.Final/netty-resolver-4.2.17.Final.jar
Progress (3): 0.3/2.6 MB | 178 kB | 410/821 kB
Progress (3): 0.3/2.6 MB | 178 kB | 426/821 kB
Progress (3): 0.3/2.6 MB | 178 kB | 426/821 kB
Progress (3): 0.4/2.6 MB | 178 kB | 426/821 kB
Progress (3): 0.4/2.6 MB | 178 kB | 442/821 kB
Progress (3): 0.4/2.6 MB | 178 kB | 442/821 kB
Progress (3): 0.4/2.6 MB | 178 kB | 459/821 kB
Progress (3): 0.4/2.6 MB | 178 kB | 475/821 kB
Progress (3): 0.4/2.6 MB | 178 kB | 475/821 kB
Progress (3): 0.4/2.6 MB | 178 kB | 475/821 kB
Progress (3): 0.4/2.6 MB | 178 kB | 492/821 kB
Progress (3): 0.4/2.6 MB | 178 kB | 508/821 kB
Progress (3): 0.4/2.6 MB | 178 kB | 508/821 kB
Progress (3): 0.4/2.6 MB | 178 kB | 508/821 kB
Progress (3): 0.4/2.6 MB | 178 kB | 524/821 kB
Progress (3): 0.4/2.6 MB | 178 kB | 541/821 kB
Progress (3): 0.5/2.6 MB | 178 kB | 541/821 kB
Progress (3): 0.5/2.6 MB | 178 kB | 557/821 kB
Progress (3): 0.5/2.6 MB | 178 kB | 557/821 kB
Progress (3): 0.5/2.6 MB | 178 kB | 573/821 kB
Progress (3): 0.5/2.6 MB | 178 kB | 590/821 kB
Progress (3): 0.5/2.6 MB | 178 kB | 606/821 kB
Progress (3): 0.5/2.6 MB | 178 kB | 623/821 kB
Progress (3): 0.5/2.6 MB | 178 kB | 623/821 kB
Progress (3): 0.5/2.6 MB | 178 kB | 639/821 kB
Progress (3): 0.5/2.6 MB | 178 kB | 639/821 kB
Progress (3): 0.5/2.6 MB | 178 kB | 655/821 kB
Progress (3): 0.5/2.6 MB | 178 kB | 672/821 kB
Progress (3): 0.5/2.6 MB | 178 kB | 672/821 kB
Progress (3): 0.5/2.6 MB | 178 kB | 672/821 kB
Progress (3): 0.6/2.6 MB | 178 kB | 672/821 kB
Progress (3): 0.6/2.6 MB | 178 kB | 672/821 kB
Progress (3): 0.6/2.6 MB | 178 kB | 688/821 kB
Progress (3): 0.6/2.6 MB | 178 kB | 705/821 kB
Progress (3): 0.6/2.6 MB | 178 kB | 721/821 kB
Progress (3): 0.6/2.6 MB | 178 kB | 737/821 kB
Progress (3): 0.6/2.6 MB | 178 kB | 747/821 kB
Progress (3): 0.6/2.6 MB | 178 kB | 747/821 kB
Progress (3): 0.6/2.6 MB | 178 kB | 764/821 kB
Progress (3): 0.6/2.6 MB | 178 kB | 780/821 kB
Progress (3): 0.6/2.6 MB | 178 kB | 780/821 kB
Progress (3): 0.6/2.6 MB | 178 kB | 780/821 kB
Progress (3): 0.6/2.6 MB | 178 kB | 780/821 kB
Progress (3): 0.6/2.6 MB | 178 kB | 796/821 kB
Progress (3): 0.6/2.6 MB | 178 kB | 813/821 kB
Progress (3): 0.6/2.6 MB | 178 kB | 821 kB    
Progress (3): 0.7/2.6 MB | 178 kB | 821 kB
Progress (4): 0.7/2.6 MB | 178 kB | 821 kB | 3.8/589 kB
Progress (4): 0.7/2.6 MB | 178 kB | 821 kB | 3.8/589 kB
Progress (4): 0.7/2.6 MB | 178 kB | 821 kB | 8.0/589 kB
Progress (4): 0.7/2.6 MB | 178 kB | 821 kB | 12/589 kB 
Progress (4): 0.7/2.6 MB | 178 kB | 821 kB | 12/589 kB
Progress (4): 0.7/2.6 MB | 178 kB | 821 kB | 16/589 kB
Progress (4): 0.7/2.6 MB | 178 kB | 821 kB | 21/589 kB
Progress (4): 0.7/2.6 MB | 178 kB | 821 kB | 25/589 kB
Progress (4): 0.7/2.6 MB | 178 kB | 821 kB | 29/589 kB
Progress (4): 0.7/2.6 MB | 178 kB | 821 kB | 33/589 kB
Progress (4): 0.7/2.6 MB | 178 kB | 821 kB | 38/589 kB
                                                      
Downloaded from central: https://repo.maven.apache.org/maven2/org/springframework/spring-context-support/7.0.9/spring-context-support-7.0.9.jar (178 kB at 349 kB/s)
Downloading from central: https://repo.maven.apache.org/maven2/io/netty/netty-buffer/4.2.17.Final/netty-buffer-4.2.17.Final.jar
Progress (3): 0.7/2.6 MB | 821 kB | 42/589 kB
Progress (3): 0.7/2.6 MB | 821 kB | 42/589 kB
Progress (3): 0.7/2.6 MB | 821 kB | 42/589 kB
Progress (3): 0.7/2.6 MB | 821 kB | 42/589 kB
Progress (3): 0.7/2.6 MB | 821 kB | 42/589 kB
Progress (3): 0.8/2.6 MB | 821 kB | 42/589 kB
Progress (3): 0.8/2.6 MB | 821 kB | 58/589 kB
Progress (3): 0.8/2.6 MB | 821 kB | 58/589 kB
Progress (3): 0.8/2.6 MB | 821 kB | 58/589 kB
Progress (3): 0.8/2.6 MB | 821 kB | 75/589 kB
Progress (3): 0.8/2.6 MB | 821 kB | 75/589 kB
Progress (3): 0.8/2.6 MB | 821 kB | 75/589 kB
Progress (3): 0.8/2.6 MB | 821 kB | 91/589 kB
Progress (3): 0.8/2.6 MB | 821 kB | 91/589 kB
Progress (3): 0.8/2.6 MB | 821 kB | 107/589 kB
Progress (3): 0.9/2.6 MB | 821 kB | 107/589 kB
Progress (3): 0.9/2.6 MB | 821 kB | 124/589 kB
Progress (3): 0.9/2.6 MB | 821 kB | 124/589 kB
Progress (3): 0.9/2.6 MB | 821 kB | 130/589 kB
Progress (3): 0.9/2.6 MB | 821 kB | 130/589 kB
Progress (3): 0.9/2.6 MB | 821 kB | 130/589 kB
Progress (3): 0.9/2.6 MB | 821 kB | 147/589 kB
Progress (3): 0.9/2.6 MB | 821 kB | 163/589 kB
Progress (4): 0.9/2.6 MB | 821 kB | 163/589 kB | 3.8/33 kB
Progress (4): 0.9/2.6 MB | 821 kB | 163/589 kB | 8.0/33 kB
Progress (4): 0.9/2.6 MB | 821 kB | 163/589 kB | 12/33 kB 
Progress (4): 0.9/2.6 MB | 821 kB | 179/589 kB | 12/33 kB
Progress (4): 0.9/2.6 MB | 821 kB | 179/589 kB | 16/33 kB
Progress (4): 0.9/2.6 MB | 821 kB | 179/589 kB | 21/33 kB
Progress (4): 0.9/2.6 MB | 821 kB | 179/589 kB | 21/33 kB
Progress (4): 0.9/2.6 MB | 821 kB | 179/589 kB | 21/33 kB
Progress (4): 0.9/2.6 MB | 821 kB | 196/589 kB | 21/33 kB
Progress (4): 0.9/2.6 MB | 821 kB | 196/589 kB | 25/33 kB
Progress (4): 0.9/2.6 MB | 821 kB | 196/589 kB | 29/33 kB
Progress (4): 1.0/2.6 MB | 821 kB | 196/589 kB | 29/33 kB
Progress (4): 1.0/2.6 MB | 821 kB | 196/589 kB | 33 kB   
Progress (4): 1.0/2.6 MB | 821 kB | 196/589 kB | 33 kB
Progress (4): 1.0/2.6 MB | 821 kB | 196/589 kB | 33 kB
Progress (4): 1.0/2.6 MB | 821 kB | 212/589 kB | 33 kB
Progress (4): 1.0/2.6 MB | 821 kB | 212/589 kB | 33 kB
Progress (4): 1.0/2.6 MB | 821 kB | 212/589 kB | 33 kB
Progress (4): 1.0/2.6 MB | 821 kB | 212/589 kB | 33 kB
Progress (4): 1.1/2.6 MB | 821 kB | 212/589 kB | 33 kB
Progress (4): 1.1/2.6 MB | 821 kB | 212/589 kB | 33 kB
Progress (4): 1.1/2.6 MB | 821 kB | 228/589 kB | 33 kB
Progress (4): 1.1/2.6 MB | 821 kB | 228/589 kB | 33 kB
Progress (4): 1.1/2.6 MB | 821 kB | 228/589 kB | 33 kB
Progress (4): 1.1/2.6 MB | 821 kB | 228/589 kB | 33 kB
Progress (4): 1.1/2.6 MB | 821 kB | 245/589 kB | 33 kB
Progress (4): 1.1/2.6 MB | 821 kB | 261/589 kB | 33 kB
Progress (4): 1.1/2.6 MB | 821 kB | 261/589 kB | 33 kB
Progress (4): 1.1/2.6 MB | 821 kB | 261/589 kB | 33 kB
Progress (4): 1.2/2.6 MB | 821 kB | 261/589 kB | 33 kB
Progress (4): 1.2/2.6 MB | 821 kB | 278/589 kB | 33 kB
Progress (4): 1.2/2.6 MB | 821 kB | 294/589 kB | 33 kB
                                                      
Downloaded from central: https://repo.maven.apache.org/maven2/io/netty/netty-common/4.2.17.Final/netty-common-4.2.17.Final.jar (821 kB at 1.6 MB/s)
Downloading from central: https://repo.maven.apache.org/maven2/io/netty/netty-transport-native-unix-common/4.2.17.Final/netty-transport-native-unix-common-4.2.17.Final.jar
Progress (3): 1.2/2.6 MB | 310/589 kB | 33 kB
Progress (3): 1.2/2.6 MB | 310/589 kB | 33 kB
Progress (3): 1.2/2.6 MB | 310/589 kB | 33 kB
Progress (3): 1.2/2.6 MB | 310/589 kB | 33 kB
Progress (3): 1.2/2.6 MB | 310/589 kB | 33 kB
Progress (3): 1.2/2.6 MB | 327/589 kB | 33 kB
Progress (3): 1.2/2.6 MB | 327/589 kB | 33 kB
Progress (3): 1.3/2.6 MB | 327/589 kB | 33 kB
Progress (3): 1.3/2.6 MB | 343/589 kB | 33 kB
Progress (3): 1.3/2.6 MB | 343/589 kB | 33 kB
Progress (3): 1.3/2.6 MB | 360/589 kB | 33 kB
                                             
Downloaded from central: https://repo.maven.apache.org/maven2/io/netty/netty-resolver/4.2.17.Final/netty-resolver-4.2.17.Final.jar (33 kB at 64 kB/s)
Downloading from central: https://repo.maven.apache.org/maven2/io/netty/netty-codec-base/4.2.17.Final/netty-codec-base-4.2.17.Final.jar
Progress (2): 1.3/2.6 MB | 360/589 kB
Progress (2): 1.3/2.6 MB | 376/589 kB
Progress (2): 1.3/2.6 MB | 376/589 kB
Progress (2): 1.3/2.6 MB | 376/589 kB
Progress (2): 1.3/2.6 MB | 392/589 kB
Progress (2): 1.3/2.6 MB | 392/589 kB
Progress (2): 1.3/2.6 MB | 392/589 kB
Progress (2): 1.3/2.6 MB | 409/589 kB
Progress (2): 1.3/2.6 MB | 425/589 kB
Progress (3): 1.3/2.6 MB | 425/589 kB | 16/378 kB
Progress (3): 1.3/2.6 MB | 425/589 kB | 33/378 kB
Progress (3): 1.3/2.6 MB | 441/589 kB | 33/378 kB
Progress (3): 1.3/2.6 MB | 441/589 kB | 49/378 kB
Progress (3): 1.3/2.6 MB | 458/589 kB | 49/378 kB
Progress (3): 1.4/2.6 MB | 458/589 kB | 49/378 kB
Progress (3): 1.4/2.6 MB | 458/589 kB | 49/378 kB
Progress (3): 1.4/2.6 MB | 474/589 kB | 49/378 kB
Progress (3): 1.4/2.6 MB | 491/589 kB | 49/378 kB
Progress (3): 1.4/2.6 MB | 507/589 kB | 49/378 kB
Progress (3): 1.4/2.6 MB | 507/589 kB | 49/378 kB
Progress (3): 1.4/2.6 MB | 507/589 kB | 66/378 kB
Progress (3): 1.4/2.6 MB | 507/589 kB | 82/378 kB
Progress (3): 1.4/2.6 MB | 507/589 kB | 98/378 kB
Progress (3): 1.4/2.6 MB | 523/589 kB | 98/378 kB
Progress (3): 1.4/2.6 MB | 523/589 kB | 115/378 kB
Progress (3): 1.4/2.6 MB | 540/589 kB | 115/378 kB
Progress (3): 1.4/2.6 MB | 556/589 kB | 115/378 kB
Progress (3): 1.4/2.6 MB | 556/589 kB | 115/378 kB
Progress (3): 1.4/2.6 MB | 569/589 kB | 115/378 kB
Progress (3): 1.4/2.6 MB | 569/589 kB | 115/378 kB
Progress (3): 1.4/2.6 MB | 569/589 kB | 131/378 kB
Progress (3): 1.4/2.6 MB | 569/589 kB | 131/378 kB
Progress (3): 1.4/2.6 MB | 569/589 kB | 147/378 kB
Progress (3): 1.5/2.6 MB | 569/589 kB | 147/378 kB
Progress (3): 1.5/2.6 MB | 569/589 kB | 164/378 kB
Progress (3): 1.5/2.6 MB | 569/589 kB | 164/378 kB
Progress (3): 1.5/2.6 MB | 585/589 kB | 164/378 kB
Progress (3): 1.5/2.6 MB | 585/589 kB | 164/378 kB
Progress (3): 1.5/2.6 MB | 589 kB | 164/378 kB    
Progress (3): 1.5/2.6 MB | 589 kB | 164/378 kB
Progress (3): 1.5/2.6 MB | 589 kB | 180/378 kB
Progress (3): 1.5/2.6 MB | 589 kB | 180/378 kB
Progress (3): 1.5/2.6 MB | 589 kB | 197/378 kB
Progress (3): 1.5/2.6 MB | 589 kB | 197/378 kB
Progress (3): 1.5/2.6 MB | 589 kB | 213/378 kB
Progress (3): 1.6/2.6 MB | 589 kB | 213/378 kB
Progress (3): 1.6/2.6 MB | 589 kB | 229/378 kB
Progress (3): 1.6/2.6 MB | 589 kB | 229/378 kB
Progress (3): 1.6/2.6 MB | 589 kB | 246/378 kB
Progress (3): 1.6/2.6 MB | 589 kB | 246/378 kB
Progress (3): 1.6/2.6 MB | 589 kB | 262/378 kB
Progress (3): 1.6/2.6 MB | 589 kB | 262/378 kB
Progress (3): 1.6/2.6 MB | 589 kB | 279/378 kB
Progress (3): 1.6/2.6 MB | 589 kB | 279/378 kB
Progress (3): 1.6/2.6 MB | 589 kB | 279/378 kB
Progress (3): 1.6/2.6 MB | 589 kB | 295/378 kB
Progress (3): 1.6/2.6 MB | 589 kB | 295/378 kB
Progress (3): 1.6/2.6 MB | 589 kB | 311/378 kB
Progress (3): 1.7/2.6 MB | 589 kB | 311/378 kB
Progress (3): 1.7/2.6 MB | 589 kB | 311/378 kB
Progress (3): 1.7/2.6 MB | 589 kB | 311/378 kB
Progress (3): 1.7/2.6 MB | 589 kB | 328/378 kB
Progress (3): 1.7/2.6 MB | 589 kB | 328/378 kB
Progress (3): 1.7/2.6 MB | 589 kB | 339/378 kB
Progress (3): 1.7/2.6 MB | 589 kB | 355/378 kB
Progress (3): 1.7/2.6 MB | 589 kB | 355/378 kB
Progress (3): 1.7/2.6 MB | 589 kB | 355/378 kB
Progress (3): 1.7/2.6 MB | 589 kB | 372/378 kB
Progress (3): 1.8/2.6 MB | 589 kB | 372/378 kB
Progress (3): 1.8/2.6 MB | 589 kB | 372/378 kB
Progress (3): 1.8/2.6 MB | 589 kB | 372/378 kB
Progress (3): 1.8/2.6 MB | 589 kB | 378 kB    
Progress (3): 1.8/2.6 MB | 589 kB | 378 kB
Progress (3): 1.8/2.6 MB | 589 kB | 378 kB
Progress (3): 1.8/2.6 MB | 589 kB | 378 kB
Progress (3): 1.9/2.6 MB | 589 kB | 378 kB
Progress (3): 1.9/2.6 MB | 589 kB | 378 kB
Progress (3): 1.9/2.6 MB | 589 kB | 378 kB
Progress (3): 1.9/2.6 MB | 589 kB | 378 kB
Progress (3): 1.9/2.6 MB | 589 kB | 378 kB
Progress (3): 1.9/2.6 MB | 589 kB | 378 kB
Progress (3): 1.9/2.6 MB | 589 kB | 378 kB
                                          
Downloaded from central: https://repo.maven.apache.org/maven2/io/netty/netty-handler/4.2.17.Final/netty-handler-4.2.17.Final.jar (589 kB at 1.1 MB/s)
Downloading from central: https://repo.maven.apache.org/maven2/io/netty/netty-transport/4.2.17.Final/netty-transport-4.2.17.Final.jar
Progress (2): 2.0/2.6 MB | 378 kB
Progress (2): 2.0/2.6 MB | 378 kB
Progress (2): 2.0/2.6 MB | 378 kB
Progress (2): 2.0/2.6 MB | 378 kB
Progress (2): 2.0/2.6 MB | 378 kB
Progress (2): 2.0/2.6 MB | 378 kB
Progress (2): 2.1/2.6 MB | 378 kB
Progress (2): 2.1/2.6 MB | 378 kB
Progress (2): 2.1/2.6 MB | 378 kB
Progress (2): 2.1/2.6 MB | 378 kB
Progress (2): 2.1/2.6 MB | 378 kB
Progress (2): 2.1/2.6 MB | 378 kB
Progress (2): 2.2/2.6 MB | 378 kB
Progress (2): 2.2/2.6 MB | 378 kB
Progress (2): 2.2/2.6 MB | 378 kB
Progress (2): 2.2/2.6 MB | 378 kB
Progress (2): 2.2/2.6 MB | 378 kB
Progress (3): 2.2/2.6 MB | 378 kB | 3.8/47 kB
                                             
Downloaded from central: https://repo.maven.apache.org/maven2/io/netty/netty-buffer/4.2.17.Final/netty-buffer-4.2.17.Final.jar (378 kB at 661 kB/s)
Downloading from central: https://repo.maven.apache.org/maven2/io/projectreactor/reactor-core/3.8.7/reactor-core-3.8.7.jar
Progress (2): 2.2/2.6 MB | 8.0/47 kB
Progress (2): 2.2/2.6 MB | 12/47 kB 
Progress (2): 2.2/2.6 MB | 16/47 kB
Progress (2): 2.2/2.6 MB | 21/47 kB
Progress (2): 2.2/2.6 MB | 21/47 kB
Progress (2): 2.3/2.6 MB | 21/47 kB
Progress (2): 2.3/2.6 MB | 21/47 kB
Progress (2): 2.3/2.6 MB | 25/47 kB
Progress (2): 2.3/2.6 MB | 25/47 kB
Progress (2): 2.3/2.6 MB | 29/47 kB
Progress (2): 2.3/2.6 MB | 33/47 kB
Progress (2): 2.3/2.6 MB | 38/47 kB
Progress (2): 2.3/2.6 MB | 38/47 kB
Progress (2): 2.3/2.6 MB | 38/47 kB
Progress (2): 2.3/2.6 MB | 38/47 kB
Progress (2): 2.4/2.6 MB | 38/47 kB
Progress (2): 2.4/2.6 MB | 42/47 kB
Progress (2): 2.4/2.6 MB | 46/47 kB
Progress (2): 2.4/2.6 MB | 47 kB   
Progress (2): 2.4/2.6 MB | 47 kB
Progress (2): 2.4/2.6 MB | 47 kB
Progress (2): 2.4/2.6 MB | 47 kB
Progress (2): 2.4/2.6 MB | 47 kB
Progress (2): 2.4/2.6 MB | 47 kB
Progress (2): 2.5/2.6 MB | 47 kB
Progress (2): 2.5/2.6 MB | 47 kB
Progress (2): 2.5/2.6 MB | 47 kB
Progress (3): 2.5/2.6 MB | 47 kB | 3.8/155 kB
Progress (3): 2.5/2.6 MB | 47 kB | 3.8/155 kB
Progress (3): 2.5/2.6 MB | 47 kB | 8.0/155 kB
Progress (3): 2.5/2.6 MB | 47 kB | 12/155 kB 
Progress (3): 2.5/2.6 MB | 47 kB | 16/155 kB
Progress (3): 2.5/2.6 MB | 47 kB | 21/155 kB
Progress (3): 2.5/2.6 MB | 47 kB | 21/155 kB
Progress (3): 2.5/2.6 MB | 47 kB | 25/155 kB
Progress (3): 2.5/2.6 MB | 47 kB | 29/155 kB
Progress (3): 2.5/2.6 MB | 47 kB | 33/155 kB
Progress (3): 2.5/2.6 MB | 47 kB | 38/155 kB
Progress (3): 2.5/2.6 MB | 47 kB | 38/155 kB
Progress (3): 2.5/2.6 MB | 47 kB | 38/155 kB
Progress (3): 2.6/2.6 MB | 47 kB | 38/155 kB
Progress (3): 2.6/2.6 MB | 47 kB | 42/155 kB
Progress (3): 2.6/2.6 MB | 47 kB | 46/155 kB
Progress (3): 2.6/2.6 MB | 47 kB | 46/155 kB
Progress (3): 2.6 MB | 47 kB | 46/155 kB    
Progress (3): 2.6 MB | 47 kB | 50/155 kB
Progress (3): 2.6 MB | 47 kB | 54/155 kB
Progress (3): 2.6 MB | 47 kB | 59/155 kB
Progress (3): 2.6 MB | 47 kB | 63/155 kB
Progress (3): 2.6 MB | 47 kB | 67/155 kB
                                        
Downloaded from central: https://repo.maven.apache.org/maven2/io/netty/netty-transport-native-unix-common/4.2.17.Final/netty-transport-native-unix-common-4.2.17.Final.jar (47 kB at 79 kB/s)
Downloading from central: https://repo.maven.apache.org/maven2/org/reactivestreams/reactive-streams/1.0.4/reactive-streams-1.0.4.jar
Progress (2): 2.6 MB | 71/155 kB
Progress (2): 2.6 MB | 76/155 kB
Progress (2): 2.6 MB | 80/155 kB
Progress (2): 2.6 MB | 84/155 kB
Progress (2): 2.6 MB | 88/155 kB
Progress (2): 2.6 MB | 93/155 kB
Progress (2): 2.6 MB | 97/155 kB
Progress (2): 2.6 MB | 101/155 kB
Progress (2): 2.6 MB | 105/155 kB
Progress (2): 2.6 MB | 109/155 kB
Progress (2): 2.6 MB | 114/155 kB
Progress (2): 2.6 MB | 118/155 kB
Progress (2): 2.6 MB | 122/155 kB
Progress (2): 2.6 MB | 126/155 kB
Progress (3): 2.6 MB | 126/155 kB | 7.7/550 kB
Progress (3): 2.6 MB | 126/155 kB | 16/550 kB 
Progress (3): 2.6 MB | 126/155 kB | 32/550 kB
Progress (3): 2.6 MB | 126/155 kB | 49/550 kB
Progress (3): 2.6 MB | 126/155 kB | 65/550 kB
Progress (3): 2.6 MB | 126/155 kB | 81/550 kB
Progress (3): 2.6 MB | 126/155 kB | 82/550 kB
Progress (3): 2.6 MB | 126/155 kB | 98/550 kB
Progress (3): 2.6 MB | 126/155 kB | 115/550 kB
Progress (3): 2.6 MB | 126/155 kB | 131/550 kB
Progress (3): 2.6 MB | 126/155 kB | 147/550 kB
Progress (3): 2.6 MB | 126/155 kB | 164/550 kB
Progress (3): 2.6 MB | 126/155 kB | 180/550 kB
Progress (3): 2.6 MB | 131/155 kB | 180/550 kB
Progress (3): 2.6 MB | 131/155 kB | 197/550 kB
Progress (3): 2.6 MB | 131/155 kB | 213/550 kB
Progress (3): 2.6 MB | 131/155 kB | 229/550 kB
Progress (3): 2.6 MB | 147/155 kB | 229/550 kB
Progress (3): 2.6 MB | 147/155 kB | 246/550 kB
Progress (3): 2.6 MB | 147/155 kB | 262/550 kB
Progress (3): 2.6 MB | 147/155 kB | 279/550 kB
Progress (3): 2.6 MB | 155 kB | 279/550 kB    
                                          
Downloaded from central: https://repo.maven.apache.org/maven2/io/lettuce/lettuce-core/7.5.2.RELEASE/lettuce-core-7.5.2.RELEASE.jar (2.6 MB at 4.1 MB/s)
Progress (2): 155 kB | 295/550 kB
                                 
Downloading from central: https://repo.maven.apache.org/maven2/io/netty/netty-resolver-dns/4.2.17.Final/netty-resolver-dns-4.2.17.Final.jar
Progress (2): 155 kB | 311/550 kB
Progress (2): 155 kB | 328/550 kB
Progress (2): 155 kB | 344/550 kB
Progress (2): 155 kB | 360/550 kB
Progress (2): 155 kB | 377/550 kB
Progress (2): 155 kB | 393/550 kB
Progress (2): 155 kB | 410/550 kB
Progress (2): 155 kB | 426/550 kB
Progress (3): 155 kB | 426/550 kB | 0/1.9 MB
Progress (3): 155 kB | 442/550 kB | 0/1.9 MB
Progress (3): 155 kB | 442/550 kB | 0/1.9 MB
Progress (3): 155 kB | 459/550 kB | 0/1.9 MB
Progress (3): 155 kB | 459/550 kB | 0/1.9 MB
Progress (3): 155 kB | 459/550 kB | 0/1.9 MB
Progress (3): 155 kB | 475/550 kB | 0/1.9 MB
Progress (3): 155 kB | 475/550 kB | 0.1/1.9 MB
Progress (3): 155 kB | 492/550 kB | 0.1/1.9 MB
Progress (3): 155 kB | 492/550 kB | 0.1/1.9 MB
Progress (3): 155 kB | 508/550 kB | 0.1/1.9 MB
Progress (3): 155 kB | 519/550 kB | 0.1/1.9 MB
Progress (3): 155 kB | 519/550 kB | 0.1/1.9 MB
Progress (3): 155 kB | 519/550 kB | 0.1/1.9 MB
Progress (3): 155 kB | 536/550 kB | 0.1/1.9 MB
Progress (3): 155 kB | 536/550 kB | 0.1/1.9 MB
Progress (3): 155 kB | 536/550 kB | 0.1/1.9 MB
Progress (3): 155 kB | 550 kB | 0.1/1.9 MB    
Progress (3): 155 kB | 550 kB | 0.1/1.9 MB
Progress (3): 155 kB | 550 kB | 0.2/1.9 MB
Progress (3): 155 kB | 550 kB | 0.2/1.9 MB
Progress (4): 155 kB | 550 kB | 0.2/1.9 MB | 7.7/12 kB
Progress (4): 155 kB | 550 kB | 0.2/1.9 MB | 12 kB    
                                                  
Downloaded from central: https://repo.maven.apache.org/maven2/io/netty/netty-codec-base/4.2.17.Final/netty-codec-base-4.2.17.Final.jar (155 kB at 238 kB/s)
Downloading from central: https://repo.maven.apache.org/maven2/io/netty/netty-codec-dns/4.2.17.Final/netty-codec-dns-4.2.17.Final.jar
Progress (3): 550 kB | 0.2/1.9 MB | 12 kB
Progress (3): 550 kB | 0.2/1.9 MB | 12 kB
Progress (3): 550 kB | 0.2/1.9 MB | 12 kB
Progress (3): 550 kB | 0.2/1.9 MB | 12 kB
Progress (3): 550 kB | 0.3/1.9 MB | 12 kB
Progress (3): 550 kB | 0.3/1.9 MB | 12 kB
Progress (3): 550 kB | 0.3/1.9 MB | 12 kB
Progress (3): 550 kB | 0.3/1.9 MB | 12 kB
Progress (3): 550 kB | 0.3/1.9 MB | 12 kB
Progress (3): 550 kB | 0.3/1.9 MB | 12 kB
Progress (3): 550 kB | 0.4/1.9 MB | 12 kB
Progress (3): 550 kB | 0.4/1.9 MB | 12 kB
Progress (3): 550 kB | 0.4/1.9 MB | 12 kB
Progress (3): 550 kB | 0.4/1.9 MB | 12 kB
Progress (3): 550 kB | 0.4/1.9 MB | 12 kB
Progress (3): 550 kB | 0.4/1.9 MB | 12 kB
Progress (3): 550 kB | 0.5/1.9 MB | 12 kB
                                         
Downloaded from central: https://repo.maven.apache.org/maven2/org/reactivestreams/reactive-streams/1.0.4/reactive-streams-1.0.4.jar (12 kB at 17 kB/s)
Downloading from central: https://repo.maven.apache.org/maven2/org/springframework/data/spring-data-redis/4.1.1/spring-data-redis-4.1.1.jar
Progress (2): 550 kB | 0.5/1.9 MB
Progress (2): 550 kB | 0.5/1.9 MB
Progress (2): 550 kB | 0.5/1.9 MB
Progress (2): 550 kB | 0.5/1.9 MB
Progress (2): 550 kB | 0.5/1.9 MB
Progress (2): 550 kB | 0.6/1.9 MB
Progress (2): 550 kB | 0.6/1.9 MB
Progress (2): 550 kB | 0.6/1.9 MB
Progress (2): 550 kB | 0.6/1.9 MB
Progress (2): 550 kB | 0.6/1.9 MB
                                 
Downloaded from central: https://repo.maven.apache.org/maven2/io/netty/netty-transport/4.2.17.Final/netty-transport-4.2.17.Final.jar (550 kB at 809 kB/s)
Downloading from central: https://repo.maven.apache.org/maven2/org/springframework/data/spring-data-keyvalue/4.1.1/spring-data-keyvalue-4.1.1.jar
Progress (1): 0.6/1.9 MB
Progress (1): 0.7/1.9 MB
Progress (1): 0.7/1.9 MB
Progress (1): 0.7/1.9 MB
Progress (1): 0.7/1.9 MB
Progress (1): 0.7/1.9 MB
Progress (1): 0.7/1.9 MB
Progress (1): 0.8/1.9 MB
Progress (1): 0.8/1.9 MB
Progress (1): 0.8/1.9 MB
Progress (1): 0.8/1.9 MB
Progress (1): 0.8/1.9 MB
Progress (1): 0.8/1.9 MB
Progress (1): 0.9/1.9 MB
Progress (1): 0.9/1.9 MB
Progress (1): 0.9/1.9 MB
Progress (1): 0.9/1.9 MB
Progress (1): 0.9/1.9 MB
Progress (1): 0.9/1.9 MB
Progress (1): 1.0/1.9 MB
Progress (1): 1.0/1.9 MB
Progress (2): 1.0/1.9 MB | 7.7/174 kB
Progress (2): 1.0/1.9 MB | 16/174 kB 
Progress (2): 1.0/1.9 MB | 16/174 kB
Progress (2): 1.0/1.9 MB | 24/174 kB
Progress (2): 1.0/1.9 MB | 24/174 kB
Progress (2): 1.0/1.9 MB | 40/174 kB
Progress (2): 1.0/1.9 MB | 40/174 kB
Progress (2): 1.0/1.9 MB | 57/174 kB
Progress (2): 1.0/1.9 MB | 57/174 kB
Progress (2): 1.0/1.9 MB | 57/174 kB
Progress (2): 1.1/1.9 MB | 57/174 kB
Progress (2): 1.1/1.9 MB | 57/174 kB
Progress (2): 1.1/1.9 MB | 73/174 kB
Progress (2): 1.1/1.9 MB | 73/174 kB
Progress (2): 1.1/1.9 MB | 73/174 kB
Progress (2): 1.1/1.9 MB | 73/174 kB
Progress (2): 1.1/1.9 MB | 73/174 kB
Progress (2): 1.1/1.9 MB | 90/174 kB
Progress (2): 1.2/1.9 MB | 90/174 kB
Progress (2): 1.2/1.9 MB | 90/174 kB
Progress (2): 1.2/1.9 MB | 106/174 kB
Progress (2): 1.2/1.9 MB | 106/174 kB
Progress (2): 1.2/1.9 MB | 106/174 kB
Progress (2): 1.2/1.9 MB | 106/174 kB
Progress (2): 1.2/1.9 MB | 122/174 kB
Progress (2): 1.2/1.9 MB | 122/174 kB
Progress (2): 1.2/1.9 MB | 139/174 kB
Progress (2): 1.3/1.9 MB | 139/174 kB
Progress (2): 1.3/1.9 MB | 139/174 kB
Progress (2): 1.3/1.9 MB | 139/174 kB
Progress (2): 1.3/1.9 MB | 139/174 kB
Progress (2): 1.3/1.9 MB | 139/174 kB
Progress (2): 1.3/1.9 MB | 155/174 kB
Progress (2): 1.3/1.9 MB | 155/174 kB
Progress (2): 1.4/1.9 MB | 155/174 kB
Progress (2): 1.4/1.9 MB | 155/174 kB
Progress (2): 1.4/1.9 MB | 172/174 kB
Progress (2): 1.4/1.9 MB | 174 kB    
Progress (2): 1.4/1.9 MB | 174 kB
Progress (2): 1.4/1.9 MB | 174 kB
Progress (2): 1.4/1.9 MB | 174 kB
Progress (2): 1.4/1.9 MB | 174 kB
Progress (2): 1.4/1.9 MB | 174 kB
Progress (3): 1.4/1.9 MB | 174 kB | 0/2.5 MB
Progress (3): 1.4/1.9 MB | 174 kB | 0/2.5 MB
Progress (4): 1.4/1.9 MB | 174 kB | 0/2.5 MB | 7.7/71 kB
Progress (4): 1.4/1.9 MB | 174 kB | 0/2.5 MB | 16/71 kB 
Progress (4): 1.4/1.9 MB | 174 kB | 0/2.5 MB | 16/71 kB
Progress (4): 1.4/1.9 MB | 174 kB | 0/2.5 MB | 32/71 kB
Progress (4): 1.5/1.9 MB | 174 kB | 0/2.5 MB | 32/71 kB
Progress (4): 1.5/1.9 MB | 174 kB | 0/2.5 MB | 32/71 kB
Progress (4): 1.5/1.9 MB | 174 kB | 0/2.5 MB | 49/71 kB
Progress (4): 1.5/1.9 MB | 174 kB | 0/2.5 MB | 57/71 kB
Progress (4): 1.5/1.9 MB | 174 kB | 0/2.5 MB | 57/71 kB
Progress (4): 1.5/1.9 MB | 174 kB | 0/2.5 MB | 71 kB   
Progress (4): 1.5/1.9 MB | 174 kB | 0.1/2.5 MB | 71 kB
Progress (4): 1.5/1.9 MB | 174 kB | 0.1/2.5 MB | 71 kB
Progress (4): 1.5/1.9 MB | 174 kB | 0.1/2.5 MB | 71 kB
Progress (4): 1.5/1.9 MB | 174 kB | 0.1/2.5 MB | 71 kB
Progress (4): 1.5/1.9 MB | 174 kB | 0.1/2.5 MB | 71 kB
Progress (4): 1.5/1.9 MB | 174 kB | 0.1/2.5 MB | 71 kB
Progress (4): 1.5/1.9 MB | 174 kB | 0.1/2.5 MB | 71 kB
Progress (4): 1.5/1.9 MB | 174 kB | 0.1/2.5 MB | 71 kB
Progress (4): 1.5/1.9 MB | 174 kB | 0.1/2.5 MB | 71 kB
Progress (4): 1.5/1.9 MB | 174 kB | 0.1/2.5 MB | 71 kB
Progress (4): 1.5/1.9 MB | 174 kB | 0.1/2.5 MB | 71 kB
Progress (4): 1.6/1.9 MB | 174 kB | 0.1/2.5 MB | 71 kB
Progress (4): 1.6/1.9 MB | 174 kB | 0.2/2.5 MB | 71 kB
Progress (4): 1.6/1.9 MB | 174 kB | 0.2/2.5 MB | 71 kB
Progress (4): 1.6/1.9 MB | 174 kB | 0.2/2.5 MB | 71 kB
Progress (4): 1.6/1.9 MB | 174 kB | 0.2/2.5 MB | 71 kB
Progress (4): 1.6/1.9 MB | 174 kB | 0.2/2.5 MB | 71 kB
Progress (4): 1.6/1.9 MB | 174 kB | 0.2/2.5 MB | 71 kB
Progress (4): 1.6/1.9 MB | 174 kB | 0.2/2.5 MB | 71 kB
Progress (5): 1.6/1.9 MB | 174 kB | 0.2/2.5 MB | 71 kB | 3.8/141 kB
Progress (5): 1.6/1.9 MB | 174 kB | 0.2/2.5 MB | 71 kB | 3.8/141 kB
Progress (5): 1.6/1.9 MB | 174 kB | 0.2/2.5 MB | 71 kB | 8.0/141 kB
Progress (5): 1.6/1.9 MB | 174 kB | 0.2/2.5 MB | 71 kB | 12/141 kB 
Progress (5): 1.6/1.9 MB | 174 kB | 0.2/2.5 MB | 71 kB | 16/141 kB
Progress (5): 1.6/1.9 MB | 174 kB | 0.2/2.5 MB | 71 kB | 16/141 kB
Progress (5): 1.6/1.9 MB | 174 kB | 0.2/2.5 MB | 71 kB | 21/141 kB
Progress (5): 1.6/1.9 MB | 174 kB | 0.2/2.5 MB | 71 kB | 25/141 kB
Progress (5): 1.6/1.9 MB | 174 kB | 0.2/2.5 MB | 71 kB | 28/141 kB
Progress (5): 1.6/1.9 MB | 174 kB | 0.2/2.5 MB | 71 kB | 32/141 kB
Progress (5): 1.6/1.9 MB | 174 kB | 0.2/2.5 MB | 71 kB | 36/141 kB
Progress (5): 1.6/1.9 MB | 174 kB | 0.2/2.5 MB | 71 kB | 40/141 kB
Progress (5): 1.6/1.9 MB | 174 kB | 0.2/2.5 MB | 71 kB | 45/141 kB
Progress (5): 1.6/1.9 MB | 174 kB | 0.2/2.5 MB | 71 kB | 49/141 kB
Progress (5): 1.6/1.9 MB | 174 kB | 0.2/2.5 MB | 71 kB | 53/141 kB
Progress (5): 1.6/1.9 MB | 174 kB | 0.2/2.5 MB | 71 kB | 53/141 kB
Progress (5): 1.7/1.9 MB | 174 kB | 0.2/2.5 MB | 71 kB | 53/141 kB
Progress (5): 1.7/1.9 MB | 174 kB | 0.2/2.5 MB | 71 kB | 53/141 kB
Progress (5): 1.7/1.9 MB | 174 kB | 0.2/2.5 MB | 71 kB | 53/141 kB
Progress (5): 1.7/1.9 MB | 174 kB | 0.2/2.5 MB | 71 kB | 53/141 kB
Progress (5): 1.7/1.9 MB | 174 kB | 0.2/2.5 MB | 71 kB | 53/141 kB
Progress (5): 1.7/1.9 MB | 174 kB | 0.3/2.5 MB | 71 kB | 53/141 kB
Progress (5): 1.7/1.9 MB | 174 kB | 0.3/2.5 MB | 71 kB | 70/141 kB
Progress (5): 1.7/1.9 MB | 174 kB | 0.3/2.5 MB | 71 kB | 70/141 kB
Progress (5): 1.7/1.9 MB | 174 kB | 0.3/2.5 MB | 71 kB | 70/141 kB
Progress (5): 1.7/1.9 MB | 174 kB | 0.3/2.5 MB | 71 kB | 70/141 kB
Progress (5): 1.7/1.9 MB | 174 kB | 0.3/2.5 MB | 71 kB | 86/141 kB
Progress (5): 1.7/1.9 MB | 174 kB | 0.3/2.5 MB | 71 kB | 102/141 kB
Progress (5): 1.7/1.9 MB | 174 kB | 0.3/2.5 MB | 71 kB | 119/141 kB
Progress (5): 1.7/1.9 MB | 174 kB | 0.3/2.5 MB | 71 kB | 119/141 kB
Progress (5): 1.8/1.9 MB | 174 kB | 0.3/2.5 MB | 71 kB | 119/141 kB
Progress (5): 1.8/1.9 MB | 174 kB | 0.3/2.5 MB | 71 kB | 119/141 kB
Progress (5): 1.8/1.9 MB | 174 kB | 0.3/2.5 MB | 71 kB | 119/141 kB
Progress (5): 1.8/1.9 MB | 174 kB | 0.3/2.5 MB | 71 kB | 119/141 kB
Progress (5): 1.8/1.9 MB | 174 kB | 0.3/2.5 MB | 71 kB | 119/141 kB
Progress (5): 1.8/1.9 MB | 174 kB | 0.3/2.5 MB | 71 kB | 119/141 kB
Progress (5): 1.8/1.9 MB | 174 kB | 0.3/2.5 MB | 71 kB | 119/141 kB
Progress (5): 1.8/1.9 MB | 174 kB | 0.3/2.5 MB | 71 kB | 119/141 kB
Progress (5): 1.8/1.9 MB | 174 kB | 0.4/2.5 MB | 71 kB | 119/141 kB
Progress (5): 1.8/1.9 MB | 174 kB | 0.4/2.5 MB | 71 kB | 119/141 kB
Progress (5): 1.8/1.9 MB | 174 kB | 0.4/2.5 MB | 71 kB | 119/141 kB
Progress (5): 1.8/1.9 MB | 174 kB | 0.4/2.5 MB | 71 kB | 119/141 kB
Progress (5): 1.9/1.9 MB | 174 kB | 0.4/2.5 MB | 71 kB | 119/141 kB
Progress (5): 1.9/1.9 MB | 174 kB | 0.4/2.5 MB | 71 kB | 119/141 kB
Progress (5): 1.9/1.9 MB | 174 kB | 0.4/2.5 MB | 71 kB | 119/141 kB
Progress (5): 1.9/1.9 MB | 174 kB | 0.4/2.5 MB | 71 kB | 119/141 kB
Progress (5): 1.9/1.9 MB | 174 kB | 0.5/2.5 MB | 71 kB | 119/141 kB
Progress (5): 1.9/1.9 MB | 174 kB | 0.5/2.5 MB | 71 kB | 119/141 kB
                                                                   
Downloaded from central: https://repo.maven.apache.org/maven2/io/netty/netty-resolver-dns/4.2.17.Final/netty-resolver-dns-4.2.17.Final.jar (174 kB at 217 kB/s)
Downloading from central: https://repo.maven.apache.org/maven2/org/springframework/spring-oxm/7.0.9/spring-oxm-7.0.9.jar
Progress (4): 1.9/1.9 MB | 0.5/2.5 MB | 71 kB | 119/141 kB
Progress (4): 1.9/1.9 MB | 0.5/2.5 MB | 71 kB | 135/141 kB
Progress (4): 1.9/1.9 MB | 0.5/2.5 MB | 71 kB | 141 kB    
Progress (4): 1.9/1.9 MB | 0.5/2.5 MB | 71 kB | 141 kB
Progress (4): 1.9/1.9 MB | 0.5/2.5 MB | 71 kB | 141 kB
Progress (4): 1.9/1.9 MB | 0.5/2.5 MB | 71 kB | 141 kB
Progress (4): 1.9/1.9 MB | 0.5/2.5 MB | 71 kB | 141 kB
Progress (4): 1.9/1.9 MB | 0.5/2.5 MB | 71 kB | 141 kB
Progress (4): 1.9/1.9 MB | 0.6/2.5 MB | 71 kB | 141 kB
Progress (4): 1.9/1.9 MB | 0.6/2.5 MB | 71 kB | 141 kB
Progress (4): 1.9/1.9 MB | 0.6/2.5 MB | 71 kB | 141 kB
Progress (4): 1.9/1.9 MB | 0.6/2.5 MB | 71 kB | 141 kB
Progress (4): 1.9/1.9 MB | 0.6/2.5 MB | 71 kB | 141 kB
Progress (4): 1.9 MB | 0.6/2.5 MB | 71 kB | 141 kB    
Progress (4): 1.9 MB | 0.6/2.5 MB | 71 kB | 141 kB
Progress (4): 1.9 MB | 0.6/2.5 MB | 71 kB | 141 kB
Progress (4): 1.9 MB | 0.6/2.5 MB | 71 kB | 141 kB
                                                  
Downloaded from central: https://repo.maven.apache.org/maven2/io/netty/netty-codec-dns/4.2.17.Final/netty-codec-dns-4.2.17.Final.jar (71 kB at 87 kB/s)
Downloading from central: https://repo.maven.apache.org/maven2/org/springframework/boot/spring-boot-netty/4.1.1/spring-boot-netty-4.1.1.jar
Progress (3): 1.9 MB | 0.7/2.5 MB | 141 kB
Progress (3): 1.9 MB | 0.7/2.5 MB | 141 kB
Progress (3): 1.9 MB | 0.7/2.5 MB | 141 kB
Progress (3): 1.9 MB | 0.7/2.5 MB | 141 kB
Progress (3): 1.9 MB | 0.7/2.5 MB | 141 kB
Progress (3): 1.9 MB | 0.7/2.5 MB | 141 kB
Progress (3): 1.9 MB | 0.8/2.5 MB | 141 kB
                                          
Downloaded from central: https://repo.maven.apache.org/maven2/org/springframework/data/spring-data-keyvalue/4.1.1/spring-data-keyvalue-4.1.1.jar (141 kB at 171 kB/s)
Downloading from central: https://repo.maven.apache.org/maven2/org/springframework/spring-messaging/7.0.9/spring-messaging-7.0.9.jar
Progress (2): 1.9 MB | 0.8/2.5 MB
Progress (2): 1.9 MB | 0.8/2.5 MB
Progress (2): 1.9 MB | 0.8/2.5 MB
Progress (2): 1.9 MB | 0.8/2.5 MB
Progress (2): 1.9 MB | 0.8/2.5 MB
Progress (2): 1.9 MB | 0.9/2.5 MB
Progress (2): 1.9 MB | 0.9/2.5 MB
Progress (2): 1.9 MB | 0.9/2.5 MB
Progress (2): 1.9 MB | 0.9/2.5 MB
Progress (2): 1.9 MB | 0.9/2.5 MB
Progress (2): 1.9 MB | 0.9/2.5 MB
Progress (2): 1.9 MB | 0.9/2.5 MB
Progress (2): 1.9 MB | 1.0/2.5 MB
Progress (2): 1.9 MB | 1.0/2.5 MB
Progress (2): 1.9 MB | 1.0/2.5 MB
Progress (2): 1.9 MB | 1.0/2.5 MB
Progress (2): 1.9 MB | 1.0/2.5 MB
Progress (2): 1.9 MB | 1.0/2.5 MB
Progress (2): 1.9 MB | 1.1/2.5 MB
Progress (2): 1.9 MB | 1.1/2.5 MB
Progress (2): 1.9 MB | 1.1/2.5 MB
Progress (2): 1.9 MB | 1.1/2.5 MB
Progress (2): 1.9 MB | 1.1/2.5 MB
Progress (2): 1.9 MB | 1.1/2.5 MB
Progress (2): 1.9 MB | 1.2/2.5 MB
Progress (2): 1.9 MB | 1.2/2.5 MB
Progress (2): 1.9 MB | 1.2/2.5 MB
Progress (2): 1.9 MB | 1.2/2.5 MB
Progress (2): 1.9 MB | 1.2/2.5 MB
Progress (2): 1.9 MB | 1.2/2.5 MB
Progress (2): 1.9 MB | 1.3/2.5 MB
Progress (2): 1.9 MB | 1.3/2.5 MB
Progress (2): 1.9 MB | 1.3/2.5 MB
Progress (2): 1.9 MB | 1.3/2.5 MB
Progress (2): 1.9 MB | 1.3/2.5 MB
Progress (2): 1.9 MB | 1.3/2.5 MB
Progress (2): 1.9 MB | 1.4/2.5 MB
Progress (2): 1.9 MB | 1.4/2.5 MB
Progress (2): 1.9 MB | 1.4/2.5 MB
Progress (2): 1.9 MB | 1.4/2.5 MB
Progress (2): 1.9 MB | 1.4/2.5 MB
Progress (2): 1.9 MB | 1.4/2.5 MB
Progress (2): 1.9 MB | 1.5/2.5 MB
Progress (2): 1.9 MB | 1.5/2.5 MB
Progress (2): 1.9 MB | 1.5/2.5 MB
Progress (2): 1.9 MB | 1.5/2.5 MB
Progress (2): 1.9 MB | 1.5/2.5 MB
Progress (2): 1.9 MB | 1.5/2.5 MB
Progress (2): 1.9 MB | 1.6/2.5 MB
Progress (2): 1.9 MB | 1.6/2.5 MB
Progress (2): 1.9 MB | 1.6/2.5 MB
Progress (2): 1.9 MB | 1.6/2.5 MB
Progress (2): 1.9 MB | 1.6/2.5 MB
Progress (2): 1.9 MB | 1.6/2.5 MB
Progress (2): 1.9 MB | 1.6/2.5 MB
Progress (2): 1.9 MB | 1.7/2.5 MB
                                 
Downloaded from central: https://repo.maven.apache.org/maven2/io/projectreactor/reactor-core/3.8.7/reactor-core-3.8.7.jar (1.9 MB at 2.3 MB/s)
Downloading from central: https://repo.maven.apache.org/maven2/org/springframework/boot/spring-boot-testcontainers/4.1.1/spring-boot-testcontainers-4.1.1.jar
Progress (1): 1.7/2.5 MB
Progress (1): 1.7/2.5 MB
Progress (1): 1.7/2.5 MB
Progress (1): 1.7/2.5 MB
Progress (1): 1.7/2.5 MB
Progress (1): 1.8/2.5 MB
Progress (1): 1.8/2.5 MB
Progress (1): 1.8/2.5 MB
Progress (1): 1.8/2.5 MB
Progress (1): 1.8/2.5 MB
Progress (1): 1.8/2.5 MB
Progress (1): 1.8/2.5 MB
Progress (1): 1.9/2.5 MB
Progress (1): 1.9/2.5 MB
Progress (1): 1.9/2.5 MB
Progress (1): 1.9/2.5 MB
Progress (1): 1.9/2.5 MB
Progress (1): 1.9/2.5 MB
Progress (1): 2.0/2.5 MB
Progress (1): 2.0/2.5 MB
Progress (1): 2.0/2.5 MB
Progress (1): 2.0/2.5 MB
Progress (1): 2.0/2.5 MB
Progress (1): 2.0/2.5 MB
Progress (1): 2.1/2.5 MB
Progress (1): 2.1/2.5 MB
Progress (1): 2.1/2.5 MB
Progress (1): 2.1/2.5 MB
Progress (1): 2.1/2.5 MB
Progress (1): 2.1/2.5 MB
Progress (1): 2.1/2.5 MB
Progress (1): 2.2/2.5 MB
Progress (1): 2.2/2.5 MB
Progress (1): 2.2/2.5 MB
Progress (1): 2.2/2.5 MB
Progress (1): 2.2/2.5 MB
Progress (1): 2.2/2.5 MB
Progress (1): 2.3/2.5 MB
Progress (1): 2.3/2.5 MB
Progress (1): 2.3/2.5 MB
Progress (1): 2.3/2.5 MB
Progress (1): 2.3/2.5 MB
Progress (1): 2.3/2.5 MB
Progress (1): 2.4/2.5 MB
Progress (1): 2.4/2.5 MB
Progress (1): 2.4/2.5 MB
Progress (1): 2.4/2.5 MB
Progress (2): 2.4/2.5 MB | 7.7/60 kB
Progress (2): 2.4/2.5 MB | 16/60 kB 
Progress (2): 2.4/2.5 MB | 25/60 kB
Progress (2): 2.4/2.5 MB | 25/60 kB
Progress (2): 2.4/2.5 MB | 25/60 kB
Progress (2): 2.4/2.5 MB | 25/60 kB
Progress (2): 2.5 MB | 25/60 kB    
Progress (2): 2.5 MB | 41/60 kB
Progress (2): 2.5 MB | 57/60 kB
Progress (2): 2.5 MB | 60 kB   
Progress (3): 2.5 MB | 60 kB | 3.2/9.8 kB
Progress (3): 2.5 MB | 60 kB | 9.8 kB    
Progress (4): 2.5 MB | 60 kB | 9.8 kB | 7.7/614 kB
Progress (4): 2.5 MB | 60 kB | 9.8 kB | 7.7/614 kB
Progress (4): 2.5 MB | 60 kB | 9.8 kB | 24/614 kB 
Progress (4): 2.5 MB | 60 kB | 9.8 kB | 40/614 kB
Progress (4): 2.5 MB | 60 kB | 9.8 kB | 57/614 kB
Progress (4): 2.5 MB | 60 kB | 9.8 kB | 73/614 kB
Progress (4): 2.5 MB | 60 kB | 9.8 kB | 90/614 kB
Progress (4): 2.5 MB | 60 kB | 9.8 kB | 106/614 kB
Progress (4): 2.5 MB | 60 kB | 9.8 kB | 122/614 kB
Progress (4): 2.5 MB | 60 kB | 9.8 kB | 139/614 kB
Progress (4): 2.5 MB | 60 kB | 9.8 kB | 155/614 kB
Progress (4): 2.5 MB | 60 kB | 9.8 kB | 172/614 kB
Progress (4): 2.5 MB | 60 kB | 9.8 kB | 188/614 kB
Progress (4): 2.5 MB | 60 kB | 9.8 kB | 204/614 kB
Progress (4): 2.5 MB | 60 kB | 9.8 kB | 221/614 kB
Progress (4): 2.5 MB | 60 kB | 9.8 kB | 237/614 kB
Progress (4): 2.5 MB | 60 kB | 9.8 kB | 245/614 kB
Progress (4): 2.5 MB | 60 kB | 9.8 kB | 261/614 kB
Progress (4): 2.5 MB | 60 kB | 9.8 kB | 278/614 kB
Progress (5): 2.5 MB | 60 kB | 9.8 kB | 278/614 kB | 7.7/77 kB
Progress (5): 2.5 MB | 60 kB | 9.8 kB | 278/614 kB | 11/77 kB 
Progress (5): 2.5 MB | 60 kB | 9.8 kB | 278/614 kB | 28/77 kB
Progress (5): 2.5 MB | 60 kB | 9.8 kB | 278/614 kB | 44/77 kB
Progress (5): 2.5 MB | 60 kB | 9.8 kB | 278/614 kB | 61/77 kB
Progress (5): 2.5 MB | 60 kB | 9.8 kB | 294/614 kB | 61/77 kB
Progress (5): 2.5 MB | 60 kB | 9.8 kB | 310/614 kB | 61/77 kB
Progress (5): 2.5 MB | 60 kB | 9.8 kB | 327/614 kB | 61/77 kB
Progress (5): 2.5 MB | 60 kB | 9.8 kB | 343/614 kB | 61/77 kB
Progress (5): 2.5 MB | 60 kB | 9.8 kB | 359/614 kB | 61/77 kB
Progress (5): 2.5 MB | 60 kB | 9.8 kB | 376/614 kB | 61/77 kB
Progress (5): 2.5 MB | 60 kB | 9.8 kB | 376/614 kB | 77/77 kB
Progress (5): 2.5 MB | 60 kB | 9.8 kB | 376/614 kB | 77 kB   
Progress (5): 2.5 MB | 60 kB | 9.8 kB | 392/614 kB | 77 kB
Progress (5): 2.5 MB | 60 kB | 9.8 kB | 409/614 kB | 77 kB
Progress (5): 2.5 MB | 60 kB | 9.8 kB | 425/614 kB | 77 kB
Progress (5): 2.5 MB | 60 kB | 9.8 kB | 441/614 kB | 77 kB
Progress (5): 2.5 MB | 60 kB | 9.8 kB | 458/614 kB | 77 kB
Progress (5): 2.5 MB | 60 kB | 9.8 kB | 474/614 kB | 77 kB
Progress (5): 2.5 MB | 60 kB | 9.8 kB | 491/614 kB | 77 kB
Progress (5): 2.5 MB | 60 kB | 9.8 kB | 507/614 kB | 77 kB
Progress (5): 2.5 MB | 60 kB | 9.8 kB | 523/614 kB | 77 kB
Progress (5): 2.5 MB | 60 kB | 9.8 kB | 540/614 kB | 77 kB
Progress (5): 2.5 MB | 60 kB | 9.8 kB | 556/614 kB | 77 kB
Progress (5): 2.5 MB | 60 kB | 9.8 kB | 572/614 kB | 77 kB
Progress (5): 2.5 MB | 60 kB | 9.8 kB | 589/614 kB | 77 kB
Progress (5): 2.5 MB | 60 kB | 9.8 kB | 605/614 kB | 77 kB
Progress (5): 2.5 MB | 60 kB | 9.8 kB | 614 kB | 77 kB    
                                                      
Downloaded from central: https://repo.maven.apache.org/maven2/org/springframework/spring-oxm/7.0.9/spring-oxm-7.0.9.jar (60 kB at 57 kB/s)
Downloading from central: https://repo.maven.apache.org/maven2/org/testcontainers/testcontainers/2.0.5/testcontainers-2.0.5.jar
Downloaded from central: https://repo.maven.apache.org/maven2/org/springframework/boot/spring-boot-netty/4.1.1/spring-boot-netty-4.1.1.jar (9.8 kB at 9.2 kB/s)
Downloading from central: https://repo.maven.apache.org/maven2/org/apache/commons/commons-compress/1.28.0/commons-compress-1.28.0.jar
Downloaded from central: https://repo.maven.apache.org/maven2/org/springframework/data/spring-data-redis/4.1.1/spring-data-redis-4.1.1.jar (2.5 MB at 2.3 MB/s)
Downloading from central: https://repo.maven.apache.org/maven2/commons-io/commons-io/2.20.0/commons-io-2.20.0.jar
Downloaded from central: https://repo.maven.apache.org/maven2/org/springframework/boot/spring-boot-testcontainers/4.1.1/spring-boot-testcontainers-4.1.1.jar (77 kB at 72 kB/s)
Downloading from central: https://repo.maven.apache.org/maven2/org/rnorth/duct-tape/duct-tape/1.0.8/duct-tape-1.0.8.jar
Downloaded from central: https://repo.maven.apache.org/maven2/org/springframework/spring-messaging/7.0.9/spring-messaging-7.0.9.jar (614 kB at 561 kB/s)
Downloading from central: https://repo.maven.apache.org/maven2/org/jetbrains/annotations/17.0.0/annotations-17.0.0.jar
Progress (1): 0/18 MB
Progress (1): 0/18 MB
Progress (1): 0/18 MB
Progress (1): 0/18 MB
Progress (1): 0.1/18 MB
Progress (1): 0.1/18 MB
Progress (1): 0.1/18 MB
Progress (1): 0.1/18 MB
Progress (1): 0.1/18 MB
Progress (1): 0.1/18 MB
Progress (1): 0.2/18 MB
Progress (1): 0.2/18 MB
Progress (1): 0.2/18 MB
Progress (1): 0.2/18 MB
Progress (1): 0.2/18 MB
Progress (1): 0.2/18 MB
Progress (1): 0.3/18 MB
Progress (1): 0.3/18 MB
Progress (1): 0.3/18 MB
Progress (1): 0.3/18 MB
Progress (1): 0.3/18 MB
Progress (1): 0.3/18 MB
Progress (1): 0.4/18 MB
Progress (1): 0.4/18 MB
Progress (1): 0.4/18 MB
Progress (1): 0.4/18 MB
Progress (1): 0.4/18 MB
Progress (1): 0.4/18 MB
Progress (1): 0.5/18 MB
Progress (1): 0.5/18 MB
Progress (1): 0.5/18 MB
Progress (1): 0.5/18 MB
Progress (1): 0.5/18 MB
Progress (1): 0.5/18 MB
Progress (1): 0.6/18 MB
Progress (1): 0.6/18 MB
Progress (1): 0.6/18 MB
Progress (1): 0.6/18 MB
Progress (1): 0.6/18 MB
Progress (1): 0.6/18 MB
Progress (1): 0.6/18 MB
Progress (1): 0.7/18 MB
Progress (1): 0.7/18 MB
Progress (1): 0.7/18 MB
Progress (2): 0.7/18 MB | 7.7/564 kB
Progress (2): 0.7/18 MB | 15/564 kB 
Progress (2): 0.7/18 MB | 32/564 kB
Progress (2): 0.7/18 MB | 48/564 kB
Progress (2): 0.7/18 MB | 65/564 kB
Progress (2): 0.7/18 MB | 65/564 kB
Progress (2): 0.7/18 MB | 65/564 kB
Progress (2): 0.7/18 MB | 65/564 kB
Progress (2): 0.7/18 MB | 81/564 kB
Progress (2): 0.7/18 MB | 97/564 kB
Progress (2): 0.7/18 MB | 114/564 kB
Progress (2): 0.7/18 MB | 130/564 kB
Progress (2): 0.8/18 MB | 130/564 kB
Progress (2): 0.8/18 MB | 130/564 kB
Progress (2): 0.8/18 MB | 147/564 kB
Progress (2): 0.8/18 MB | 147/564 kB
Progress (2): 0.8/18 MB | 163/564 kB
Progress (2): 0.8/18 MB | 163/564 kB
Progress (2): 0.8/18 MB | 179/564 kB
Progress (2): 0.8/18 MB | 179/564 kB
Progress (2): 0.8/18 MB | 179/564 kB
Progress (2): 0.9/18 MB | 179/564 kB
Progress (2): 0.9/18 MB | 196/564 kB
Progress (2): 0.9/18 MB | 212/564 kB
Progress (2): 0.9/18 MB | 213/564 kB
Progress (2): 0.9/18 MB | 213/564 kB
Progress (2): 0.9/18 MB | 213/564 kB
Progress (2): 0.9/18 MB | 213/564 kB
Progress (2): 0.9/18 MB | 213/564 kB
Progress (2): 0.9/18 MB | 213/564 kB
Progress (2): 1.0/18 MB | 213/564 kB
Progress (2): 1.0/18 MB | 229/564 kB
Progress (2): 1.0/18 MB | 229/564 kB
Progress (2): 1.0/18 MB | 246/564 kB
Progress (2): 1.0/18 MB | 246/564 kB
Progress (2): 1.0/18 MB | 262/564 kB
Progress (2): 1.0/18 MB | 279/564 kB
Progress (2): 1.0/18 MB | 295/564 kB
Progress (2): 1.0/18 MB | 311/564 kB
Progress (2): 1.0/18 MB | 328/564 kB
Progress (2): 1.0/18 MB | 344/564 kB
Progress (2): 1.0/18 MB | 360/564 kB
Progress (2): 1.0/18 MB | 377/564 kB
Progress (2): 1.0/18 MB | 393/564 kB
Progress (2): 1.0/18 MB | 393/564 kB
Progress (2): 1.0/18 MB | 393/564 kB
Progress (2): 1.0/18 MB | 393/564 kB
Progress (2): 1.0/18 MB | 393/564 kB
Progress (2): 1.1/18 MB | 393/564 kB
Progress (2): 1.1/18 MB | 393/564 kB
Progress (2): 1.1/18 MB | 410/564 kB
Progress (2): 1.1/18 MB | 426/564 kB
Progress (2): 1.1/18 MB | 442/564 kB
Progress (2): 1.1/18 MB | 459/564 kB
Progress (2): 1.1/18 MB | 475/564 kB
Progress (2): 1.1/18 MB | 492/564 kB
Progress (2): 1.1/18 MB | 508/564 kB
Progress (2): 1.1/18 MB | 524/564 kB
Progress (2): 1.1/18 MB | 541/564 kB
Progress (3): 1.1/18 MB | 541/564 kB | 0/1.1 MB
Progress (3): 1.1/18 MB | 541/564 kB | 0/1.1 MB
Progress (3): 1.1/18 MB | 541/564 kB | 0/1.1 MB
Progress (3): 1.1/18 MB | 541/564 kB | 0/1.1 MB
Progress (3): 1.1/18 MB | 541/564 kB | 0.1/1.1 MB
Progress (3): 1.1/18 MB | 541/564 kB | 0.1/1.1 MB
Progress (3): 1.1/18 MB | 541/564 kB | 0.1/1.1 MB
Progress (4): 1.1/18 MB | 541/564 kB | 0.1/1.1 MB | 3.2/19 kB
Progress (4): 1.1/18 MB | 541/564 kB | 0.1/1.1 MB | 19 kB    
Progress (4): 1.1/18 MB | 557/564 kB | 0.1/1.1 MB | 19 kB
Progress (4): 1.1/18 MB | 564 kB | 0.1/1.1 MB | 19 kB    
Progress (4): 1.1/18 MB | 564 kB | 0.1/1.1 MB | 19 kB
Progress (4): 1.1/18 MB | 564 kB | 0.1/1.1 MB | 19 kB
Progress (4): 1.2/18 MB | 564 kB | 0.1/1.1 MB | 19 kB
Progress (4): 1.2/18 MB | 564 kB | 0.1/1.1 MB | 19 kB
Progress (4): 1.2/18 MB | 564 kB | 0.1/1.1 MB | 19 kB
Progress (4): 1.2/18 MB | 564 kB | 0.1/1.1 MB | 19 kB
Progress (5): 1.2/18 MB | 564 kB | 0.1/1.1 MB | 19 kB | 7.7/25 kB
Progress (5): 1.2/18 MB | 564 kB | 0.1/1.1 MB | 19 kB | 7.7/25 kB
Progress (5): 1.2/18 MB | 564 kB | 0.1/1.1 MB | 19 kB | 11/25 kB 
Progress (5): 1.2/18 MB | 564 kB | 0.1/1.1 MB | 19 kB | 11/25 kB
Progress (5): 1.2/18 MB | 564 kB | 0.1/1.1 MB | 19 kB | 11/25 kB
Progress (5): 1.2/18 MB | 564 kB | 0.1/1.1 MB | 19 kB | 11/25 kB
Progress (5): 1.2/18 MB | 564 kB | 0.1/1.1 MB | 19 kB | 25 kB   
Progress (5): 1.2/18 MB | 564 kB | 0.1/1.1 MB | 19 kB | 25 kB
Progress (5): 1.2/18 MB | 564 kB | 0.1/1.1 MB | 19 kB | 25 kB
Progress (5): 1.2/18 MB | 564 kB | 0.2/1.1 MB | 19 kB | 25 kB
Progress (5): 1.2/18 MB | 564 kB | 0.2/1.1 MB | 19 kB | 25 kB
Progress (5): 1.2/18 MB | 564 kB | 0.2/1.1 MB | 19 kB | 25 kB
Progress (5): 1.2/18 MB | 564 kB | 0.2/1.1 MB | 19 kB | 25 kB
Progress (5): 1.2/18 MB | 564 kB | 0.2/1.1 MB | 19 kB | 25 kB
Progress (5): 1.3/18 MB | 564 kB | 0.2/1.1 MB | 19 kB | 25 kB
Progress (5): 1.3/18 MB | 564 kB | 0.2/1.1 MB | 19 kB | 25 kB
Progress (5): 1.3/18 MB | 564 kB | 0.2/1.1 MB | 19 kB | 25 kB
Progress (5): 1.3/18 MB | 564 kB | 0.2/1.1 MB | 19 kB | 25 kB
Progress (5): 1.3/18 MB | 564 kB | 0.2/1.1 MB | 19 kB | 25 kB
Progress (5): 1.3/18 MB | 564 kB | 0.2/1.1 MB | 19 kB | 25 kB
Progress (5): 1.3/18 MB | 564 kB | 0.2/1.1 MB | 19 kB | 25 kB
Progress (5): 1.3/18 MB | 564 kB | 0.2/1.1 MB | 19 kB | 25 kB
Progress (5): 1.3/18 MB | 564 kB | 0.2/1.1 MB | 19 kB | 25 kB
Progress (5): 1.3/18 MB | 564 kB | 0.3/1.1 MB | 19 kB | 25 kB
Progress (5): 1.4/18 MB | 564 kB | 0.3/1.1 MB | 19 kB | 25 kB
Progress (5): 1.4/18 MB | 564 kB | 0.3/1.1 MB | 19 kB | 25 kB
Progress (5): 1.4/18 MB | 564 kB | 0.3/1.1 MB | 19 kB | 25 kB
Progress (5): 1.4/18 MB | 564 kB | 0.3/1.1 MB | 19 kB | 25 kB
Progress (5): 1.4/18 MB | 564 kB | 0.3/1.1 MB | 19 kB | 25 kB
Progress (5): 1.4/18 MB | 564 kB | 0.3/1.1 MB | 19 kB | 25 kB
Progress (5): 1.4/18 MB | 564 kB | 0.3/1.1 MB | 19 kB | 25 kB
Progress (5): 1.5/18 MB | 564 kB | 0.3/1.1 MB | 19 kB | 25 kB
Progress (5): 1.5/18 MB | 564 kB | 0.3/1.1 MB | 19 kB | 25 kB
Progress (5): 1.5/18 MB | 564 kB | 0.3/1.1 MB | 19 kB | 25 kB
Progress (5): 1.5/18 MB | 564 kB | 0.3/1.1 MB | 19 kB | 25 kB
Progress (5): 1.5/18 MB | 564 kB | 0.3/1.1 MB | 19 kB | 25 kB
Progress (5): 1.5/18 MB | 564 kB | 0.3/1.1 MB | 19 kB | 25 kB
Progress (5): 1.5/18 MB | 564 kB | 0.3/1.1 MB | 19 kB | 25 kB
Progress (5): 1.5/18 MB | 564 kB | 0.3/1.1 MB | 19 kB | 25 kB
Progress (5): 1.6/18 MB | 564 kB | 0.3/1.1 MB | 19 kB | 25 kB
Progress (5): 1.6/18 MB | 564 kB | 0.3/1.1 MB | 19 kB | 25 kB
Progress (5): 1.6/18 MB | 564 kB | 0.3/1.1 MB | 19 kB | 25 kB
Progress (5): 1.6/18 MB | 564 kB | 0.3/1.1 MB | 19 kB | 25 kB
Progress (5): 1.6/18 MB | 564 kB | 0.3/1.1 MB | 19 kB | 25 kB
Progress (5): 1.6/18 MB | 564 kB | 0.3/1.1 MB | 19 kB | 25 kB
Progress (5): 1.6/18 MB | 564 kB | 0.3/1.1 MB | 19 kB | 25 kB
Progress (5): 1.6/18 MB | 564 kB | 0.3/1.1 MB | 19 kB | 25 kB
Progress (5): 1.6/18 MB | 564 kB | 0.4/1.1 MB | 19 kB | 25 kB
Progress (5): 1.6/18 MB | 564 kB | 0.4/1.1 MB | 19 kB | 25 kB
Progress (5): 1.6/18 MB | 564 kB | 0.4/1.1 MB | 19 kB | 25 kB
Progress (5): 1.6/18 MB | 564 kB | 0.4/1.1 MB | 19 kB | 25 kB
Progress (5): 1.6/18 MB | 564 kB | 0.4/1.1 MB | 19 kB | 25 kB
Progress (5): 1.6/18 MB | 564 kB | 0.4/1.1 MB | 19 kB | 25 kB
Progress (5): 1.6/18 MB | 564 kB | 0.5/1.1 MB | 19 kB | 25 kB
                                                             
Downloaded from central: https://repo.maven.apache.org/maven2/org/rnorth/duct-tape/duct-tape/1.0.8/duct-tape-1.0.8.jar (25 kB at 21 kB/s)
Downloading from central: https://repo.maven.apache.org/maven2/com/github/docker-java/docker-java-api/3.7.1/docker-java-api-3.7.1.jar
Progress (4): 1.6/18 MB | 564 kB | 0.5/1.1 MB | 19 kB
Progress (4): 1.6/18 MB | 564 kB | 0.5/1.1 MB | 19 kB
Progress (4): 1.6/18 MB | 564 kB | 0.5/1.1 MB | 19 kB
Progress (4): 1.6/18 MB | 564 kB | 0.5/1.1 MB | 19 kB
Progress (4): 1.7/18 MB | 564 kB | 0.5/1.1 MB | 19 kB
Progress (4): 1.7/18 MB | 564 kB | 0.5/1.1 MB | 19 kB
Progress (4): 1.7/18 MB | 564 kB | 0.5/1.1 MB | 19 kB
Progress (4): 1.7/18 MB | 564 kB | 0.5/1.1 MB | 19 kB
Progress (4): 1.7/18 MB | 564 kB | 0.5/1.1 MB | 19 kB
                                                     
Downloaded from central: https://repo.maven.apache.org/maven2/org/jetbrains/annotations/17.0.0/annotations-17.0.0.jar (19 kB at 15 kB/s)
Downloading from central: https://repo.maven.apache.org/maven2/com/github/docker-java/docker-java-transport-zerodep/3.7.1/docker-java-transport-zerodep-3.7.1.jar
Progress (3): 1.7/18 MB | 564 kB | 0.5/1.1 MB
Progress (3): 1.8/18 MB | 564 kB | 0.5/1.1 MB
Progress (3): 1.8/18 MB | 564 kB | 0.5/1.1 MB
Progress (3): 1.8/18 MB | 564 kB | 0.5/1.1 MB
Progress (3): 1.8/18 MB | 564 kB | 0.5/1.1 MB
Progress (3): 1.8/18 MB | 564 kB | 0.5/1.1 MB
Progress (3): 1.8/18 MB | 564 kB | 0.5/1.1 MB
Progress (3): 1.8/18 MB | 564 kB | 0.5/1.1 MB
Progress (3): 1.9/18 MB | 564 kB | 0.5/1.1 MB
Progress (3): 1.9/18 MB | 564 kB | 0.5/1.1 MB
Progress (3): 1.9/18 MB | 564 kB | 0.5/1.1 MB
Progress (3): 1.9/18 MB | 564 kB | 0.5/1.1 MB
Progress (3): 1.9/18 MB | 564 kB | 0.5/1.1 MB
Progress (3): 1.9/18 MB | 564 kB | 0.5/1.1 MB
Progress (3): 2.0/18 MB | 564 kB | 0.5/1.1 MB
Progress (3): 2.0/18 MB | 564 kB | 0.5/1.1 MB
                                             
Downloaded from central: https://repo.maven.apache.org/maven2/commons-io/commons-io/2.20.0/commons-io-2.20.0.jar (564 kB at 452 kB/s)
Progress (2): 2.0/18 MB | 0.5/1.1 MB
                                    
Downloading from central: https://repo.maven.apache.org/maven2/com/github/docker-java/docker-java-transport/3.7.1/docker-java-transport-3.7.1.jar
Progress (2): 2.0/18 MB | 0.5/1.1 MB
Progress (2): 2.0/18 MB | 0.5/1.1 MB
Progress (2): 2.0/18 MB | 0.5/1.1 MB
Progress (2): 2.1/18 MB | 0.5/1.1 MB
Progress (2): 2.1/18 MB | 0.5/1.1 MB
Progress (2): 2.1/18 MB | 0.5/1.1 MB
Progress (2): 2.1/18 MB | 0.5/1.1 MB
Progress (2): 2.1/18 MB | 0.5/1.1 MB
Progress (2): 2.1/18 MB | 0.5/1.1 MB
Progress (2): 2.1/18 MB | 0.5/1.1 MB
Progress (2): 2.2/18 MB | 0.5/1.1 MB
Progress (2): 2.2/18 MB | 0.5/1.1 MB
Progress (2): 2.2/18 MB | 0.5/1.1 MB
Progress (2): 2.2/18 MB | 0.5/1.1 MB
Progress (2): 2.2/18 MB | 0.5/1.1 MB
Progress (2): 2.2/18 MB | 0.5/1.1 MB
Progress (2): 2.3/18 MB | 0.5/1.1 MB
Progress (2): 2.3/18 MB | 0.5/1.1 MB
Progress (2): 2.3/18 MB | 0.5/1.1 MB
Progress (2): 2.3/18 MB | 0.5/1.1 MB
Progress (2): 2.3/18 MB | 0.6/1.1 MB
Progress (2): 2.3/18 MB | 0.6/1.1 MB
Progress (2): 2.3/18 MB | 0.6/1.1 MB
Progress (2): 2.4/18 MB | 0.6/1.1 MB
Progress (2): 2.4/18 MB | 0.6/1.1 MB
Progress (2): 2.4/18 MB | 0.6/1.1 MB
Progress (2): 2.4/18 MB | 0.6/1.1 MB
Progress (2): 2.4/18 MB | 0.6/1.1 MB
Progress (2): 2.4/18 MB | 0.6/1.1 MB
Progress (2): 2.4/18 MB | 0.6/1.1 MB
Progress (2): 2.4/18 MB | 0.6/1.1 MB
Progress (2): 2.5/18 MB | 0.6/1.1 MB
Progress (2): 2.5/18 MB | 0.6/1.1 MB
Progress (2): 2.5/18 MB | 0.6/1.1 MB
Progress (2): 2.5/18 MB | 0.6/1.1 MB
Progress (2): 2.5/18 MB | 0.6/1.1 MB
Progress (2): 2.5/18 MB | 0.6/1.1 MB
Progress (2): 2.5/18 MB | 0.6/1.1 MB
Progress (2): 2.6/18 MB | 0.6/1.1 MB
Progress (2): 2.6/18 MB | 0.6/1.1 MB
Progress (2): 2.6/18 MB | 0.6/1.1 MB
Progress (2): 2.6/18 MB | 0.6/1.1 MB
Progress (2): 2.6/18 MB | 0.6/1.1 MB
Progress (2): 2.6/18 MB | 0.6/1.1 MB
Progress (2): 2.7/18 MB | 0.6/1.1 MB
Progress (2): 2.7/18 MB | 0.6/1.1 MB
Progress (2): 2.7/18 MB | 0.6/1.1 MB
Progress (2): 2.7/18 MB | 0.6/1.1 MB
Progress (2): 2.7/18 MB | 0.6/1.1 MB
Progress (2): 2.7/18 MB | 0.6/1.1 MB
Progress (2): 2.8/18 MB | 0.6/1.1 MB
Progress (2): 2.8/18 MB | 0.6/1.1 MB
Progress (2): 2.8/18 MB | 0.6/1.1 MB
Progress (2): 2.8/18 MB | 0.6/1.1 MB
Progress (2): 2.8/18 MB | 0.6/1.1 MB
Progress (2): 2.8/18 MB | 0.6/1.1 MB
Progress (2): 2.8/18 MB | 0.6/1.1 MB
Progress (2): 2.8/18 MB | 0.6/1.1 MB
Progress (2): 2.8/18 MB | 0.6/1.1 MB
Progress (2): 2.9/18 MB | 0.6/1.1 MB
Progress (2): 2.9/18 MB | 0.6/1.1 MB
Progress (2): 2.9/18 MB | 0.6/1.1 MB
Progress (2): 2.9/18 MB | 0.6/1.1 MB
Progress (2): 2.9/18 MB | 0.6/1.1 MB
Progress (2): 2.9/18 MB | 0.6/1.1 MB
Progress (2): 3.0/18 MB | 0.6/1.1 MB
Progress (2): 3.0/18 MB | 0.6/1.1 MB
Progress (2): 3.0/18 MB | 0.6/1.1 MB
Progress (2): 3.0/18 MB | 0.6/1.1 MB
Progress (2): 3.0/18 MB | 0.6/1.1 MB
Progress (2): 3.0/18 MB | 0.6/1.1 MB
Progress (2): 3.1/18 MB | 0.6/1.1 MB
Progress (2): 3.1/18 MB | 0.6/1.1 MB
Progress (2): 3.1/18 MB | 0.6/1.1 MB
Progress (2): 3.1/18 MB | 0.6/1.1 MB
Progress (2): 3.1/18 MB | 0.6/1.1 MB
Progress (2): 3.1/18 MB | 0.6/1.1 MB
Progress (2): 3.1/18 MB | 0.6/1.1 MB
Progress (2): 3.2/18 MB | 0.6/1.1 MB
Progress (2): 3.2/18 MB | 0.6/1.1 MB
Progress (2): 3.2/18 MB | 0.6/1.1 MB
Progress (2): 3.2/18 MB | 0.6/1.1 MB
Progress (2): 3.2/18 MB | 0.6/1.1 MB
Progress (2): 3.2/18 MB | 0.6/1.1 MB
Progress (2): 3.2/18 MB | 0.7/1.1 MB
Progress (2): 3.3/18 MB | 0.7/1.1 MB
Progress (2): 3.3/18 MB | 0.7/1.1 MB
Progress (2): 3.3/18 MB | 0.7/1.1 MB
Progress (2): 3.3/18 MB | 0.7/1.1 MB
Progress (2): 3.3/18 MB | 0.7/1.1 MB
Progress (2): 3.3/18 MB | 0.7/1.1 MB
Progress (2): 3.4/18 MB | 0.7/1.1 MB
Progress (2): 3.4/18 MB | 0.7/1.1 MB
Progress (2): 3.4/18 MB | 0.7/1.1 MB
Progress (2): 3.4/18 MB | 0.7/1.1 MB
Progress (2): 3.4/18 MB | 0.7/1.1 MB
Progress (2): 3.4/18 MB | 0.7/1.1 MB
Progress (2): 3.4/18 MB | 0.7/1.1 MB
Progress (2): 3.5/18 MB | 0.7/1.1 MB
Progress (2): 3.5/18 MB | 0.7/1.1 MB
Progress (2): 3.5/18 MB | 0.7/1.1 MB
Progress (2): 3.5/18 MB | 0.7/1.1 MB
Progress (2): 3.5/18 MB | 0.7/1.1 MB
Progress (2): 3.5/18 MB | 0.7/1.1 MB
Progress (2): 3.5/18 MB | 0.7/1.1 MB
Progress (2): 3.6/18 MB | 0.7/1.1 MB
Progress (2): 3.6/18 MB | 0.7/1.1 MB
Progress (2): 3.6/18 MB | 0.7/1.1 MB
Progress (2): 3.6/18 MB | 0.7/1.1 MB
Progress (2): 3.6/18 MB | 0.7/1.1 MB
Progress (2): 3.6/18 MB | 0.7/1.1 MB
Progress (2): 3.6/18 MB | 0.7/1.1 MB
Progress (2): 3.7/18 MB | 0.7/1.1 MB
Progress (2): 3.7/18 MB | 0.7/1.1 MB
Progress (2): 3.7/18 MB | 0.7/1.1 MB
Progress (2): 3.7/18 MB | 0.7/1.1 MB
Progress (2): 3.7/18 MB | 0.7/1.1 MB
Progress (2): 3.7/18 MB | 0.7/1.1 MB
Progress (2): 3.8/18 MB | 0.7/1.1 MB
Progress (2): 3.8/18 MB | 0.7/1.1 MB
Progress (2): 3.8/18 MB | 0.7/1.1 MB
Progress (2): 3.8/18 MB | 0.7/1.1 MB
Progress (2): 3.8/18 MB | 0.7/1.1 MB
Progress (2): 3.8/18 MB | 0.7/1.1 MB
Progress (2): 3.8/18 MB | 0.7/1.1 MB
Progress (2): 3.8/18 MB | 0.7/1.1 MB
Progress (2): 3.9/18 MB | 0.7/1.1 MB
Progress (2): 3.9/18 MB | 0.7/1.1 MB
Progress (2): 3.9/18 MB | 0.7/1.1 MB
Progress (2): 3.9/18 MB | 0.7/1.1 MB
Progress (2): 3.9/18 MB | 0.7/1.1 MB
Progress (2): 3.9/18 MB | 0.7/1.1 MB
Progress (2): 3.9/18 MB | 0.7/1.1 MB
Progress (2): 4.0/18 MB | 0.7/1.1 MB
Progress (2): 4.0/18 MB | 0.7/1.1 MB
Progress (2): 4.0/18 MB | 0.7/1.1 MB
Progress (2): 4.0/18 MB | 0.7/1.1 MB
Progress (2): 4.0/18 MB | 0.7/1.1 MB
Progress (2): 4.0/18 MB | 0.7/1.1 MB
Progress (2): 4.1/18 MB | 0.7/1.1 MB
Progress (2): 4.1/18 MB | 0.7/1.1 MB
Progress (2): 4.1/18 MB | 0.7/1.1 MB
Progress (2): 4.1/18 MB | 0.7/1.1 MB
Progress (2): 4.1/18 MB | 0.7/1.1 MB
Progress (2): 4.1/18 MB | 0.7/1.1 MB
Progress (2): 4.1/18 MB | 0.7/1.1 MB
Progress (2): 4.1/18 MB | 0.7/1.1 MB
Progress (2): 4.2/18 MB | 0.7/1.1 MB
Progress (2): 4.2/18 MB | 0.7/1.1 MB
Progress (2): 4.2/18 MB | 0.7/1.1 MB
Progress (2): 4.2/18 MB | 0.7/1.1 MB
Progress (2): 4.2/18 MB | 0.7/1.1 MB
Progress (2): 4.2/18 MB | 0.7/1.1 MB
Progress (2): 4.2/18 MB | 0.7/1.1 MB
Progress (2): 4.3/18 MB | 0.7/1.1 MB
Progress (2): 4.3/18 MB | 0.7/1.1 MB
Progress (2): 4.3/18 MB | 0.7/1.1 MB
Progress (2): 4.3/18 MB | 0.7/1.1 MB
Progress (2): 4.3/18 MB | 0.7/1.1 MB
Progress (2): 4.3/18 MB | 0.7/1.1 MB
Progress (2): 4.3/18 MB | 0.7/1.1 MB
Progress (2): 4.4/18 MB | 0.7/1.1 MB
Progress (2): 4.4/18 MB | 0.7/1.1 MB
Progress (2): 4.4/18 MB | 0.7/1.1 MB
Progress (2): 4.4/18 MB | 0.7/1.1 MB
Progress (2): 4.4/18 MB | 0.7/1.1 MB
Progress (2): 4.4/18 MB | 0.8/1.1 MB
Progress (2): 4.4/18 MB | 0.8/1.1 MB
Progress (2): 4.5/18 MB | 0.8/1.1 MB
Progress (2): 4.5/18 MB | 0.8/1.1 MB
Progress (2): 4.5/18 MB | 0.8/1.1 MB
Progress (2): 4.5/18 MB | 0.8/1.1 MB
Progress (2): 4.5/18 MB | 0.8/1.1 MB
Progress (2): 4.5/18 MB | 0.8/1.1 MB
Progress (2): 4.5/18 MB | 0.8/1.1 MB
Progress (2): 4.6/18 MB | 0.8/1.1 MB
Progress (2): 4.6/18 MB | 0.8/1.1 MB
Progress (2): 4.6/18 MB | 0.8/1.1 MB
Progress (2): 4.6/18 MB | 0.8/1.1 MB
Progress (2): 4.6/18 MB | 0.8/1.1 MB
Progress (2): 4.6/18 MB | 0.8/1.1 MB
Progress (2): 4.7/18 MB | 0.8/1.1 MB
Progress (2): 4.7/18 MB | 0.8/1.1 MB
Progress (2): 4.7/18 MB | 0.8/1.1 MB
Progress (2): 4.7/18 MB | 0.8/1.1 MB
Progress (2): 4.7/18 MB | 0.8/1.1 MB
Progress (2): 4.7/18 MB | 0.8/1.1 MB
Progress (2): 4.8/18 MB | 0.8/1.1 MB
Progress (2): 4.8/18 MB | 0.8/1.1 MB
Progress (2): 4.8/18 MB | 0.8/1.1 MB
Progress (2): 4.8/18 MB | 0.8/1.1 MB
Progress (2): 4.8/18 MB | 0.8/1.1 MB
Progress (2): 4.8/18 MB | 0.8/1.1 MB
Progress (2): 4.8/18 MB | 0.8/1.1 MB
Progress (2): 4.8/18 MB | 0.8/1.1 MB
Progress (2): 4.9/18 MB | 0.8/1.1 MB
Progress (2): 4.9/18 MB | 0.8/1.1 MB
Progress (2): 4.9/18 MB | 0.8/1.1 MB
Progress (2): 4.9/18 MB | 0.8/1.1 MB
Progress (2): 4.9/18 MB | 0.8/1.1 MB
Progress (2): 4.9/18 MB | 0.8/1.1 MB
Progress (2): 4.9/18 MB | 0.8/1.1 MB
Progress (2): 5.0/18 MB | 0.8/1.1 MB
Progress (2): 5.0/18 MB | 0.8/1.1 MB
Progress (2): 5.0/18 MB | 0.8/1.1 MB
Progress (2): 5.0/18 MB | 0.8/1.1 MB
Progress (2): 5.0/18 MB | 0.8/1.1 MB
Progress (2): 5.0/18 MB | 0.8/1.1 MB
Progress (2): 5.1/18 MB | 0.8/1.1 MB
Progress (2): 5.1/18 MB | 0.8/1.1 MB
Progress (2): 5.1/18 MB | 0.8/1.1 MB
Progress (2): 5.1/18 MB | 0.8/1.1 MB
Progress (2): 5.1/18 MB | 0.8/1.1 MB
Progress (2): 5.1/18 MB | 0.8/1.1 MB
Progress (2): 5.2/18 MB | 0.8/1.1 MB
Progress (2): 5.2/18 MB | 0.8/1.1 MB
Progress (2): 5.2/18 MB | 0.8/1.1 MB
Progress (2): 5.2/18 MB | 0.8/1.1 MB
Progress (2): 5.2/18 MB | 0.8/1.1 MB
Progress (2): 5.2/18 MB | 0.8/1.1 MB
Progress (2): 5.2/18 MB | 0.8/1.1 MB
Progress (2): 5.2/18 MB | 0.8/1.1 MB
Progress (2): 5.3/18 MB | 0.8/1.1 MB
Progress (2): 5.3/18 MB | 0.8/1.1 MB
Progress (2): 5.3/18 MB | 0.8/1.1 MB
Progress (2): 5.3/18 MB | 0.8/1.1 MB
Progress (2): 5.3/18 MB | 0.8/1.1 MB
Progress (2): 5.3/18 MB | 0.8/1.1 MB
Progress (2): 5.4/18 MB | 0.8/1.1 MB
Progress (2): 5.4/18 MB | 0.8/1.1 MB
Progress (2): 5.4/18 MB | 0.8/1.1 MB
Progress (2): 5.4/18 MB | 0.8/1.1 MB
Progress (2): 5.4/18 MB | 0.9/1.1 MB
Progress (2): 5.4/18 MB | 0.9/1.1 MB
Progress (2): 5.4/18 MB | 0.9/1.1 MB
Progress (2): 5.5/18 MB | 0.9/1.1 MB
Progress (2): 5.5/18 MB | 0.9/1.1 MB
Progress (2): 5.5/18 MB | 0.9/1.1 MB
Progress (2): 5.5/18 MB | 0.9/1.1 MB
Progress (2): 5.5/18 MB | 0.9/1.1 MB
Progress (2): 5.5/18 MB | 0.9/1.1 MB
Progress (2): 5.5/18 MB | 0.9/1.1 MB
Progress (2): 5.6/18 MB | 0.9/1.1 MB
Progress (2): 5.6/18 MB | 0.9/1.1 MB
Progress (2): 5.6/18 MB | 0.9/1.1 MB
Progress (2): 5.6/18 MB | 0.9/1.1 MB
Progress (2): 5.6/18 MB | 0.9/1.1 MB
Progress (2): 5.6/18 MB | 0.9/1.1 MB
Progress (2): 5.6/18 MB | 0.9/1.1 MB
Progress (2): 5.6/18 MB | 0.9/1.1 MB
Progress (2): 5.6/18 MB | 0.9/1.1 MB
Progress (2): 5.6/18 MB | 0.9/1.1 MB
Progress (2): 5.7/18 MB | 0.9/1.1 MB
Progress (2): 5.7/18 MB | 0.9/1.1 MB
Progress (2): 5.7/18 MB | 0.9/1.1 MB
Progress (2): 5.7/18 MB | 0.9/1.1 MB
Progress (2): 5.7/18 MB | 0.9/1.1 MB
Progress (2): 5.7/18 MB | 0.9/1.1 MB
Progress (2): 5.7/18 MB | 0.9/1.1 MB
Progress (2): 5.8/18 MB | 0.9/1.1 MB
Progress (2): 5.8/18 MB | 0.9/1.1 MB
Progress (2): 5.8/18 MB | 0.9/1.1 MB
Progress (2): 5.8/18 MB | 0.9/1.1 MB
Progress (2): 5.8/18 MB | 0.9/1.1 MB
Progress (2): 5.8/18 MB | 0.9/1.1 MB
Progress (2): 5.8/18 MB | 0.9/1.1 MB
Progress (2): 5.9/18 MB | 0.9/1.1 MB
Progress (2): 5.9/18 MB | 0.9/1.1 MB
Progress (2): 5.9/18 MB | 0.9/1.1 MB
Progress (2): 5.9/18 MB | 0.9/1.1 MB
Progress (2): 5.9/18 MB | 0.9/1.1 MB
Progress (2): 5.9/18 MB | 0.9/1.1 MB
Progress (2): 5.9/18 MB | 0.9/1.1 MB
Progress (2): 6.0/18 MB | 0.9/1.1 MB
Progress (2): 6.0/18 MB | 0.9/1.1 MB
Progress (2): 6.0/18 MB | 1.0/1.1 MB
Progress (2): 6.0/18 MB | 1.0/1.1 MB
Progress (3): 6.0/18 MB | 1.0/1.1 MB | 7.7/39 kB
Progress (3): 6.0/18 MB | 1.0/1.1 MB | 7.7/39 kB
Progress (3): 6.0/18 MB | 1.0/1.1 MB | 11/39 kB 
Progress (3): 6.0/18 MB | 1.0/1.1 MB | 11/39 kB
Progress (3): 6.0/18 MB | 1.0/1.1 MB | 28/39 kB
Progress (3): 6.0/18 MB | 1.0/1.1 MB | 39 kB   
Progress (3): 6.0/18 MB | 1.0/1.1 MB | 39 kB
Progress (3): 6.0/18 MB | 1.0/1.1 MB | 39 kB
Progress (3): 6.0/18 MB | 1.0/1.1 MB | 39 kB
Progress (3): 6.1/18 MB | 1.0/1.1 MB | 39 kB
Progress (4): 6.1/18 MB | 1.0/1.1 MB | 39 kB | 0/2.3 MB
Progress (4): 6.1/18 MB | 1.0/1.1 MB | 39 kB | 0/2.3 MB
Progress (4): 6.1/18 MB | 1.0/1.1 MB | 39 kB | 0/2.3 MB
Progress (4): 6.1/18 MB | 1.0/1.1 MB | 39 kB | 0/2.3 MB
Progress (4): 6.1/18 MB | 1.0/1.1 MB | 39 kB | 0.1/2.3 MB
Progress (4): 6.1/18 MB | 1.0/1.1 MB | 39 kB | 0.1/2.3 MB
Progress (4): 6.1/18 MB | 1.0/1.1 MB | 39 kB | 0.1/2.3 MB
Progress (4): 6.1/18 MB | 1.0/1.1 MB | 39 kB | 0.1/2.3 MB
Progress (4): 6.1/18 MB | 1.0/1.1 MB | 39 kB | 0.1/2.3 MB
Progress (4): 6.1/18 MB | 1.0/1.1 MB | 39 kB | 0.1/2.3 MB
Progress (4): 6.1/18 MB | 1.0/1.1 MB | 39 kB | 0.1/2.3 MB
Progress (4): 6.1/18 MB | 1.0/1.1 MB | 39 kB | 0.2/2.3 MB
Progress (4): 6.1/18 MB | 1.0/1.1 MB | 39 kB | 0.2/2.3 MB
Progress (4): 6.1/18 MB | 1.0/1.1 MB | 39 kB | 0.2/2.3 MB
Progress (4): 6.1/18 MB | 1.0/1.1 MB | 39 kB | 0.2/2.3 MB
Progress (4): 6.1/18 MB | 1.0/1.1 MB | 39 kB | 0.2/2.3 MB
Progress (4): 6.1/18 MB | 1.0/1.1 MB | 39 kB | 0.2/2.3 MB
Progress (4): 6.1/18 MB | 1.0/1.1 MB | 39 kB | 0.2/2.3 MB
Progress (4): 6.1/18 MB | 1.0/1.1 MB | 39 kB | 0.2/2.3 MB
Progress (4): 6.1/18 MB | 1.0/1.1 MB | 39 kB | 0.2/2.3 MB
Progress (4): 6.1/18 MB | 1.0/1.1 MB | 39 kB | 0.3/2.3 MB
Progress (4): 6.1/18 MB | 1.0/1.1 MB | 39 kB | 0.3/2.3 MB
Progress (4): 6.1/18 MB | 1.0/1.1 MB | 39 kB | 0.3/2.3 MB
Progress (4): 6.1/18 MB | 1.0/1.1 MB | 39 kB | 0.3/2.3 MB
Progress (4): 6.1/18 MB | 1.0/1.1 MB | 39 kB | 0.3/2.3 MB
Progress (4): 6.1/18 MB | 1.0/1.1 MB | 39 kB | 0.3/2.3 MB
Progress (4): 6.1/18 MB | 1.0/1.1 MB | 39 kB | 0.4/2.3 MB
Progress (4): 6.1/18 MB | 1.0/1.1 MB | 39 kB | 0.4/2.3 MB
Progress (5): 6.1/18 MB | 1.0/1.1 MB | 39 kB | 0.4/2.3 MB | 7.7/500 kB
Progress (5): 6.1/18 MB | 1.0/1.1 MB | 39 kB | 0.4/2.3 MB | 7.7/500 kB
Progress (5): 6.1/18 MB | 1.0/1.1 MB | 39 kB | 0.4/2.3 MB | 16/500 kB 
Progress (5): 6.1/18 MB | 1.0/1.1 MB | 39 kB | 0.4/2.3 MB | 16/500 kB
Progress (5): 6.1/18 MB | 1.0/1.1 MB | 39 kB | 0.4/2.3 MB | 16/500 kB
Progress (5): 6.1/18 MB | 1.0/1.1 MB | 39 kB | 0.4/2.3 MB | 16/500 kB
Progress (5): 6.1/18 MB | 1.0/1.1 MB | 39 kB | 0.4/2.3 MB | 32/500 kB
Progress (5): 6.2/18 MB | 1.0/1.1 MB | 39 kB | 0.4/2.3 MB | 32/500 kB
Progress (5): 6.2/18 MB | 1.0/1.1 MB | 39 kB | 0.4/2.3 MB | 32/500 kB
Progress (5): 6.2/18 MB | 1.0/1.1 MB | 39 kB | 0.4/2.3 MB | 32/500 kB
Progress (5): 6.2/18 MB | 1.0/1.1 MB | 39 kB | 0.4/2.3 MB | 32/500 kB
Progress (5): 6.2/18 MB | 1.0/1.1 MB | 39 kB | 0.4/2.3 MB | 32/500 kB
Progress (5): 6.2/18 MB | 1.0/1.1 MB | 39 kB | 0.4/2.3 MB | 32/500 kB
Progress (5): 6.3/18 MB | 1.0/1.1 MB | 39 kB | 0.4/2.3 MB | 32/500 kB
Progress (5): 6.3/18 MB | 1.0/1.1 MB | 39 kB | 0.4/2.3 MB | 32/500 kB
Progress (5): 6.3/18 MB | 1.0/1.1 MB | 39 kB | 0.4/2.3 MB | 32/500 kB
Progress (5): 6.3/18 MB | 1.0/1.1 MB | 39 kB | 0.4/2.3 MB | 49/500 kB
Progress (5): 6.3/18 MB | 1.0/1.1 MB | 39 kB | 0.4/2.3 MB | 49/500 kB
Progress (5): 6.3/18 MB | 1.0/1.1 MB | 39 kB | 0.4/2.3 MB | 49/500 kB
Progress (5): 6.3/18 MB | 1.0/1.1 MB | 39 kB | 0.4/2.3 MB | 49/500 kB
Progress (5): 6.3/18 MB | 1.0/1.1 MB | 39 kB | 0.4/2.3 MB | 49/500 kB
Progress (5): 6.3/18 MB | 1.0/1.1 MB | 39 kB | 0.4/2.3 MB | 49/500 kB
Progress (5): 6.3/18 MB | 1.0/1.1 MB | 39 kB | 0.4/2.3 MB | 49/500 kB
Progress (5): 6.3/18 MB | 1.0/1.1 MB | 39 kB | 0.4/2.3 MB | 49/500 kB
Progress (5): 6.3/18 MB | 1.0/1.1 MB | 39 kB | 0.5/2.3 MB | 49/500 kB
Progress (5): 6.4/18 MB | 1.0/1.1 MB | 39 kB | 0.5/2.3 MB | 49/500 kB
Progress (5): 6.4/18 MB | 1.0/1.1 MB | 39 kB | 0.5/2.3 MB | 49/500 kB
Progress (5): 6.4/18 MB | 1.0/1.1 MB | 39 kB | 0.5/2.3 MB | 49/500 kB
Progress (5): 6.4/18 MB | 1.0/1.1 MB | 39 kB | 0.5/2.3 MB | 49/500 kB
Progress (5): 6.4/18 MB | 1.0/1.1 MB | 39 kB | 0.5/2.3 MB | 49/500 kB
Progress (5): 6.4/18 MB | 1.0/1.1 MB | 39 kB | 0.5/2.3 MB | 49/500 kB
Progress (5): 6.4/18 MB | 1.0/1.1 MB | 39 kB | 0.5/2.3 MB | 49/500 kB
Progress (5): 6.5/18 MB | 1.0/1.1 MB | 39 kB | 0.5/2.3 MB | 49/500 kB
Progress (5): 6.5/18 MB | 1.0/1.1 MB | 39 kB | 0.5/2.3 MB | 49/500 kB
Progress (5): 6.5/18 MB | 1.0/1.1 MB | 39 kB | 0.5/2.3 MB | 61/500 kB
Progress (5): 6.5/18 MB | 1.0/1.1 MB | 39 kB | 0.5/2.3 MB | 61/500 kB
Progress (5): 6.5/18 MB | 1.0/1.1 MB | 39 kB | 0.5/2.3 MB | 61/500 kB
Progress (5): 6.5/18 MB | 1.0/1.1 MB | 39 kB | 0.5/2.3 MB | 61/500 kB
Progress (5): 6.5/18 MB | 1.0/1.1 MB | 39 kB | 0.5/2.3 MB | 61/500 kB
Progress (5): 6.5/18 MB | 1.0/1.1 MB | 39 kB | 0.5/2.3 MB | 61/500 kB
Progress (5): 6.5/18 MB | 1.0/1.1 MB | 39 kB | 0.6/2.3 MB | 61/500 kB
Progress (5): 6.5/18 MB | 1.0/1.1 MB | 39 kB | 0.6/2.3 MB | 77/500 kB
Progress (5): 6.5/18 MB | 1.0/1.1 MB | 39 kB | 0.6/2.3 MB | 77/500 kB
Progress (5): 6.5/18 MB | 1.0/1.1 MB | 39 kB | 0.6/2.3 MB | 77/500 kB
Progress (5): 6.5/18 MB | 1.0/1.1 MB | 39 kB | 0.6/2.3 MB | 77/500 kB
Progress (5): 6.5/18 MB | 1.0/1.1 MB | 39 kB | 0.6/2.3 MB | 77/500 kB
Progress (5): 6.5/18 MB | 1.0/1.1 MB | 39 kB | 0.6/2.3 MB | 77/500 kB
Progress (5): 6.6/18 MB | 1.0/1.1 MB | 39 kB | 0.6/2.3 MB | 77/500 kB
Progress (5): 6.6/18 MB | 1.0/1.1 MB | 39 kB | 0.6/2.3 MB | 77/500 kB
Progress (5): 6.6/18 MB | 1.0/1.1 MB | 39 kB | 0.6/2.3 MB | 77/500 kB
Progress (5): 6.6/18 MB | 1.0/1.1 MB | 39 kB | 0.6/2.3 MB | 77/500 kB
Progress (5): 6.6/18 MB | 1.0/1.1 MB | 39 kB | 0.6/2.3 MB | 77/500 kB
Progress (5): 6.6/18 MB | 1.0/1.1 MB | 39 kB | 0.6/2.3 MB | 77/500 kB
Progress (5): 6.6/18 MB | 1.0/1.1 MB | 39 kB | 0.6/2.3 MB | 77/500 kB
Progress (5): 6.6/18 MB | 1.0/1.1 MB | 39 kB | 0.6/2.3 MB | 77/500 kB
Progress (5): 6.6/18 MB | 1.0/1.1 MB | 39 kB | 0.6/2.3 MB | 77/500 kB
Progress (5): 6.6/18 MB | 1.0/1.1 MB | 39 kB | 0.6/2.3 MB | 77/500 kB
Progress (5): 6.7/18 MB | 1.0/1.1 MB | 39 kB | 0.6/2.3 MB | 77/500 kB
Progress (5): 6.7/18 MB | 1.0/1.1 MB | 39 kB | 0.6/2.3 MB | 77/500 kB
Progress (5): 6.7/18 MB | 1.0/1.1 MB | 39 kB | 0.6/2.3 MB | 77/500 kB
Progress (5): 6.7/18 MB | 1.0/1.1 MB | 39 kB | 0.6/2.3 MB | 77/500 kB
Progress (5): 6.7/18 MB | 1.0/1.1 MB | 39 kB | 0.7/2.3 MB | 77/500 kB
Progress (5): 6.7/18 MB | 1.0/1.1 MB | 39 kB | 0.7/2.3 MB | 77/500 kB
Progress (5): 6.7/18 MB | 1.0/1.1 MB | 39 kB | 0.7/2.3 MB | 77/500 kB
Progress (5): 6.7/18 MB | 1.0/1.1 MB | 39 kB | 0.7/2.3 MB | 77/500 kB
Progress (5): 6.7/18 MB | 1.0/1.1 MB | 39 kB | 0.7/2.3 MB | 77/500 kB
Progress (5): 6.7/18 MB | 1.0/1.1 MB | 39 kB | 0.7/2.3 MB | 77/500 kB
Progress (5): 6.7/18 MB | 1.0/1.1 MB | 39 kB | 0.7/2.3 MB | 77/500 kB
Progress (5): 6.7/18 MB | 1.0/1.1 MB | 39 kB | 0.7/2.3 MB | 93/500 kB
Progress (5): 6.7/18 MB | 1.0/1.1 MB | 39 kB | 0.7/2.3 MB | 93/500 kB
Progress (5): 6.7/18 MB | 1.0/1.1 MB | 39 kB | 0.8/2.3 MB | 93/500 kB
Progress (5): 6.7/18 MB | 1.0/1.1 MB | 39 kB | 0.8/2.3 MB | 93/500 kB
Progress (5): 6.7/18 MB | 1.0/1.1 MB | 39 kB | 0.8/2.3 MB | 93/500 kB
Progress (5): 6.7/18 MB | 1.0/1.1 MB | 39 kB | 0.8/2.3 MB | 93/500 kB
Progress (5): 6.7/18 MB | 1.0/1.1 MB | 39 kB | 0.8/2.3 MB | 93/500 kB
Progress (5): 6.8/18 MB | 1.0/1.1 MB | 39 kB | 0.8/2.3 MB | 93/500 kB
Progress (5): 6.8/18 MB | 1.0/1.1 MB | 39 kB | 0.8/2.3 MB | 93/500 kB
Progress (5): 6.8/18 MB | 1.0/1.1 MB | 39 kB | 0.8/2.3 MB | 93/500 kB
Progress (5): 6.8/18 MB | 1.0/1.1 MB | 39 kB | 0.8/2.3 MB | 93/500 kB
Progress (5): 6.8/18 MB | 1.0/1.1 MB | 39 kB | 0.8/2.3 MB | 93/500 kB
Progress (5): 6.8/18 MB | 1.0/1.1 MB | 39 kB | 0.8/2.3 MB | 93/500 kB
Progress (5): 6.8/18 MB | 1.0/1.1 MB | 39 kB | 0.9/2.3 MB | 93/500 kB
Progress (5): 6.8/18 MB | 1.0/1.1 MB | 39 kB | 0.9/2.3 MB | 93/500 kB
Progress (5): 6.8/18 MB | 1.0/1.1 MB | 39 kB | 0.9/2.3 MB | 93/500 kB
Progress (5): 6.8/18 MB | 1.0/1.1 MB | 39 kB | 0.9/2.3 MB | 93/500 kB
Progress (5): 6.8/18 MB | 1.0/1.1 MB | 39 kB | 0.9/2.3 MB | 93/500 kB
Progress (5): 6.8/18 MB | 1.0/1.1 MB | 39 kB | 0.9/2.3 MB | 93/500 kB
Progress (5): 6.8/18 MB | 1.0/1.1 MB | 39 kB | 0.9/2.3 MB | 93/500 kB
Progress (5): 6.9/18 MB | 1.0/1.1 MB | 39 kB | 0.9/2.3 MB | 93/500 kB
Progress (5): 6.9/18 MB | 1.0/1.1 MB | 39 kB | 0.9/2.3 MB | 93/500 kB
Progress (5): 6.9/18 MB | 1.0/1.1 MB | 39 kB | 0.9/2.3 MB | 93/500 kB
Progress (5): 6.9/18 MB | 1.0/1.1 MB | 39 kB | 0.9/2.3 MB | 93/500 kB
Progress (5): 6.9/18 MB | 1.0/1.1 MB | 39 kB | 0.9/2.3 MB | 110/500 kB
Progress (5): 6.9/18 MB | 1.0/1.1 MB | 39 kB | 0.9/2.3 MB | 126/500 kB
Progress (5): 6.9/18 MB | 1.0/1.1 MB | 39 kB | 0.9/2.3 MB | 126/500 kB
Progress (5): 6.9/18 MB | 1.0/1.1 MB | 39 kB | 1.0/2.3 MB | 126/500 kB
Progress (5): 6.9/18 MB | 1.0/1.1 MB | 39 kB | 1.0/2.3 MB | 126/500 kB
Progress (5): 6.9/18 MB | 1.0/1.1 MB | 39 kB | 1.0/2.3 MB | 126/500 kB
Progress (5): 6.9/18 MB | 1.0/1.1 MB | 39 kB | 1.0/2.3 MB | 126/500 kB
Progress (5): 6.9/18 MB | 1.0/1.1 MB | 39 kB | 1.0/2.3 MB | 126/500 kB
Progress (5): 6.9/18 MB | 1.0/1.1 MB | 39 kB | 1.0/2.3 MB | 126/500 kB
Progress (5): 7.0/18 MB | 1.0/1.1 MB | 39 kB | 1.0/2.3 MB | 126/500 kB
Progress (5): 7.0/18 MB | 1.0/1.1 MB | 39 kB | 1.0/2.3 MB | 126/500 kB
Progress (5): 7.0/18 MB | 1.0/1.1 MB | 39 kB | 1.0/2.3 MB | 126/500 kB
Progress (5): 7.0/18 MB | 1.0/1.1 MB | 39 kB | 1.0/2.3 MB | 126/500 kB
Progress (5): 7.0/18 MB | 1.0/1.1 MB | 39 kB | 1.0/2.3 MB | 126/500 kB
Progress (5): 7.0/18 MB | 1.0/1.1 MB | 39 kB | 1.0/2.3 MB | 126/500 kB
Progress (5): 7.0/18 MB | 1.0/1.1 MB | 39 kB | 1.0/2.3 MB | 126/500 kB
Progress (5): 7.0/18 MB | 1.0/1.1 MB | 39 kB | 1.0/2.3 MB | 142/500 kB
Progress (5): 7.0/18 MB | 1.0/1.1 MB | 39 kB | 1.0/2.3 MB | 142/500 kB
Progress (5): 7.0/18 MB | 1.0/1.1 MB | 39 kB | 1.1/2.3 MB | 142/500 kB
Progress (5): 7.0/18 MB | 1.0/1.1 MB | 39 kB | 1.1/2.3 MB | 142/500 kB
Progress (5): 7.0/18 MB | 1.0/1.1 MB | 39 kB | 1.1/2.3 MB | 142/500 kB
Progress (5): 7.1/18 MB | 1.0/1.1 MB | 39 kB | 1.1/2.3 MB | 142/500 kB
Progress (5): 7.1/18 MB | 1.0/1.1 MB | 39 kB | 1.1/2.3 MB | 142/500 kB
Progress (5): 7.1/18 MB | 1.0/1.1 MB | 39 kB | 1.1/2.3 MB | 142/500 kB
Progress (5): 7.1/18 MB | 1.0/1.1 MB | 39 kB | 1.1/2.3 MB | 142/500 kB
Progress (5): 7.1/18 MB | 1.0/1.1 MB | 39 kB | 1.1/2.3 MB | 159/500 kB
Progress (5): 7.1/18 MB | 1.0/1.1 MB | 39 kB | 1.1/2.3 MB | 159/500 kB
Progress (5): 7.1/18 MB | 1.0/1.1 MB | 39 kB | 1.1/2.3 MB | 159/500 kB
Progress (5): 7.2/18 MB | 1.0/1.1 MB | 39 kB | 1.1/2.3 MB | 159/500 kB
Progress (5): 7.2/18 MB | 1.0/1.1 MB | 39 kB | 1.1/2.3 MB | 159/500 kB
Progress (5): 7.2/18 MB | 1.0/1.1 MB | 39 kB | 1.1/2.3 MB | 159/500 kB
Progress (5): 7.2/18 MB | 1.0/1.1 MB | 39 kB | 1.1/2.3 MB | 159/500 kB
Progress (5): 7.2/18 MB | 1.0/1.1 MB | 39 kB | 1.1/2.3 MB | 159/500 kB
Progress (5): 7.2/18 MB | 1.0/1.1 MB | 39 kB | 1.1/2.3 MB | 159/500 kB
Progress (5): 7.2/18 MB | 1.0/1.1 MB | 39 kB | 1.1/2.3 MB | 159/500 kB
Progress (5): 7.2/18 MB | 1.0/1.1 MB | 39 kB | 1.1/2.3 MB | 159/500 kB
                                                                      
Downloaded from central: https://repo.maven.apache.org/maven2/com/github/docker-java/docker-java-transport/3.7.1/docker-java-transport-3.7.1.jar (39 kB at 28 kB/s)
Progress (4): 7.2/18 MB | 1.0/1.1 MB | 1.2/2.3 MB | 159/500 kB
Progress (4): 7.2/18 MB | 1.0/1.1 MB | 1.2/2.3 MB | 159/500 kB
Progress (4): 7.2/18 MB | 1.0/1.1 MB | 1.2/2.3 MB | 159/500 kB
Progress (4): 7.2/18 MB | 1.0/1.1 MB | 1.2/2.3 MB | 159/500 kB
Progress (4): 7.2/18 MB | 1.0/1.1 MB | 1.2/2.3 MB | 159/500 kB
Progress (4): 7.2/18 MB | 1.0/1.1 MB | 1.2/2.3 MB | 159/500 kB
Progress (4): 7.3/18 MB | 1.0/1.1 MB | 1.2/2.3 MB | 159/500 kB
Progress (4): 7.3/18 MB | 1.0/1.1 MB | 1.2/2.3 MB | 159/500 kB
Progress (4): 7.3/18 MB | 1.0/1.1 MB | 1.2/2.3 MB | 159/500 kB
                                                              
Downloading from central: https://repo.maven.apache.org/maven2/net/java/dev/jna/jna/5.18.1/jna-5.18.1.jar
Progress (4): 7.3/18 MB | 1.0/1.1 MB | 1.2/2.3 MB | 175/500 kB
Progress (4): 7.3/18 MB | 1.0/1.1 MB | 1.2/2.3 MB | 175/500 kB
Progress (4): 7.3/18 MB | 1.0/1.1 MB | 1.2/2.3 MB | 175/500 kB
Progress (4): 7.3/18 MB | 1.0/1.1 MB | 1.2/2.3 MB | 175/500 kB
Progress (4): 7.3/18 MB | 1.0/1.1 MB | 1.2/2.3 MB | 175/500 kB
Progress (4): 7.3/18 MB | 1.0/1.1 MB | 1.2/2.3 MB | 175/500 kB
Progress (4): 7.3/18 MB | 1.0/1.1 MB | 1.3/2.3 MB | 175/500 kB
Progress (4): 7.3/18 MB | 1.0/1.1 MB | 1.3/2.3 MB | 175/500 kB
Progress (4): 7.3/18 MB | 1.0/1.1 MB | 1.3/2.3 MB | 192/500 kB
Progress (4): 7.3/18 MB | 1.0/1.1 MB | 1.3/2.3 MB | 192/500 kB
Progress (4): 7.3/18 MB | 1.0/1.1 MB | 1.3/2.3 MB | 192/500 kB
Progress (4): 7.3/18 MB | 1.0/1.1 MB | 1.3/2.3 MB | 192/500 kB
Progress (4): 7.4/18 MB | 1.0/1.1 MB | 1.3/2.3 MB | 192/500 kB
Progress (4): 7.4/18 MB | 1.1/1.1 MB | 1.3/2.3 MB | 192/500 kB
Progress (4): 7.4/18 MB | 1.1/1.1 MB | 1.3/2.3 MB | 192/500 kB
Progress (4): 7.4/18 MB | 1.1/1.1 MB | 1.3/2.3 MB | 208/500 kB
Progress (4): 7.4/18 MB | 1.1/1.1 MB | 1.3/2.3 MB | 208/500 kB
Progress (4): 7.4/18 MB | 1.1/1.1 MB | 1.3/2.3 MB | 208/500 kB
Progress (4): 7.4/18 MB | 1.1/1.1 MB | 1.3/2.3 MB | 208/500 kB
Progress (4): 7.4/18 MB | 1.1/1.1 MB | 1.3/2.3 MB | 208/500 kB
Progress (4): 7.4/18 MB | 1.1/1.1 MB | 1.3/2.3 MB | 224/500 kB
Progress (4): 7.4/18 MB | 1.1/1.1 MB | 1.3/2.3 MB | 224/500 kB
Progress (4): 7.4/18 MB | 1.1/1.1 MB | 1.3/2.3 MB | 241/500 kB
Progress (4): 7.4/18 MB | 1.1/1.1 MB | 1.3/2.3 MB | 241/500 kB
Progress (4): 7.4/18 MB | 1.1/1.1 MB | 1.3/2.3 MB | 241/500 kB
Progress (4): 7.4/18 MB | 1.1/1.1 MB | 1.4/2.3 MB | 241/500 kB
Progress (4): 7.4/18 MB | 1.1/1.1 MB | 1.4/2.3 MB | 241/500 kB
Progress (4): 7.4/18 MB | 1.1/1.1 MB | 1.4/2.3 MB | 241/500 kB
Progress (4): 7.4/18 MB | 1.1/1.1 MB | 1.4/2.3 MB | 241/500 kB
Progress (4): 7.4/18 MB | 1.1/1.1 MB | 1.4/2.3 MB | 241/500 kB
Progress (4): 7.4/18 MB | 1.1/1.1 MB | 1.4/2.3 MB | 241/500 kB
Progress (4): 7.4/18 MB | 1.1/1.1 MB | 1.4/2.3 MB | 241/500 kB
Progress (4): 7.5/18 MB | 1.1/1.1 MB | 1.4/2.3 MB | 241/500 kB
Progress (4): 7.5/18 MB | 1.1/1.1 MB | 1.4/2.3 MB | 241/500 kB
Progress (4): 7.5/18 MB | 1.1/1.1 MB | 1.4/2.3 MB | 241/500 kB
Progress (4): 7.5/18 MB | 1.1/1.1 MB | 1.5/2.3 MB | 241/500 kB
Progress (4): 7.5/18 MB | 1.1/1.1 MB | 1.5/2.3 MB | 241/500 kB
Progress (4): 7.5/18 MB | 1.1/1.1 MB | 1.5/2.3 MB | 241/500 kB
Progress (4): 7.5/18 MB | 1.1/1.1 MB | 1.5/2.3 MB | 241/500 kB
Progress (4): 7.5/18 MB | 1.1/1.1 MB | 1.5/2.3 MB | 241/500 kB
Progress (4): 7.5/18 MB | 1.1/1.1 MB | 1.5/2.3 MB | 241/500 kB
Progress (4): 7.5/18 MB | 1.1/1.1 MB | 1.5/2.3 MB | 241/500 kB
Progress (4): 7.5/18 MB | 1.1/1.1 MB | 1.5/2.3 MB | 241/500 kB
Progress (4): 7.5/18 MB | 1.1/1.1 MB | 1.5/2.3 MB | 241/500 kB
Progress (4): 7.5/18 MB | 1.1/1.1 MB | 1.6/2.3 MB | 241/500 kB
Progress (4): 7.5/18 MB | 1.1/1.1 MB | 1.6/2.3 MB | 241/500 kB
Progress (4): 7.5/18 MB | 1.1/1.1 MB | 1.6/2.3 MB | 241/500 kB
Progress (4): 7.6/18 MB | 1.1/1.1 MB | 1.6/2.3 MB | 241/500 kB
Progress (4): 7.6/18 MB | 1.1/1.1 MB | 1.6/2.3 MB | 241/500 kB
Progress (4): 7.6/18 MB | 1.1/1.1 MB | 1.6/2.3 MB | 241/500 kB
Progress (4): 7.6/18 MB | 1.1/1.1 MB | 1.6/2.3 MB | 241/500 kB
Progress (4): 7.6/18 MB | 1.1/1.1 MB | 1.6/2.3 MB | 241/500 kB
Progress (4): 7.6/18 MB | 1.1/1.1 MB | 1.6/2.3 MB | 241/500 kB
Progress (4): 7.6/18 MB | 1.1/1.1 MB | 1.6/2.3 MB | 241/500 kB
Progress (4): 7.6/18 MB | 1.1/1.1 MB | 1.6/2.3 MB | 241/500 kB
Progress (4): 7.6/18 MB | 1.1/1.1 MB | 1.6/2.3 MB | 241/500 kB
Progress (4): 7.6/18 MB | 1.1/1.1 MB | 1.6/2.3 MB | 241/500 kB
Progress (4): 7.6/18 MB | 1.1/1.1 MB | 1.6/2.3 MB | 241/500 kB
Progress (4): 7.6/18 MB | 1.1/1.1 MB | 1.6/2.3 MB | 241/500 kB
Progress (4): 7.6/18 MB | 1.1/1.1 MB | 1.6/2.3 MB | 241/500 kB
Progress (4): 7.6/18 MB | 1.1/1.1 MB | 1.7/2.3 MB | 241/500 kB
Progress (4): 7.6/18 MB | 1.1/1.1 MB | 1.7/2.3 MB | 241/500 kB
Progress (4): 7.7/18 MB | 1.1/1.1 MB | 1.7/2.3 MB | 241/500 kB
Progress (4): 7.7/18 MB | 1.1/1.1 MB | 1.7/2.3 MB | 241/500 kB
Progress (4): 7.7/18 MB | 1.1/1.1 MB | 1.7/2.3 MB | 241/500 kB
Progress (4): 7.7/18 MB | 1.1/1.1 MB | 1.7/2.3 MB | 241/500 kB
Progress (4): 7.7/18 MB | 1.1/1.1 MB | 1.7/2.3 MB | 241/500 kB
Progress (4): 7.7/18 MB | 1.1/1.1 MB | 1.7/2.3 MB | 241/500 kB
Progress (4): 7.8/18 MB | 1.1/1.1 MB | 1.7/2.3 MB | 241/500 kB
Progress (4): 7.8/18 MB | 1.1/1.1 MB | 1.7/2.3 MB | 241/500 kB
Progress (4): 7.8/18 MB | 1.1/1.1 MB | 1.7/2.3 MB | 241/500 kB
Progress (4): 7.8/18 MB | 1.1/1.1 MB | 1.7/2.3 MB | 241/500 kB
Progress (4): 7.8/18 MB | 1.1 MB | 1.7/2.3 MB | 241/500 kB    
Progress (4): 7.8/18 MB | 1.1 MB | 1.7/2.3 MB | 241/500 kB
Progress (4): 7.8/18 MB | 1.1 MB | 1.7/2.3 MB | 241/500 kB
Progress (4): 7.8/18 MB | 1.1 MB | 1.7/2.3 MB | 241/500 kB
Progress (4): 7.8/18 MB | 1.1 MB | 1.7/2.3 MB | 241/500 kB
Progress (4): 7.8/18 MB | 1.1 MB | 1.8/2.3 MB | 241/500 kB
Progress (4): 7.8/18 MB | 1.1 MB | 1.8/2.3 MB | 241/500 kB
Progress (4): 7.8/18 MB | 1.1 MB | 1.8/2.3 MB | 241/500 kB
Progress (4): 7.8/18 MB | 1.1 MB | 1.8/2.3 MB | 241/500 kB
Progress (4): 7.8/18 MB | 1.1 MB | 1.8/2.3 MB | 241/500 kB
Progress (4): 7.8/18 MB | 1.1 MB | 1.8/2.3 MB | 241/500 kB
Progress (4): 7.8/18 MB | 1.1 MB | 1.9/2.3 MB | 241/500 kB
Progress (4): 7.8/18 MB | 1.1 MB | 1.9/2.3 MB | 241/500 kB
Progress (4): 7.8/18 MB | 1.1 MB | 1.9/2.3 MB | 241/500 kB
Progress (4): 7.8/18 MB | 1.1 MB | 1.9/2.3 MB | 241/500 kB
Progress (4): 7.8/18 MB | 1.1 MB | 1.9/2.3 MB | 241/500 kB
Progress (4): 7.8/18 MB | 1.1 MB | 1.9/2.3 MB | 241/500 kB
Progress (4): 7.8/18 MB | 1.1 MB | 1.9/2.3 MB | 241/500 kB
Progress (4): 7.8/18 MB | 1.1 MB | 1.9/2.3 MB | 241/500 kB
Progress (4): 7.9/18 MB | 1.1 MB | 1.9/2.3 MB | 241/500 kB
Progress (4): 7.9/18 MB | 1.1 MB | 1.9/2.3 MB | 241/500 kB
Progress (4): 7.9/18 MB | 1.1 MB | 1.9/2.3 MB | 241/500 kB
Progress (4): 7.9/18 MB | 1.1 MB | 1.9/2.3 MB | 241/500 kB
Progress (4): 7.9/18 MB | 1.1 MB | 1.9/2.3 MB | 241/500 kB
Progress (4): 7.9/18 MB | 1.1 MB | 2.0/2.3 MB | 241/500 kB
Progress (4): 7.9/18 MB | 1.1 MB | 2.0/2.3 MB | 241/500 kB
Progress (4): 7.9/18 MB | 1.1 MB | 2.0/2.3 MB | 241/500 kB
Progress (4): 7.9/18 MB | 1.1 MB | 2.0/2.3 MB | 241/500 kB
Progress (4): 7.9/18 MB | 1.1 MB | 2.0/2.3 MB | 241/500 kB
Progress (4): 7.9/18 MB | 1.1 MB | 2.0/2.3 MB | 241/500 kB
Progress (4): 8.0/18 MB | 1.1 MB | 2.0/2.3 MB | 241/500 kB
Progress (4): 8.0/18 MB | 1.1 MB | 2.0/2.3 MB | 241/500 kB
Progress (4): 8.0/18 MB | 1.1 MB | 2.0/2.3 MB | 241/500 kB
Progress (4): 8.0/18 MB | 1.1 MB | 2.0/2.3 MB | 241/500 kB
Progress (4): 8.0/18 MB | 1.1 MB | 2.0/2.3 MB | 241/500 kB
Progress (4): 8.0/18 MB | 1.1 MB | 2.0/2.3 MB | 241/500 kB
Progress (4): 8.1/18 MB | 1.1 MB | 2.0/2.3 MB | 241/500 kB
Progress (4): 8.1/18 MB | 1.1 MB | 2.0/2.3 MB | 241/500 kB
Progress (4): 8.1/18 MB | 1.1 MB | 2.0/2.3 MB | 241/500 kB
Progress (4): 8.1/18 MB | 1.1 MB | 2.0/2.3 MB | 241/500 kB
Progress (4): 8.1/18 MB | 1.1 MB | 2.0/2.3 MB | 241/500 kB
Progress (4): 8.1/18 MB | 1.1 MB | 2.0/2.3 MB | 241/500 kB
Progress (4): 8.1/18 MB | 1.1 MB | 2.0/2.3 MB | 241/500 kB
Progress (4): 8.1/18 MB | 1.1 MB | 2.0/2.3 MB | 241/500 kB
Progress (4): 8.1/18 MB | 1.1 MB | 2.0/2.3 MB | 241/500 kB
Progress (4): 8.1/18 MB | 1.1 MB | 2.1/2.3 MB | 241/500 kB
Progress (4): 8.1/18 MB | 1.1 MB | 2.1/2.3 MB | 241/500 kB
Progress (4): 8.2/18 MB | 1.1 MB | 2.1/2.3 MB | 241/500 kB
Progress (4): 8.2/18 MB | 1.1 MB | 2.1/2.3 MB | 241/500 kB
Progress (4): 8.2/18 MB | 1.1 MB | 2.1/2.3 MB | 241/500 kB
Progress (4): 8.2/18 MB | 1.1 MB | 2.1/2.3 MB | 241/500 kB
Progress (4): 8.2/18 MB | 1.1 MB | 2.1/2.3 MB | 241/500 kB
Progress (4): 8.2/18 MB | 1.1 MB | 2.1/2.3 MB | 241/500 kB
Progress (4): 8.3/18 MB | 1.1 MB | 2.1/2.3 MB | 241/500 kB
Progress (4): 8.3/18 MB | 1.1 MB | 2.1/2.3 MB | 241/500 kB
Progress (4): 8.3/18 MB | 1.1 MB | 2.1/2.3 MB | 241/500 kB
Progress (4): 8.3/18 MB | 1.1 MB | 2.1/2.3 MB | 241/500 kB
Progress (4): 8.3/18 MB | 1.1 MB | 2.1/2.3 MB | 241/500 kB
Progress (4): 8.3/18 MB | 1.1 MB | 2.1/2.3 MB | 241/500 kB
Progress (4): 8.3/18 MB | 1.1 MB | 2.1/2.3 MB | 241/500 kB
Progress (4): 8.3/18 MB | 1.1 MB | 2.1/2.3 MB | 241/500 kB
Progress (4): 8.4/18 MB | 1.1 MB | 2.1/2.3 MB | 241/500 kB
Progress (4): 8.4/18 MB | 1.1 MB | 2.1/2.3 MB | 241/500 kB
Progress (4): 8.4/18 MB | 1.1 MB | 2.1/2.3 MB | 241/500 kB
Progress (4): 8.4/18 MB | 1.1 MB | 2.1/2.3 MB | 241/500 kB
Progress (4): 8.4/18 MB | 1.1 MB | 2.1/2.3 MB | 241/500 kB
Progress (4): 8.4/18 MB | 1.1 MB | 2.1/2.3 MB | 241/500 kB
Progress (4): 8.5/18 MB | 1.1 MB | 2.1/2.3 MB | 241/500 kB
Progress (4): 8.5/18 MB | 1.1 MB | 2.1/2.3 MB | 241/500 kB
Progress (4): 8.5/18 MB | 1.1 MB | 2.1/2.3 MB | 241/500 kB
Progress (4): 8.5/18 MB | 1.1 MB | 2.1/2.3 MB | 241/500 kB
Progress (4): 8.5/18 MB | 1.1 MB | 2.1/2.3 MB | 241/500 kB
Progress (4): 8.5/18 MB | 1.1 MB | 2.1/2.3 MB | 241/500 kB
Progress (4): 8.6/18 MB | 1.1 MB | 2.1/2.3 MB | 241/500 kB
Progress (4): 8.6/18 MB | 1.1 MB | 2.1/2.3 MB | 241/500 kB
Progress (4): 8.6/18 MB | 1.1 MB | 2.1/2.3 MB | 241/500 kB
Progress (4): 8.6/18 MB | 1.1 MB | 2.1/2.3 MB | 241/500 kB
Progress (4): 8.6/18 MB | 1.1 MB | 2.1/2.3 MB | 241/500 kB
Progress (4): 8.6/18 MB | 1.1 MB | 2.1/2.3 MB | 241/500 kB
Progress (4): 8.7/18 MB | 1.1 MB | 2.1/2.3 MB | 241/500 kB
Progress (4): 8.7/18 MB | 1.1 MB | 2.1/2.3 MB | 241/500 kB
Progress (4): 8.7/18 MB | 1.1 MB | 2.1/2.3 MB | 241/500 kB
Progress (4): 8.7/18 MB | 1.1 MB | 2.1/2.3 MB | 241/500 kB
Progress (4): 8.7/18 MB | 1.1 MB | 2.1/2.3 MB | 241/500 kB
Progress (4): 8.7/18 MB | 1.1 MB | 2.1/2.3 MB | 241/500 kB
Progress (4): 8.7/18 MB | 1.1 MB | 2.1/2.3 MB | 241/500 kB
Progress (4): 8.8/18 MB | 1.1 MB | 2.1/2.3 MB | 241/500 kB
Progress (4): 8.8/18 MB | 1.1 MB | 2.1/2.3 MB | 241/500 kB
Progress (4): 8.8/18 MB | 1.1 MB | 2.1/2.3 MB | 241/500 kB
Progress (4): 8.8/18 MB | 1.1 MB | 2.1/2.3 MB | 241/500 kB
Progress (4): 8.8/18 MB | 1.1 MB | 2.1/2.3 MB | 241/500 kB
Progress (4): 8.8/18 MB | 1.1 MB | 2.1/2.3 MB | 241/500 kB
Progress (4): 8.9/18 MB | 1.1 MB | 2.1/2.3 MB | 241/500 kB
Progress (4): 8.9/18 MB | 1.1 MB | 2.1/2.3 MB | 241/500 kB
Progress (4): 8.9/18 MB | 1.1 MB | 2.1/2.3 MB | 241/500 kB
Progress (4): 8.9/18 MB | 1.1 MB | 2.1/2.3 MB | 241/500 kB
Progress (4): 8.9/18 MB | 1.1 MB | 2.1/2.3 MB | 241/500 kB
Progress (4): 8.9/18 MB | 1.1 MB | 2.1/2.3 MB | 241/500 kB
Progress (4): 8.9/18 MB | 1.1 MB | 2.1/2.3 MB | 241/500 kB
Progress (4): 9.0/18 MB | 1.1 MB | 2.1/2.3 MB | 241/500 kB
Progress (4): 9.0/18 MB | 1.1 MB | 2.1/2.3 MB | 241/500 kB
Progress (4): 9.0/18 MB | 1.1 MB | 2.1/2.3 MB | 241/500 kB
Progress (4): 9.0/18 MB | 1.1 MB | 2.1/2.3 MB | 241/500 kB
Progress (4): 9.0/18 MB | 1.1 MB | 2.1/2.3 MB | 241/500 kB
Progress (4): 9.0/18 MB | 1.1 MB | 2.1/2.3 MB | 241/500 kB
Progress (4): 9.0/18 MB | 1.1 MB | 2.1/2.3 MB | 241/500 kB
Progress (4): 9.0/18 MB | 1.1 MB | 2.1/2.3 MB | 241/500 kB
Progress (4): 9.0/18 MB | 1.1 MB | 2.1/2.3 MB | 241/500 kB
Progress (4): 9.1/18 MB | 1.1 MB | 2.1/2.3 MB | 241/500 kB
Progress (4): 9.1/18 MB | 1.1 MB | 2.1/2.3 MB | 241/500 kB
Progress (4): 9.1/18 MB | 1.1 MB | 2.1/2.3 MB | 241/500 kB
Progress (4): 9.1/18 MB | 1.1 MB | 2.1/2.3 MB | 241/500 kB
Progress (4): 9.1/18 MB | 1.1 MB | 2.2/2.3 MB | 241/500 kB
Progress (4): 9.1/18 MB | 1.1 MB | 2.2/2.3 MB | 241/500 kB
Progress (4): 9.1/18 MB | 1.1 MB | 2.2/2.3 MB | 241/500 kB
Progress (4): 9.1/18 MB | 1.1 MB | 2.2/2.3 MB | 241/500 kB
Progress (4): 9.1/18 MB | 1.1 MB | 2.2/2.3 MB | 241/500 kB
Progress (4): 9.1/18 MB | 1.1 MB | 2.2/2.3 MB | 241/500 kB
Progress (4): 9.1/18 MB | 1.1 MB | 2.2/2.3 MB | 241/500 kB
Progress (4): 9.2/18 MB | 1.1 MB | 2.2/2.3 MB | 241/500 kB
Progress (4): 9.2/18 MB | 1.1 MB | 2.2/2.3 MB | 241/500 kB
Progress (4): 9.2/18 MB | 1.1 MB | 2.2/2.3 MB | 241/500 kB
Progress (4): 9.2/18 MB | 1.1 MB | 2.2/2.3 MB | 241/500 kB
Progress (4): 9.2/18 MB | 1.1 MB | 2.2/2.3 MB | 241/500 kB
Progress (4): 9.2/18 MB | 1.1 MB | 2.3/2.3 MB | 241/500 kB
Progress (4): 9.2/18 MB | 1.1 MB | 2.3/2.3 MB | 241/500 kB
Progress (4): 9.2/18 MB | 1.1 MB | 2.3/2.3 MB | 241/500 kB
Progress (4): 9.2/18 MB | 1.1 MB | 2.3/2.3 MB | 241/500 kB
Progress (4): 9.2/18 MB | 1.1 MB | 2.3/2.3 MB | 241/500 kB
Progress (4): 9.2/18 MB | 1.1 MB | 2.3/2.3 MB | 241/500 kB
Progress (4): 9.2/18 MB | 1.1 MB | 2.3 MB | 241/500 kB    
Progress (4): 9.2/18 MB | 1.1 MB | 2.3 MB | 241/500 kB
                                                      
Downloaded from central: https://repo.maven.apache.org/maven2/org/apache/commons/commons-compress/1.28.0/commons-compress-1.28.0.jar (1.1 MB at 756 kB/s)
Downloading from central: https://repo.maven.apache.org/maven2/org/testcontainers/testcontainers-junit-jupiter/2.0.5/testcontainers-junit-jupiter-2.0.5.jar
Progress (3): 9.2/18 MB | 2.3 MB | 241/500 kB
Progress (3): 9.3/18 MB | 2.3 MB | 241/500 kB
Progress (3): 9.3/18 MB | 2.3 MB | 241/500 kB
Progress (3): 9.3/18 MB | 2.3 MB | 241/500 kB
Progress (3): 9.3/18 MB | 2.3 MB | 241/500 kB
Progress (3): 9.3/18 MB | 2.3 MB | 241/500 kB
Progress (3): 9.3/18 MB | 2.3 MB | 241/500 kB
Progress (3): 9.4/18 MB | 2.3 MB | 241/500 kB
Progress (3): 9.4/18 MB | 2.3 MB | 241/500 kB
Progress (3): 9.4/18 MB | 2.3 MB | 241/500 kB
Progress (3): 9.4/18 MB | 2.3 MB | 257/500 kB
Progress (3): 9.4/18 MB | 2.3 MB | 257/500 kB
Progress (3): 9.4/18 MB | 2.3 MB | 273/500 kB
Progress (3): 9.4/18 MB | 2.3 MB | 273/500 kB
Progress (3): 9.4/18 MB | 2.3 MB | 273/500 kB
Progress (3): 9.5/18 MB | 2.3 MB | 273/500 kB
Progress (3): 9.5/18 MB | 2.3 MB | 273/500 kB
Progress (3): 9.5/18 MB | 2.3 MB | 273/500 kB
Progress (3): 9.5/18 MB | 2.3 MB | 273/500 kB
Progress (3): 9.5/18 MB | 2.3 MB | 273/500 kB
Progress (3): 9.5/18 MB | 2.3 MB | 290/500 kB
Progress (3): 9.5/18 MB | 2.3 MB | 290/500 kB
Progress (3): 9.6/18 MB | 2.3 MB | 290/500 kB
Progress (3): 9.6/18 MB | 2.3 MB | 290/500 kB
Progress (3): 9.6/18 MB | 2.3 MB | 290/500 kB
Progress (3): 9.6/18 MB | 2.3 MB | 306/500 kB
Progress (3): 9.6/18 MB | 2.3 MB | 306/500 kB
Progress (3): 9.6/18 MB | 2.3 MB | 306/500 kB
Progress (3): 9.6/18 MB | 2.3 MB | 323/500 kB
Progress (3): 9.6/18 MB | 2.3 MB | 339/500 kB
Progress (3): 9.6/18 MB | 2.3 MB | 339/500 kB
Progress (3): 9.7/18 MB | 2.3 MB | 339/500 kB
Progress (3): 9.7/18 MB | 2.3 MB | 339/500 kB
Progress (3): 9.7/18 MB | 2.3 MB | 339/500 kB
Progress (3): 9.7/18 MB | 2.3 MB | 339/500 kB
Progress (3): 9.7/18 MB | 2.3 MB | 339/500 kB
Progress (3): 9.7/18 MB | 2.3 MB | 339/500 kB
Progress (3): 9.8/18 MB | 2.3 MB | 339/500 kB
Progress (3): 9.8/18 MB | 2.3 MB | 355/500 kB
Progress (3): 9.8/18 MB | 2.3 MB | 355/500 kB
Progress (3): 9.8/18 MB | 2.3 MB | 355/500 kB
Progress (3): 9.8/18 MB | 2.3 MB | 355/500 kB
Progress (3): 9.8/18 MB | 2.3 MB | 372/500 kB
Progress (3): 9.8/18 MB | 2.3 MB | 372/500 kB
Progress (3): 9.8/18 MB | 2.3 MB | 372/500 kB
Progress (3): 9.8/18 MB | 2.3 MB | 372/500 kB
Progress (3): 9.9/18 MB | 2.3 MB | 372/500 kB
Progress (3): 9.9/18 MB | 2.3 MB | 372/500 kB
Progress (3): 9.9/18 MB | 2.3 MB | 372/500 kB
Progress (3): 9.9/18 MB | 2.3 MB | 388/500 kB
Progress (3): 9.9/18 MB | 2.3 MB | 388/500 kB
Progress (3): 9.9/18 MB | 2.3 MB | 388/500 kB
Progress (3): 9.9/18 MB | 2.3 MB | 388/500 kB
Progress (3): 10.0/18 MB | 2.3 MB | 388/500 kB
Progress (3): 10.0/18 MB | 2.3 MB | 388/500 kB
Progress (3): 10.0/18 MB | 2.3 MB | 388/500 kB
Progress (3): 10/18 MB | 2.3 MB | 388/500 kB  
Progress (3): 10/18 MB | 2.3 MB | 388/500 kB
Progress (3): 10/18 MB | 2.3 MB | 388/500 kB
Progress (3): 10/18 MB | 2.3 MB | 388/500 kB
Progress (3): 10/18 MB | 2.3 MB | 388/500 kB
Progress (3): 10/18 MB | 2.3 MB | 388/500 kB
Progress (3): 10/18 MB | 2.3 MB | 388/500 kB
Progress (3): 10/18 MB | 2.3 MB | 405/500 kB
Progress (3): 10/18 MB | 2.3 MB | 405/500 kB
Progress (3): 10/18 MB | 2.3 MB | 405/500 kB
Progress (3): 10/18 MB | 2.3 MB | 405/500 kB
Progress (3): 10/18 MB | 2.3 MB | 405/500 kB
Progress (3): 10/18 MB | 2.3 MB | 405/500 kB
Progress (3): 10/18 MB | 2.3 MB | 405/500 kB
Progress (3): 10/18 MB | 2.3 MB | 405/500 kB
Progress (3): 10/18 MB | 2.3 MB | 405/500 kB
Progress (3): 10/18 MB | 2.3 MB | 405/500 kB
Progress (3): 10/18 MB | 2.3 MB | 405/500 kB
Progress (3): 10/18 MB | 2.3 MB | 405/500 kB
Progress (3): 10/18 MB | 2.3 MB | 405/500 kB
Progress (3): 10/18 MB | 2.3 MB | 405/500 kB
Progress (3): 10/18 MB | 2.3 MB | 405/500 kB
Progress (3): 10/18 MB | 2.3 MB | 405/500 kB
Progress (3): 10/18 MB | 2.3 MB | 405/500 kB
Progress (3): 10/18 MB | 2.3 MB | 405/500 kB
Progress (3): 10/18 MB | 2.3 MB | 405/500 kB
Progress (3): 10/18 MB | 2.3 MB | 405/500 kB
Progress (3): 10/18 MB | 2.3 MB | 405/500 kB
Progress (3): 10/18 MB | 2.3 MB | 421/500 kB
Progress (3): 10/18 MB | 2.3 MB | 421/500 kB
Progress (3): 10/18 MB | 2.3 MB | 421/500 kB
Progress (3): 10/18 MB | 2.3 MB | 421/500 kB
Progress (3): 10/18 MB | 2.3 MB | 421/500 kB
Progress (3): 11/18 MB | 2.3 MB | 421/500 kB
Progress (3): 11/18 MB | 2.3 MB | 421/500 kB
Progress (3): 11/18 MB | 2.3 MB | 421/500 kB
Progress (3): 11/18 MB | 2.3 MB | 421/500 kB
Progress (3): 11/18 MB | 2.3 MB | 421/500 kB
Progress (3): 11/18 MB | 2.3 MB | 421/500 kB
Progress (3): 11/18 MB | 2.3 MB | 421/500 kB
Progress (3): 11/18 MB | 2.3 MB | 421/500 kB
Progress (3): 11/18 MB | 2.3 MB | 421/500 kB
Progress (3): 11/18 MB | 2.3 MB | 421/500 kB
                                            
Downloaded from central: https://repo.maven.apache.org/maven2/com/github/docker-java/docker-java-transport-zerodep/3.7.1/docker-java-transport-zerodep-3.7.1.jar (2.3 MB at 1.5 MB/s)
Progress (2): 11/18 MB | 421/500 kB
Progress (2): 11/18 MB | 421/500 kB
Progress (2): 11/18 MB | 421/500 kB
Progress (2): 11/18 MB | 421/500 kB
Progress (2): 11/18 MB | 421/500 kB
Progress (2): 11/18 MB | 421/500 kB
Progress (2): 11/18 MB | 437/500 kB
Progress (2): 11/18 MB | 437/500 kB
Progress (2): 11/18 MB | 437/500 kB
Progress (2): 11/18 MB | 437/500 kB
Progress (2): 11/18 MB | 437/500 kB
Progress (2): 11/18 MB | 437/500 kB
Progress (2): 11/18 MB | 437/500 kB
Progress (2): 11/18 MB | 437/500 kB
Progress (2): 11/18 MB | 437/500 kB
Progress (2): 11/18 MB | 437/500 kB
Progress (2): 11/18 MB | 437/500 kB
Progress (2): 11/18 MB | 437/500 kB
Progress (2): 11/18 MB | 437/500 kB
Progress (2): 11/18 MB | 437/500 kB
Progress (2): 11/18 MB | 437/500 kB
Progress (2): 11/18 MB | 437/500 kB
Progress (2): 11/18 MB | 437/500 kB
Progress (2): 11/18 MB | 437/500 kB
Progress (2): 11/18 MB | 437/500 kB
Progress (2): 11/18 MB | 437/500 kB
Progress (2): 11/18 MB | 437/500 kB
Progress (2): 11/18 MB | 437/500 kB
Progress (2): 11/18 MB | 437/500 kB
Progress (2): 11/18 MB | 437/500 kB
Progress (2): 11/18 MB | 437/500 kB
Progress (2): 11/18 MB | 437/500 kB
Progress (2): 11/18 MB | 437/500 kB
Progress (2): 11/18 MB | 437/500 kB
Progress (2): 11/18 MB | 437/500 kB
Progress (2): 11/18 MB | 437/500 kB
Progress (2): 11/18 MB | 437/500 kB
Progress (2): 11/18 MB | 437/500 kB
Progress (2): 11/18 MB | 437/500 kB
Progress (2): 11/18 MB | 437/500 kB
Progress (2): 11/18 MB | 437/500 kB
Progress (2): 11/18 MB | 437/500 kB
Progress (2): 11/18 MB | 437/500 kB
Progress (2): 11/18 MB | 437/500 kB
Progress (2): 11/18 MB | 437/500 kB
Progress (2): 11/18 MB | 437/500 kB
Progress (2): 11/18 MB | 437/500 kB
Progress (2): 11/18 MB | 437/500 kB
Progress (2): 11/18 MB | 437/500 kB
Progress (2): 11/18 MB | 437/500 kB
Progress (2): 11/18 MB | 454/500 kB
Progress (2): 11/18 MB | 454/500 kB
Progress (2): 11/18 MB | 454/500 kB
Progress (2): 11/18 MB | 454/500 kB
Progress (2): 11/18 MB | 454/500 kB
Progress (2): 11/18 MB | 454/500 kB
Progress (2): 12/18 MB | 454/500 kB
Progress (2): 12/18 MB | 454/500 kB
Progress (2): 12/18 MB | 454/500 kB
Progress (2): 12/18 MB | 454/500 kB
Progress (2): 12/18 MB | 454/500 kB
Progress (2): 12/18 MB | 454/500 kB
Progress (2): 12/18 MB | 454/500 kB
Progress (2): 12/18 MB | 454/500 kB
Progress (2): 12/18 MB | 454/500 kB
Progress (2): 12/18 MB | 454/500 kB
Progress (2): 12/18 MB | 454/500 kB
Progress (2): 12/18 MB | 454/500 kB
Progress (2): 12/18 MB | 454/500 kB
Progress (2): 12/18 MB | 454/500 kB
Progress (2): 12/18 MB | 454/500 kB
Progress (2): 12/18 MB | 454/500 kB
Progress (2): 12/18 MB | 454/500 kB
Progress (2): 12/18 MB | 454/500 kB
Progress (2): 12/18 MB | 470/500 kB
Progress (2): 12/18 MB | 470/500 kB
Progress (2): 12/18 MB | 470/500 kB
Progress (2): 12/18 MB | 470/500 kB
Progress (2): 12/18 MB | 470/500 kB
Progress (3): 12/18 MB | 470/500 kB | 0/2.0 MB
Progress (3): 12/18 MB | 470/500 kB | 0/2.0 MB
Progress (3): 12/18 MB | 470/500 kB | 0/2.0 MB
Progress (3): 12/18 MB | 470/500 kB | 0/2.0 MB
Progress (3): 12/18 MB | 470/500 kB | 0/2.0 MB
Progress (3): 12/18 MB | 470/500 kB | 0.1/2.0 MB
Progress (3): 12/18 MB | 470/500 kB | 0.1/2.0 MB
Progress (3): 12/18 MB | 470/500 kB | 0.1/2.0 MB
Progress (3): 12/18 MB | 470/500 kB | 0.1/2.0 MB
Progress (3): 12/18 MB | 470/500 kB | 0.1/2.0 MB
Progress (3): 12/18 MB | 470/500 kB | 0.1/2.0 MB
Progress (3): 12/18 MB | 470/500 kB | 0.1/2.0 MB
Progress (3): 12/18 MB | 470/500 kB | 0.1/2.0 MB
Progress (3): 12/18 MB | 470/500 kB | 0.1/2.0 MB
Progress (3): 12/18 MB | 470/500 kB | 0.1/2.0 MB
Progress (3): 12/18 MB | 470/500 kB | 0.2/2.0 MB
Progress (3): 12/18 MB | 470/500 kB | 0.2/2.0 MB
Progress (3): 12/18 MB | 470/500 kB | 0.2/2.0 MB
Progress (3): 12/18 MB | 470/500 kB | 0.2/2.0 MB
Progress (3): 12/18 MB | 486/500 kB | 0.2/2.0 MB
Progress (3): 12/18 MB | 486/500 kB | 0.2/2.0 MB
Progress (3): 12/18 MB | 486/500 kB | 0.2/2.0 MB
Progress (3): 12/18 MB | 486/500 kB | 0.2/2.0 MB
Progress (3): 12/18 MB | 486/500 kB | 0.2/2.0 MB
Progress (3): 12/18 MB | 486/500 kB | 0.2/2.0 MB
Progress (3): 12/18 MB | 486/500 kB | 0.2/2.0 MB
Progress (3): 12/18 MB | 486/500 kB | 0.2/2.0 MB
Progress (3): 12/18 MB | 486/500 kB | 0.2/2.0 MB
Progress (3): 12/18 MB | 486/500 kB | 0.2/2.0 MB
Progress (3): 12/18 MB | 486/500 kB | 0.2/2.0 MB
Progress (3): 12/18 MB | 486/500 kB | 0.2/2.0 MB
Progress (3): 12/18 MB | 486/500 kB | 0.3/2.0 MB
Progress (3): 12/18 MB | 486/500 kB | 0.3/2.0 MB
Progress (3): 12/18 MB | 486/500 kB | 0.3/2.0 MB
Progress (3): 12/18 MB | 486/500 kB | 0.3/2.0 MB
Progress (3): 12/18 MB | 500 kB | 0.3/2.0 MB    
Progress (3): 12/18 MB | 500 kB | 0.3/2.0 MB
Progress (3): 12/18 MB | 500 kB | 0.3/2.0 MB
Progress (3): 12/18 MB | 500 kB | 0.3/2.0 MB
Progress (3): 12/18 MB | 500 kB | 0.3/2.0 MB
Progress (3): 12/18 MB | 500 kB | 0.3/2.0 MB
Progress (3): 12/18 MB | 500 kB | 0.3/2.0 MB
Progress (3): 12/18 MB | 500 kB | 0.3/2.0 MB
Progress (3): 12/18 MB | 500 kB | 0.4/2.0 MB
Progress (3): 12/18 MB | 500 kB | 0.4/2.0 MB
Progress (3): 12/18 MB | 500 kB | 0.4/2.0 MB
Progress (3): 12/18 MB | 500 kB | 0.4/2.0 MB
Progress (3): 12/18 MB | 500 kB | 0.4/2.0 MB
Progress (3): 12/18 MB | 500 kB | 0.4/2.0 MB
Progress (3): 12/18 MB | 500 kB | 0.4/2.0 MB
Progress (3): 12/18 MB | 500 kB | 0.4/2.0 MB
Progress (3): 12/18 MB | 500 kB | 0.4/2.0 MB
Progress (3): 12/18 MB | 500 kB | 0.4/2.0 MB
Progress (3): 12/18 MB | 500 kB | 0.4/2.0 MB
Progress (3): 12/18 MB | 500 kB | 0.5/2.0 MB
Progress (3): 12/18 MB | 500 kB | 0.5/2.0 MB
Progress (3): 12/18 MB | 500 kB | 0.5/2.0 MB
Progress (3): 12/18 MB | 500 kB | 0.5/2.0 MB
Progress (3): 12/18 MB | 500 kB | 0.5/2.0 MB
Progress (3): 12/18 MB | 500 kB | 0.5/2.0 MB
Progress (3): 12/18 MB | 500 kB | 0.5/2.0 MB
Progress (3): 12/18 MB | 500 kB | 0.5/2.0 MB
Progress (3): 12/18 MB | 500 kB | 0.5/2.0 MB
Progress (3): 12/18 MB | 500 kB | 0.5/2.0 MB
Progress (3): 12/18 MB | 500 kB | 0.5/2.0 MB
Progress (3): 12/18 MB | 500 kB | 0.5/2.0 MB
Progress (3): 12/18 MB | 500 kB | 0.5/2.0 MB
Progress (3): 12/18 MB | 500 kB | 0.5/2.0 MB
Progress (3): 12/18 MB | 500 kB | 0.5/2.0 MB
Progress (3): 12/18 MB | 500 kB | 0.6/2.0 MB
Progress (3): 12/18 MB | 500 kB | 0.6/2.0 MB
Progress (3): 12/18 MB | 500 kB | 0.6/2.0 MB
Progress (3): 12/18 MB | 500 kB | 0.6/2.0 MB
Progress (3): 12/18 MB | 500 kB | 0.6/2.0 MB
Progress (3): 12/18 MB | 500 kB | 0.6/2.0 MB
Progress (3): 12/18 MB | 500 kB | 0.6/2.0 MB
Progress (3): 12/18 MB | 500 kB | 0.6/2.0 MB
Progress (3): 12/18 MB | 500 kB | 0.6/2.0 MB
Progress (3): 12/18 MB | 500 kB | 0.6/2.0 MB
Progress (3): 12/18 MB | 500 kB | 0.6/2.0 MB
Progress (3): 12/18 MB | 500 kB | 0.7/2.0 MB
Progress (3): 12/18 MB | 500 kB | 0.7/2.0 MB
Progress (3): 12/18 MB | 500 kB | 0.7/2.0 MB
Progress (3): 12/18 MB | 500 kB | 0.7/2.0 MB
Progress (3): 12/18 MB | 500 kB | 0.7/2.0 MB
Progress (3): 12/18 MB | 500 kB | 0.7/2.0 MB
                                            
Downloaded from central: https://repo.maven.apache.org/maven2/com/github/docker-java/docker-java-api/3.7.1/docker-java-api-3.7.1.jar (500 kB at 323 kB/s)
Progress (2): 12/18 MB | 0.7/2.0 MB
Progress (2): 13/18 MB | 0.7/2.0 MB
Progress (2): 13/18 MB | 0.7/2.0 MB
Progress (2): 13/18 MB | 0.7/2.0 MB
Progress (2): 13/18 MB | 0.7/2.0 MB
Progress (2): 13/18 MB | 0.7/2.0 MB
Progress (2): 13/18 MB | 0.7/2.0 MB
Progress (2): 13/18 MB | 0.7/2.0 MB
Progress (2): 13/18 MB | 0.7/2.0 MB
Progress (2): 13/18 MB | 0.8/2.0 MB
Progress (2): 13/18 MB | 0.8/2.0 MB
Progress (2): 13/18 MB | 0.8/2.0 MB
Progress (2): 13/18 MB | 0.8/2.0 MB
Progress (2): 13/18 MB | 0.8/2.0 MB
Progress (2): 13/18 MB | 0.8/2.0 MB
Progress (2): 13/18 MB | 0.8/2.0 MB
Progress (2): 13/18 MB | 0.8/2.0 MB
Progress (2): 13/18 MB | 0.8/2.0 MB
Progress (2): 13/18 MB | 0.8/2.0 MB
Progress (2): 13/18 MB | 0.8/2.0 MB
Progress (2): 13/18 MB | 0.8/2.0 MB
Progress (2): 13/18 MB | 0.8/2.0 MB
Progress (2): 13/18 MB | 0.9/2.0 MB
Progress (2): 13/18 MB | 0.9/2.0 MB
Progress (2): 13/18 MB | 0.9/2.0 MB
Progress (2): 13/18 MB | 0.9/2.0 MB
Progress (2): 13/18 MB | 0.9/2.0 MB
Progress (2): 13/18 MB | 0.9/2.0 MB
Progress (2): 13/18 MB | 0.9/2.0 MB
Progress (2): 13/18 MB | 0.9/2.0 MB
Progress (2): 13/18 MB | 0.9/2.0 MB
Progress (2): 13/18 MB | 0.9/2.0 MB
Progress (2): 13/18 MB | 0.9/2.0 MB
Progress (2): 13/18 MB | 0.9/2.0 MB
Progress (2): 13/18 MB | 0.9/2.0 MB
Progress (2): 13/18 MB | 0.9/2.0 MB
Progress (2): 13/18 MB | 1.0/2.0 MB
Progress (2): 13/18 MB | 1.0/2.0 MB
Progress (2): 13/18 MB | 1.0/2.0 MB
Progress (2): 13/18 MB | 1.0/2.0 MB
Progress (2): 13/18 MB | 1.0/2.0 MB
Progress (2): 13/18 MB | 1.0/2.0 MB
Progress (2): 13/18 MB | 1.0/2.0 MB
Progress (2): 13/18 MB | 1.0/2.0 MB
Progress (2): 13/18 MB | 1.0/2.0 MB
Progress (2): 13/18 MB | 1.0/2.0 MB
Progress (2): 13/18 MB | 1.0/2.0 MB
Progress (2): 13/18 MB | 1.1/2.0 MB
Progress (2): 13/18 MB | 1.1/2.0 MB
Progress (2): 13/18 MB | 1.1/2.0 MB
Progress (2): 13/18 MB | 1.1/2.0 MB
Progress (2): 13/18 MB | 1.1/2.0 MB
Progress (2): 13/18 MB | 1.1/2.0 MB
Progress (2): 13/18 MB | 1.1/2.0 MB
Progress (2): 13/18 MB | 1.1/2.0 MB
Progress (2): 13/18 MB | 1.1/2.0 MB
Progress (2): 13/18 MB | 1.1/2.0 MB
Progress (2): 13/18 MB | 1.1/2.0 MB
Progress (2): 13/18 MB | 1.1/2.0 MB
Progress (2): 13/18 MB | 1.1/2.0 MB
Progress (2): 13/18 MB | 1.1/2.0 MB
Progress (2): 13/18 MB | 1.2/2.0 MB
Progress (2): 13/18 MB | 1.2/2.0 MB
Progress (2): 13/18 MB | 1.2/2.0 MB
Progress (2): 13/18 MB | 1.2/2.0 MB
Progress (2): 13/18 MB | 1.2/2.0 MB
Progress (2): 13/18 MB | 1.2/2.0 MB
Progress (2): 13/18 MB | 1.2/2.0 MB
Progress (2): 13/18 MB | 1.2/2.0 MB
Progress (2): 13/18 MB | 1.2/2.0 MB
Progress (2): 13/18 MB | 1.3/2.0 MB
Progress (2): 13/18 MB | 1.3/2.0 MB
Progress (2): 13/18 MB | 1.3/2.0 MB
Progress (2): 13/18 MB | 1.3/2.0 MB
Progress (2): 13/18 MB | 1.3/2.0 MB
Progress (2): 13/18 MB | 1.3/2.0 MB
Progress (2): 13/18 MB | 1.3/2.0 MB
Progress (2): 13/18 MB | 1.3/2.0 MB
Progress (2): 13/18 MB | 1.3/2.0 MB
Progress (2): 13/18 MB | 1.3/2.0 MB
Progress (2): 13/18 MB | 1.3/2.0 MB
Progress (2): 13/18 MB | 1.3/2.0 MB
Progress (2): 13/18 MB | 1.4/2.0 MB
Progress (2): 13/18 MB | 1.4/2.0 MB
Progress (2): 13/18 MB | 1.4/2.0 MB
Progress (2): 13/18 MB | 1.4/2.0 MB
Progress (2): 13/18 MB | 1.4/2.0 MB
Progress (2): 13/18 MB | 1.4/2.0 MB
Progress (2): 13/18 MB | 1.4/2.0 MB
Progress (2): 13/18 MB | 1.4/2.0 MB
Progress (2): 13/18 MB | 1.4/2.0 MB
Progress (2): 13/18 MB | 1.5/2.0 MB
Progress (2): 13/18 MB | 1.5/2.0 MB
Progress (2): 13/18 MB | 1.5/2.0 MB
Progress (2): 13/18 MB | 1.5/2.0 MB
Progress (2): 13/18 MB | 1.5/2.0 MB
Progress (2): 13/18 MB | 1.5/2.0 MB
Progress (2): 13/18 MB | 1.5/2.0 MB
Progress (2): 13/18 MB | 1.5/2.0 MB
Progress (2): 13/18 MB | 1.5/2.0 MB
Progress (2): 13/18 MB | 1.5/2.0 MB
Progress (2): 13/18 MB | 1.5/2.0 MB
Progress (2): 13/18 MB | 1.5/2.0 MB
Progress (2): 13/18 MB | 1.5/2.0 MB
Progress (2): 13/18 MB | 1.5/2.0 MB
Progress (2): 13/18 MB | 1.5/2.0 MB
Progress (2): 13/18 MB | 1.6/2.0 MB
Progress (2): 13/18 MB | 1.6/2.0 MB
Progress (2): 13/18 MB | 1.6/2.0 MB
Progress (2): 13/18 MB | 1.6/2.0 MB
Progress (2): 13/18 MB | 1.6/2.0 MB
Progress (2): 13/18 MB | 1.6/2.0 MB
Progress (2): 13/18 MB | 1.6/2.0 MB
Progress (2): 13/18 MB | 1.6/2.0 MB
Progress (2): 13/18 MB | 1.6/2.0 MB
Progress (2): 13/18 MB | 1.7/2.0 MB
Progress (2): 13/18 MB | 1.7/2.0 MB
Progress (2): 13/18 MB | 1.7/2.0 MB
Progress (2): 13/18 MB | 1.7/2.0 MB
Progress (2): 13/18 MB | 1.7/2.0 MB
Progress (2): 13/18 MB | 1.7/2.0 MB
Progress (2): 13/18 MB | 1.8/2.0 MB
Progress (2): 13/18 MB | 1.8/2.0 MB
Progress (2): 13/18 MB | 1.8/2.0 MB
Progress (2): 13/18 MB | 1.8/2.0 MB
Progress (2): 13/18 MB | 1.8/2.0 MB
Progress (2): 13/18 MB | 1.8/2.0 MB
Progress (2): 13/18 MB | 1.9/2.0 MB
Progress (2): 13/18 MB | 1.9/2.0 MB
Progress (2): 13/18 MB | 1.9/2.0 MB
Progress (2): 13/18 MB | 1.9/2.0 MB
Progress (2): 13/18 MB | 1.9/2.0 MB
Progress (2): 13/18 MB | 1.9/2.0 MB
Progress (2): 13/18 MB | 1.9/2.0 MB
Progress (2): 13/18 MB | 1.9/2.0 MB
Progress (2): 13/18 MB | 1.9/2.0 MB
Progress (2): 13/18 MB | 1.9/2.0 MB
Progress (2): 13/18 MB | 1.9/2.0 MB
Progress (2): 13/18 MB | 2.0/2.0 MB
Progress (2): 13/18 MB | 2.0/2.0 MB
Progress (2): 13/18 MB | 2.0/2.0 MB
Progress (2): 13/18 MB | 2.0/2.0 MB
Progress (2): 13/18 MB | 2.0 MB    
Progress (2): 13/18 MB | 2.0 MB
Progress (2): 13/18 MB | 2.0 MB
Progress (2): 14/18 MB | 2.0 MB
Progress (2): 14/18 MB | 2.0 MB
Progress (2): 14/18 MB | 2.0 MB
Progress (2): 14/18 MB | 2.0 MB
Progress (2): 14/18 MB | 2.0 MB
Progress (3): 14/18 MB | 2.0 MB | 7.7/15 kB
Progress (3): 14/18 MB | 2.0 MB | 15 kB    
Progress (3): 14/18 MB | 2.0 MB | 15 kB
Progress (3): 14/18 MB | 2.0 MB | 15 kB
Progress (3): 14/18 MB | 2.0 MB | 15 kB
Progress (3): 14/18 MB | 2.0 MB | 15 kB
Progress (3): 14/18 MB | 2.0 MB | 15 kB
Progress (3): 14/18 MB | 2.0 MB | 15 kB
Progress (3): 14/18 MB | 2.0 MB | 15 kB
Progress (3): 14/18 MB | 2.0 MB | 15 kB
Progress (3): 14/18 MB | 2.0 MB | 15 kB
Progress (3): 14/18 MB | 2.0 MB | 15 kB
Progress (3): 14/18 MB | 2.0 MB | 15 kB
Progress (3): 14/18 MB | 2.0 MB | 15 kB
Progress (3): 14/18 MB | 2.0 MB | 15 kB
Progress (3): 14/18 MB | 2.0 MB | 15 kB
Progress (3): 14/18 MB | 2.0 MB | 15 kB
Progress (3): 14/18 MB | 2.0 MB | 15 kB
Progress (3): 14/18 MB | 2.0 MB | 15 kB
Progress (3): 14/18 MB | 2.0 MB | 15 kB
Progress (3): 14/18 MB | 2.0 MB | 15 kB
Progress (3): 14/18 MB | 2.0 MB | 15 kB
Progress (3): 14/18 MB | 2.0 MB | 15 kB
Progress (3): 14/18 MB | 2.0 MB | 15 kB
Progress (3): 14/18 MB | 2.0 MB | 15 kB
Progress (3): 14/18 MB | 2.0 MB | 15 kB
Progress (3): 14/18 MB | 2.0 MB | 15 kB
Progress (3): 14/18 MB | 2.0 MB | 15 kB
Progress (3): 14/18 MB | 2.0 MB | 15 kB
Progress (3): 14/18 MB | 2.0 MB | 15 kB
Progress (3): 14/18 MB | 2.0 MB | 15 kB
Progress (3): 14/18 MB | 2.0 MB | 15 kB
Progress (3): 14/18 MB | 2.0 MB | 15 kB
Progress (3): 14/18 MB | 2.0 MB | 15 kB
Progress (3): 14/18 MB | 2.0 MB | 15 kB
Progress (3): 14/18 MB | 2.0 MB | 15 kB
Progress (3): 14/18 MB | 2.0 MB | 15 kB
Progress (3): 14/18 MB | 2.0 MB | 15 kB
Progress (3): 14/18 MB | 2.0 MB | 15 kB
Progress (3): 14/18 MB | 2.0 MB | 15 kB
Progress (3): 14/18 MB | 2.0 MB | 15 kB
Progress (3): 14/18 MB | 2.0 MB | 15 kB
Progress (3): 14/18 MB | 2.0 MB | 15 kB
Progress (3): 14/18 MB | 2.0 MB | 15 kB
Progress (3): 14/18 MB | 2.0 MB | 15 kB
Progress (3): 14/18 MB | 2.0 MB | 15 kB
Progress (3): 14/18 MB | 2.0 MB | 15 kB
Progress (3): 14/18 MB | 2.0 MB | 15 kB
Progress (3): 14/18 MB | 2.0 MB | 15 kB
Progress (3): 14/18 MB | 2.0 MB | 15 kB
                                       
Downloaded from central: https://repo.maven.apache.org/maven2/org/testcontainers/testcontainers-junit-jupiter/2.0.5/testcontainers-junit-jupiter-2.0.5.jar (15 kB at 9.3 kB/s)
Progress (2): 14/18 MB | 2.0 MB
Progress (2): 14/18 MB | 2.0 MB
Progress (2): 14/18 MB | 2.0 MB
Progress (2): 14/18 MB | 2.0 MB
Progress (2): 14/18 MB | 2.0 MB
Progress (2): 14/18 MB | 2.0 MB
Progress (2): 14/18 MB | 2.0 MB
Progress (2): 14/18 MB | 2.0 MB
Progress (2): 14/18 MB | 2.0 MB
Progress (2): 15/18 MB | 2.0 MB
Progress (2): 15/18 MB | 2.0 MB
Progress (2): 15/18 MB | 2.0 MB
Progress (2): 15/18 MB | 2.0 MB
Progress (2): 15/18 MB | 2.0 MB
Progress (2): 15/18 MB | 2.0 MB
Progress (2): 15/18 MB | 2.0 MB
Progress (2): 15/18 MB | 2.0 MB
Progress (2): 15/18 MB | 2.0 MB
Progress (2): 15/18 MB | 2.0 MB
Progress (2): 15/18 MB | 2.0 MB
Progress (2): 15/18 MB | 2.0 MB
                               
Downloaded from central: https://repo.maven.apache.org/maven2/net/java/dev/jna/jna/5.18.1/jna-5.18.1.jar (2.0 MB at 1.2 MB/s)
Progress (1): 15/18 MB
Progress (1): 15/18 MB
Progress (1): 15/18 MB
Progress (1): 15/18 MB
Progress (1): 15/18 MB
Progress (1): 15/18 MB
Progress (1): 15/18 MB
Progress (1): 15/18 MB
Progress (1): 15/18 MB
Progress (1): 15/18 MB
Progress (1): 15/18 MB
Progress (1): 15/18 MB
Progress (1): 15/18 MB
Progress (1): 15/18 MB
Progress (1): 15/18 MB
Progress (1): 15/18 MB
Progress (1): 15/18 MB
Progress (1): 15/18 MB
Progress (1): 15/18 MB
Progress (1): 15/18 MB
Progress (1): 15/18 MB
Progress (1): 15/18 MB
Progress (1): 15/18 MB
Progress (1): 15/18 MB
Progress (1): 15/18 MB
Progress (1): 15/18 MB
Progress (1): 15/18 MB
Progress (1): 15/18 MB
Progress (1): 15/18 MB
Progress (1): 15/18 MB
Progress (1): 15/18 MB
Progress (1): 15/18 MB
Progress (1): 15/18 MB
Progress (1): 15/18 MB
Progress (1): 15/18 MB
Progress (1): 15/18 MB
Progress (1): 15/18 MB
Progress (1): 15/18 MB
Progress (1): 15/18 MB
Progress (1): 15/18 MB
Progress (1): 15/18 MB
Progress (1): 15/18 MB
Progress (1): 15/18 MB
Progress (1): 15/18 MB
Progress (1): 15/18 MB
Progress (1): 15/18 MB
Progress (1): 15/18 MB
Progress (1): 15/18 MB
Progress (1): 15/18 MB
Progress (1): 15/18 MB
Progress (1): 16/18 MB
Progress (1): 16/18 MB
Progress (1): 16/18 MB
Progress (1): 16/18 MB
Progress (1): 16/18 MB
Progress (1): 16/18 MB
Progress (1): 16/18 MB
Progress (1): 16/18 MB
Progress (1): 16/18 MB
Progress (1): 16/18 MB
Progress (1): 16/18 MB
Progress (1): 16/18 MB
Progress (1): 16/18 MB
Progress (1): 16/18 MB
Progress (1): 16/18 MB
Progress (1): 16/18 MB
Progress (1): 16/18 MB
Progress (1): 16/18 MB
Progress (1): 16/18 MB
Progress (1): 16/18 MB
Progress (1): 16/18 MB
Progress (1): 16/18 MB
Progress (1): 16/18 MB
Progress (1): 16/18 MB
Progress (1): 16/18 MB
Progress (1): 16/18 MB
Progress (1): 16/18 MB
Progress (1): 16/18 MB
Progress (1): 16/18 MB
Progress (1): 16/18 MB
Progress (1): 16/18 MB
Progress (1): 16/18 MB
Progress (1): 16/18 MB
Progress (1): 16/18 MB
Progress (1): 16/18 MB
Progress (1): 16/18 MB
Progress (1): 16/18 MB
Progress (1): 16/18 MB
Progress (1): 16/18 MB
Progress (1): 16/18 MB
Progress (1): 16/18 MB
Progress (1): 16/18 MB
Progress (1): 16/18 MB
Progress (1): 16/18 MB
Progress (1): 16/18 MB
Progress (1): 16/18 MB
Progress (1): 16/18 MB
Progress (1): 16/18 MB
Progress (1): 16/18 MB
Progress (1): 16/18 MB
Progress (1): 16/18 MB
Progress (1): 16/18 MB
Progress (1): 16/18 MB
Progress (1): 16/18 MB
Progress (1): 16/18 MB
Progress (1): 16/18 MB
Progress (1): 16/18 MB
Progress (1): 16/18 MB
Progress (1): 16/18 MB
Progress (1): 16/18 MB
Progress (1): 16/18 MB
Progress (1): 17/18 MB
Progress (1): 17/18 MB
Progress (1): 17/18 MB
Progress (1): 17/18 MB
Progress (1): 17/18 MB
Progress (1): 17/18 MB
Progress (1): 17/18 MB
Progress (1): 17/18 MB
Progress (1): 17/18 MB
Progress (1): 17/18 MB
Progress (1): 17/18 MB
Progress (1): 17/18 MB
Progress (1): 17/18 MB
Progress (1): 17/18 MB
Progress (1): 17/18 MB
Progress (1): 17/18 MB
Progress (1): 17/18 MB
Progress (1): 17/18 MB
Progress (1): 17/18 MB
Progress (1): 17/18 MB
Progress (1): 17/18 MB
Progress (1): 17/18 MB
Progress (1): 17/18 MB
Progress (1): 17/18 MB
Progress (1): 17/18 MB
Progress (1): 17/18 MB
Progress (1): 17/18 MB
Progress (1): 17/18 MB
Progress (1): 17/18 MB
Progress (1): 17/18 MB
Progress (1): 17/18 MB
Progress (1): 17/18 MB
Progress (1): 17/18 MB
Progress (1): 17/18 MB
Progress (1): 17/18 MB
Progress (1): 17/18 MB
Progress (1): 17/18 MB
Progress (1): 17/18 MB
Progress (1): 17/18 MB
Progress (1): 17/18 MB
Progress (1): 17/18 MB
Progress (1): 17/18 MB
Progress (1): 17/18 MB
Progress (1): 17/18 MB
Progress (1): 17/18 MB
Progress (1): 17/18 MB
Progress (1): 17/18 MB
Progress (1): 17/18 MB
Progress (1): 17/18 MB
Progress (1): 17/18 MB
Progress (1): 17/18 MB
Progress (1): 17/18 MB
Progress (1): 17/18 MB
Progress (1): 17/18 MB
Progress (1): 17/18 MB
Progress (1): 17/18 MB
Progress (1): 17/18 MB
Progress (1): 17/18 MB
Progress (1): 17/18 MB
Progress (1): 17/18 MB
Progress (1): 17/18 MB
Progress (1): 18/18 MB
Progress (1): 18/18 MB
Progress (1): 18/18 MB
Progress (1): 18/18 MB
Progress (1): 18/18 MB
Progress (1): 18/18 MB
Progress (1): 18/18 MB
Progress (1): 18/18 MB
Progress (1): 18/18 MB
Progress (1): 18/18 MB
Progress (1): 18/18 MB
Progress (1): 18/18 MB
Progress (1): 18/18 MB
Progress (1): 18/18 MB
Progress (1): 18/18 MB
Progress (1): 18/18 MB
Progress (1): 18/18 MB
Progress (1): 18/18 MB
Progress (1): 18 MB   
                   
Downloaded from central: https://repo.maven.apache.org/maven2/org/testcontainers/testcontainers/2.0.5/testcontainers-2.0.5.jar (18 MB at 9.5 MB/s)
[INFO] 
[INFO] --- clean:3.5.0:clean (default-clean) @ course-management ---
[INFO] Deleting C:\Users\user\Desktop\Code\visual code\CCNLTHD\spring-boot-course-management\backend\target
[INFO] 
[INFO] --- resources:3.5.0:resources (default-resources) @ course-management ---
[INFO] Copying 1 resource from src\main\resources to target\classes
[INFO] Copying 1 resource from src\main\resources to target\classes
[INFO] 
[INFO] --- compiler:3.15.0:compile (default-compile) @ course-management ---
[INFO] Recompiling the module because of changed dependency.
[INFO] Compiling 38 source files with javac [debug parameters release 21] to target\classes
[INFO] 
[INFO] --- resources:3.5.0:testResources (default-testResources) @ course-management ---
[INFO] Copying 2 resources from src\test\resources to target\test-classes
[INFO] 
[INFO] --- compiler:3.15.0:testCompile (default-testCompile) @ course-management ---
[INFO] Recompiling the module because of changed dependency.
[INFO] Compiling 11 source files with javac [debug parameters release 21] to target\test-classes
[INFO] 
[INFO] --- surefire:3.5.6:test (default-test) @ course-management ---
[INFO] Using auto detected provider org.apache.maven.surefire.junitplatform.JUnitPlatformProvider
[INFO] 
[INFO] -------------------------------------------------------
[INFO]  T E S T S
[INFO] -------------------------------------------------------
[INFO] Running com.ccnlthd.course_management.BusinessExceptionTests
Mockito is currently self-attaching to enable the inline-mock-maker. This will no longer work in future releases of the JDK. Please add Mockito as an agent to your build as described in Mockito's documentation: https://javadoc.io/doc/org.mockito/mockito-core/latest/org.mockito/org/mockito/Mockito.html#0.3
WARNING: A Java agent has been loaded dynamically (C:\Users\user\.m2\repository\net\bytebuddy\byte-buddy-agent\1.18.11\byte-buddy-agent-1.18.11.jar)
WARNING: If a serviceability tool is in use, please run with -XX:+EnableDynamicAgentLoading to hide this warning
WARNING: If a serviceability tool is not in use, please run with -Djdk.instrument.traceUsage for more information
WARNING: Dynamic loading of agents will be disallowed by default in a future release
Java HotSpot(TM) 64-Bit Server VM warning: Sharing is only supported for boot loader classes because bootstrap classpath has been appended
[INFO] Tests run: 3, Failures: 0, Errors: 0, Skipped: 0, Time elapsed: 4.533 s -- in com.ccnlthd.course_management.BusinessExceptionTests
[INFO] Running com.ccnlthd.course_management.CategoryCrudTests
16:22:20.128 [main] INFO org.hibernate.validator.internal.util.Version -- HV000001: Hibernate Validator 9.1.3.Final
16:22:23.645 [main] INFO org.springframework.mock.web.MockServletContext -- Initializing Spring TestDispatcherServlet ''
16:22:23.647 [main] INFO org.springframework.test.web.servlet.TestDispatcherServlet -- Initializing Servlet ''
16:22:23.656 [main] INFO org.springframework.test.web.servlet.TestDispatcherServlet -- Completed initialization in 6 ms
16:22:24.608 [main] INFO org.springframework.mock.web.MockServletContext -- Initializing Spring TestDispatcherServlet ''
16:22:24.608 [main] INFO org.springframework.test.web.servlet.TestDispatcherServlet -- Initializing Servlet ''
16:22:24.610 [main] INFO org.springframework.test.web.servlet.TestDispatcherServlet -- Completed initialization in 2 ms
16:22:24.799 [main] INFO org.springframework.mock.web.MockServletContext -- Initializing Spring TestDispatcherServlet ''
16:22:24.799 [main] INFO org.springframework.test.web.servlet.TestDispatcherServlet -- Initializing Servlet ''
16:22:24.823 [main] INFO org.springframework.test.web.servlet.TestDispatcherServlet -- Completed initialization in 24 ms
[INFO] Tests run: 11, Failures: 0, Errors: 0, Skipped: 0, Time elapsed: 6.152 s -- in com.ccnlthd.course_management.CategoryCrudTests
[INFO] Running com.ccnlthd.course_management.CourseCacheIntegrationTests
16:22:25.181 [main] INFO org.springframework.test.context.support.AnnotationConfigContextLoaderUtils -- Could not detect default configuration classes for test class [com.ccnlthd.course_management.CourseCacheIntegrationTests]: CourseCacheIntegrationTests does not declare any static, non-private, non-final, nested classes annotated with @Configuration.
16:22:25.327 [main] INFO org.testcontainers.images.PullPolicy -- Image pull policy will be performed by: DefaultPullPolicy()
16:22:25.333 [main] INFO org.testcontainers.utility.ImageNameSubstitutor -- Image name substitution will be performed by: DefaultImageNameSubstitutor (composite of 'ConfigurationFileImageNameSubstitutor' and 'PrefixingImageNameSubstitutor')
16:22:25.380 [main] INFO org.testcontainers.DockerClientFactory -- Testcontainers version: 2.0.5
16:22:27.264 [main] INFO org.testcontainers.dockerclient.DockerClientProviderStrategy -- Found Docker environment with local Npipe socket (npipe:////./pipe/docker_engine)
16:22:27.286 [main] INFO org.testcontainers.DockerClientFactory -- Docker host IP address is localhost
16:22:27.336 [main] INFO org.testcontainers.DockerClientFactory -- Connected to docker: 
  Server Version: 28.4.0
  API Version: 1.51
  Operating System: Docker Desktop
  Total Memory: 7791 MB
  Labels: 
    com.docker.desktop.address=npipe://\\.\pipe\docker_cli
16:22:27.565 [main] INFO tc.testcontainers/ryuk:0.14.0 -- Pulling docker image: testcontainers/ryuk:0.14.0. Please be patient; this may take some time but only needs to be done once.
16:22:27.705 [main] INFO org.testcontainers.utility.RegistryAuthLocator -- Credential helper/store (docker-credential-desktop) does not have credentials for https://index.docker.io/v1/
16:22:30.900 [docker-java-stream-347378208] INFO tc.testcontainers/ryuk:0.14.0 -- Starting to pull image
16:22:30.955 [docker-java-stream-347378208] INFO tc.testcontainers/ryuk:0.14.0 -- Pulling image layers:  0 pending,  0 downloaded,  0 extracted, (0 bytes/0 bytes)
16:22:32.154 [docker-java-stream-347378208] INFO tc.testcontainers/ryuk:0.14.0 -- Pulling image layers:  1 pending,  1 downloaded,  0 extracted, (0 bytes/? MB)
16:22:32.155 [docker-java-stream-347378208] INFO tc.testcontainers/ryuk:0.14.0 -- Pulling image layers:  1 pending,  1 downloaded,  1 extracted, (0 bytes/? MB)
16:22:32.424 [docker-java-stream-347378208] INFO tc.testcontainers/ryuk:0.14.0 -- Pulling image layers:  0 pending,  2 downloaded,  1 extracted, (1 MB/2 MB)
16:22:32.425 [docker-java-stream-347378208] INFO tc.testcontainers/ryuk:0.14.0 -- Pulling image layers:  0 pending,  2 downloaded,  2 extracted, (1 MB/2 MB)
16:22:32.430 [main] INFO tc.testcontainers/ryuk:0.14.0 -- Image testcontainers/ryuk:0.14.0 pull took PT4.8640972S
16:22:32.430 [docker-java-stream-347378208] INFO tc.testcontainers/ryuk:0.14.0 -- Pull complete. 2 layers, pulled in 1s (downloaded 1 MB at 1 MB/s)
16:22:32.563 [main] INFO tc.testcontainers/ryuk:0.14.0 -- Creating container for image: testcontainers/ryuk:0.14.0
16:22:32.806 [main] INFO tc.testcontainers/ryuk:0.14.0 -- Container testcontainers/ryuk:0.14.0 is starting: 955923fcc247ff67e6a3f8cf3a0d604c5266c53208a181cac1287515e8abaa62
16:22:33.345 [main] INFO tc.testcontainers/ryuk:0.14.0 -- Container testcontainers/ryuk:0.14.0 started in PT0.7818549S
16:22:33.373 [main] INFO org.testcontainers.utility.RyukResourceReaper -- Ryuk started - will monitor and terminate Testcontainers containers on JVM exit
16:22:33.373 [main] INFO org.testcontainers.DockerClientFactory -- Checking the system...
16:22:33.375 [main] INFO org.testcontainers.DockerClientFactory -- ?? Docker server version should be at least 1.6.0
16:22:33.382 [main] INFO tc.redis:7.4-alpine -- Pulling docker image: redis:7.4-alpine. Please be patient; this may take some time but only needs to be done once.
16:22:35.727 [docker-java-stream--1475752769] INFO tc.redis:7.4-alpine -- Starting to pull image
16:22:35.731 [docker-java-stream--1475752769] INFO tc.redis:7.4-alpine -- Pulling image layers:  0 pending,  0 downloaded,  0 extracted, (0 bytes/0 bytes)
16:22:36.796 [docker-java-stream--1475752769] INFO tc.redis:7.4-alpine -- Pulling image layers:  6 pending,  1 downloaded,  0 extracted, (0 bytes/? MB)
16:22:37.096 [docker-java-stream--1475752769] INFO tc.redis:7.4-alpine -- Pulling image layers:  5 pending,  2 downloaded,  0 extracted, (0 bytes/? MB)
16:22:37.395 [docker-java-stream--1475752769] INFO tc.redis:7.4-alpine -- Pulling image layers:  4 pending,  3 downloaded,  0 extracted, (1 MB/? MB)
16:22:37.396 [docker-java-stream--1475752769] INFO tc.redis:7.4-alpine -- Pulling image layers:  3 pending,  4 downloaded,  0 extracted, (1 MB/? MB)
16:22:37.494 [docker-java-stream--1475752769] INFO tc.redis:7.4-alpine -- Pulling image layers:  2 pending,  5 downloaded,  0 extracted, (3 MB/? MB)
16:22:37.597 [docker-java-stream--1475752769] INFO tc.redis:7.4-alpine -- Pulling image layers:  1 pending,  6 downloaded,  0 extracted, (6 MB/? MB)
16:22:37.705 [docker-java-stream--1475752769] INFO tc.redis:7.4-alpine -- Pulling image layers:  1 pending,  6 downloaded,  1 extracted, (8 MB/? MB)
16:22:37.711 [docker-java-stream--1475752769] INFO tc.redis:7.4-alpine -- Pulling image layers:  1 pending,  6 downloaded,  2 extracted, (8 MB/? MB)
16:22:37.906 [docker-java-stream--1475752769] INFO tc.redis:7.4-alpine -- Pulling image layers:  1 pending,  6 downloaded,  3 extracted, (12 MB/? MB)
16:22:37.996 [docker-java-stream--1475752769] INFO tc.redis:7.4-alpine -- Pulling image layers:  0 pending,  7 downloaded,  3 extracted, (12 MB/15 MB)
16:22:38.199 [docker-java-stream--1475752769] INFO tc.redis:7.4-alpine -- Pulling image layers:  0 pending,  7 downloaded,  4 extracted, (12 MB/15 MB)
16:22:38.200 [docker-java-stream--1475752769] INFO tc.redis:7.4-alpine -- Pulling image layers:  0 pending,  7 downloaded,  5 extracted, (12 MB/15 MB)
16:22:38.241 [docker-java-stream--1475752769] INFO tc.redis:7.4-alpine -- Pulling image layers:  0 pending,  7 downloaded,  6 extracted, (12 MB/15 MB)
16:22:38.242 [docker-java-stream--1475752769] INFO tc.redis:7.4-alpine -- Pulling image layers:  0 pending,  7 downloaded,  7 extracted, (12 MB/15 MB)
16:22:38.245 [main] INFO tc.redis:7.4-alpine -- Image redis:7.4-alpine pull took PT4.8623588S
16:22:38.245 [docker-java-stream--1475752769] INFO tc.redis:7.4-alpine -- Pull complete. 7 layers, pulled in 2s (downloaded 12 MB at 6 MB/s)
16:22:38.739 [main] INFO org.springframework.boot.test.context.SpringBootTestContextBootstrapper -- Found @SpringBootConfiguration com.ccnlthd.course_management.CourseManagementApplication for test class com.ccnlthd.course_management.CourseCacheIntegrationTests
16:22:38.836 [main] INFO org.springframework.test.context.support.AnnotationConfigContextLoaderUtils -- Could not detect default configuration classes for test class [com.ccnlthd.course_management.CourseCacheIntegrationTests]: CourseCacheIntegrationTests does not declare any static, non-private, non-final, nested classes annotated with @Configuration.
16:22:38.849 [main] INFO org.springframework.boot.test.context.SpringBootTestContextBootstrapper -- Found @SpringBootConfiguration com.ccnlthd.course_management.CourseManagementApplication for test class com.ccnlthd.course_management.CourseCacheIntegrationTests
16:22:38.895 [main] INFO tc.redis:7.4-alpine -- Creating container for image: redis:7.4-alpine
16:22:39.016 [main] INFO tc.redis:7.4-alpine -- Container redis:7.4-alpine is starting: fd28938bf8505a7c38b672d16155afc6f23388fede83dd3ba5c89027ed0a63ac
16:22:39.392 [main] INFO tc.redis:7.4-alpine -- Container redis:7.4-alpine started in PT0.4965624S

  .   ____          _            __ _ _
 /\\ / ___'_ __ _ _(_)_ __  __ _ \ \ \ \
( ( )\___ | '_ | '_| | '_ \/ _` | \ \ \ \
 \\/  ___)| |_)| | | | | || (_| |  ) ) ) )
  '  |____| .__|_| |_|_| |_\__, | / / / /
 =========|_|==============|___/=/_/_/_/

 :: Spring Boot ::                (v4.1.1)

2026-10-04T16:22:40.496+07:00 DEBUG 17432 --- [           main] o.s.b.t.s.c.ConnectionDetailsRegistrar   : Registering 'redisContainerConnectionDetailsForTest' for @ServiceConnection source for CourseCacheIntegrationTests.redis
2026-10-04T16:22:40.516+07:00  INFO 17432 --- [           main] c.c.c.CourseCacheIntegrationTests        : Starting CourseCacheIntegrationTests using Java 22.0.2 with PID 17432 (started by user in C:\Users\user\Desktop\Code\visual code\CCNLTHD\spring-boot-course-management\backend)
2026-10-04T16:22:40.518+07:00  INFO 17432 --- [           main] c.c.c.CourseCacheIntegrationTests        : No active profile set, falling back to 1 default profile: "default"
2026-10-04T16:22:40.520+07:00 DEBUG 17432 --- [           main] o.s.boot.SpringApplication               : Loading source class com.ccnlthd.course_management.CourseManagementApplication
2026-10-04T16:22:40.595+07:00 DEBUG 17432 --- [           main] o.s.w.c.s.GenericWebApplicationContext   : Refreshing org.springframework.web.context.support.GenericWebApplicationContext@3be2ef56
2026-10-04T16:22:42.853+07:00  INFO 17432 --- [           main] .s.d.r.c.RepositoryConfigurationDelegate : Multiple Spring Data modules found, entering strict repository configuration mode
2026-10-04T16:22:42.858+07:00  INFO 17432 --- [           main] .s.d.r.c.RepositoryConfigurationDelegate : Bootstrapping Spring Data JPA repositories in DEFAULT mode.
2026-10-04T16:22:42.934+07:00 DEBUG 17432 --- [           main] o.s.b.a.AutoConfigurationPackages        : @EnableAutoConfiguration was declared on a class in the package 'com.ccnlthd.course_management'. Automatic @Repository and @Entity scanning is enabled.
2026-10-04T16:22:43.116+07:00  INFO 17432 --- [           main] .s.d.r.c.RepositoryConfigurationDelegate : Finished Spring Data repository scanning in 220 ms. Found 4 JPA repository interfaces.
2026-10-04T16:22:43.196+07:00  INFO 17432 --- [           main] .s.d.r.c.RepositoryConfigurationDelegate : Multiple Spring Data modules found, entering strict repository configuration mode
2026-10-04T16:22:43.203+07:00  INFO 17432 --- [           main] .s.d.r.c.RepositoryConfigurationDelegate : Bootstrapping Spring Data Redis repositories in DEFAULT mode.
2026-10-04T16:22:43.276+07:00  INFO 17432 --- [           main] .RepositoryConfigurationExtensionSupport : Spring Data Redis - Could not safely identify store assignment for repository candidate interface com.ccnlthd.course_management.repository.CategoryRepository; If you want this repository to be a Redis repository, consider annotating your entities with one of these annotations: org.springframework.data.redis.core.RedisHash (preferred), or consider extending one of the following types with your repository: org.springframework.data.keyvalue.repository.KeyValueRepository
2026-10-04T16:22:43.277+07:00  INFO 17432 --- [           main] .RepositoryConfigurationExtensionSupport : Spring Data Redis - Could not safely identify store assignment for repository candidate interface com.ccnlthd.course_management.repository.CourseRepository; If you want this repository to be a Redis repository, consider annotating your entities with one of these annotations: org.springframework.data.redis.core.RedisHash (preferred), or consider extending one of the following types with your repository: org.springframework.data.keyvalue.repository.KeyValueRepository
2026-10-04T16:22:43.279+07:00  INFO 17432 --- [           main] .RepositoryConfigurationExtensionSupport : Spring Data Redis - Could not safely identify store assignment for repository candidate interface com.ccnlthd.course_management.repository.EnrollmentRepository; If you want this repository to be a Redis repository, consider annotating your entities with one of these annotations: org.springframework.data.redis.core.RedisHash (preferred), or consider extending one of the following types with your repository: org.springframework.data.keyvalue.repository.KeyValueRepository
2026-10-04T16:22:43.280+07:00  INFO 17432 --- [           main] .RepositoryConfigurationExtensionSupport : Spring Data Redis - Could not safely identify store assignment for repository candidate interface com.ccnlthd.course_management.repository.StudentRepository; If you want this repository to be a Redis repository, consider annotating your entities with one of these annotations: org.springframework.data.redis.core.RedisHash (preferred), or consider extending one of the following types with your repository: org.springframework.data.keyvalue.repository.KeyValueRepository
2026-10-04T16:22:43.280+07:00  INFO 17432 --- [           main] .s.d.r.c.RepositoryConfigurationDelegate : Finished Spring Data repository scanning in 45 ms. Found 0 Redis repository interfaces.
2026-10-04T16:22:46.947+07:00  INFO 17432 --- [           main] org.hibernate.orm.jpa                    : HHH008540: Processing PersistenceUnitInfo [name: default]
2026-10-04T16:22:47.160+07:00  INFO 17432 --- [           main] org.hibernate.orm.core                   : HHH000001: Hibernate ORM core version 7.4.5.Final
2026-10-04T16:22:48.147+07:00  INFO 17432 --- [           main] o.s.o.j.p.SpringPersistenceUnitInfo      : No LoadTimeWeaver setup: ignoring JPA class transformer
2026-10-04T16:22:48.269+07:00  INFO 17432 --- [           main] com.zaxxer.hikari.HikariDataSource       : HikariPool-1 - Starting...
2026-10-04T16:22:48.903+07:00  INFO 17432 --- [           main] com.zaxxer.hikari.pool.HikariPool        : HikariPool-1 - Added connection conn0: url=jdbc:h2:mem:course_management user=SA
2026-10-04T16:22:48.907+07:00  INFO 17432 --- [           main] com.zaxxer.hikari.HikariDataSource       : HikariPool-1 - Start completed.
2026-10-04T16:22:49.140+07:00  INFO 17432 --- [           main] org.hibernate.orm.connections.pooling    : HHH10001005: Database info:
	Database JDBC URL [jdbc:h2:mem:course_management]
	Database driver: H2 JDBC Driver
	Database dialect: H2Dialect
	Database version: 2.4.240
	Default catalog/schema: course_management/public
	Autocommit mode: undefined/unknown
	Isolation level: READ_COMMITTED [default READ_COMMITTED]
	JDBC fetch size: 100
	Pool: DataSourceConnectionProvider
	Minimum pool size: undefined/unknown
	Maximum pool size: undefined/unknown
2026-10-04T16:22:52.171+07:00  INFO 17432 --- [           main] org.hibernate.orm.core                   : HHH000489: No JTA platform available (set 'hibernate.transaction.jta.platform' to enable JTA platform integration)
2026-10-04T16:22:52.233+07:00 DEBUG 17432 --- [           main] org.hibernate.SQL                        : drop table if exists categories cascade 
2026-10-04T16:22:52.235+07:00 DEBUG 17432 --- [           main] org.hibernate.SQL                        : drop table if exists courses cascade 
2026-10-04T16:22:52.236+07:00 DEBUG 17432 --- [           main] org.hibernate.SQL                        : drop table if exists enrollments cascade 
2026-10-04T16:22:52.236+07:00 DEBUG 17432 --- [           main] org.hibernate.SQL                        : drop table if exists students cascade 
2026-10-04T16:22:52.248+07:00 DEBUG 17432 --- [           main] org.hibernate.SQL                        : create table categories (created_at timestamp(6) not null, id bigint generated by default as identity, updated_at timestamp(6) not null, name varchar(100) not null unique, description varchar(500), primary key (id))
2026-10-04T16:22:52.276+07:00 DEBUG 17432 --- [           main] org.hibernate.SQL                        : create table courses (price numeric(12,2) not null, category_id bigint not null, created_at timestamp(6) not null, id bigint generated by default as identity, updated_at timestamp(6) not null, level varchar(50), status varchar(50) not null, title varchar(150) not null, description TEXT, primary key (id))
2026-10-04T16:22:52.279+07:00 DEBUG 17432 --- [           main] org.hibernate.SQL                        : create table enrollments (completed_at timestamp(6), course_id bigint not null, enrolled_at timestamp(6) not null, id bigint generated by default as identity, student_id bigint not null, status varchar(50) not null, primary key (id), constraint uk_enrollment_student_course unique (student_id, course_id))
2026-10-04T16:22:52.283+07:00 DEBUG 17432 --- [           main] org.hibernate.SQL                        : create table students (created_at timestamp(6) not null, id bigint generated by default as identity, updated_at timestamp(6) not null, phone varchar(20), email varchar(150) not null unique, full_name varchar(150) not null, primary key (id))
2026-10-04T16:22:52.286+07:00 DEBUG 17432 --- [           main] org.hibernate.SQL                        : alter table if exists courses add constraint FK72l5dj585nq7i6xxv1vj51lyn foreign key (category_id) references categories
2026-10-04T16:22:52.319+07:00 DEBUG 17432 --- [           main] org.hibernate.SQL                        : alter table if exists enrollments add constraint FKho8mcicp4196ebpltdn9wl6co foreign key (course_id) references courses
2026-10-04T16:22:52.321+07:00 DEBUG 17432 --- [           main] org.hibernate.SQL                        : alter table if exists enrollments add constraint FK8kf1u1857xgo56xbfmnif2c51 foreign key (student_id) references students
2026-10-04T16:22:52.330+07:00  INFO 17432 --- [           main] j.LocalContainerEntityManagerFactoryBean : Initialized JPA EntityManagerFactory for persistence unit 'default'
2026-10-04T16:22:53.326+07:00  INFO 17432 --- [           main] o.s.d.j.r.query.QueryEnhancerFactories   : Hibernate is in classpath; If applicable, HQL parser will be used.
2026-10-04T16:22:57.788+07:00  WARN 17432 --- [           main] JpaBaseConfiguration$JpaWebConfiguration : spring.jpa.open-in-view is enabled by default. Therefore, database queries may be performed during view rendering. Explicitly configure spring.jpa.open-in-view to disable this warning
2026-10-04T16:22:58.471+07:00 DEBUG 17432 --- [           main] s.w.s.m.m.a.RequestMappingHandlerMapping : 27 mappings in 'requestMappingHandlerMapping'
2026-10-04T16:22:58.560+07:00 DEBUG 17432 --- [           main] o.s.w.s.handler.SimpleUrlHandlerMapping  : Patterns [/webjars/**, /**, /swagger-ui/**, /swagger-ui/*index.html, /swagger-ui/*swagger-initializer.js, /webjars/*swagger-ui/**, /webjars/*swagger-ui/*index.html, /webjars/*swagger-ui/5.32.14/*index.html, /webjars/*swagger-ui/*swagger-initializer.js, /webjars/*swagger-ui/5.32.14/*swagger-initializer.js] in 'resourceHandlerMapping'
2026-10-04T16:22:58.594+07:00 DEBUG 17432 --- [           main] s.w.s.m.m.a.RequestMappingHandlerAdapter : ControllerAdvice beans: 0 @ModelAttribute, 0 @InitBinder, 2 RequestBodyAdvice, 1 ResponseBodyAdvice
2026-10-04T16:22:58.635+07:00 DEBUG 17432 --- [           main] .m.m.a.ExceptionHandlerExceptionResolver : ControllerAdvice beans: 2 @ExceptionHandler, 1 ResponseBodyAdvice
2026-10-04T16:22:59.863+07:00 DEBUG 17432 --- [           main] .s.b.a.l.ConditionEvaluationReportLogger : 


============================
CONDITIONS EVALUATION REPORT
============================


Positive matches:
-----------------

   AopAutoConfiguration matched:
      - @ConditionalOnBooleanProperty (spring.aop.auto=true) matched (OnPropertyCondition)

   AopAutoConfiguration.AspectJAutoProxyingConfiguration matched:
      - @ConditionalOnClass found required class 'org.aspectj.weaver.Advice' (OnClassCondition)

   AopAutoConfiguration.AspectJAutoProxyingConfiguration.CglibAutoProxyConfiguration matched:
      - @ConditionalOnBooleanProperty (spring.aop.proxy-target-class=true) matched (OnPropertyCondition)

   ApplicationAvailabilityAutoConfiguration#applicationAvailability matched:
      - @ConditionalOnMissingBean (types: org.springframework.boot.availability.ApplicationAvailability; SearchStrategy: all) did not find any beans (OnBeanCondition)

   CacheAutoConfiguration matched:
      - @ConditionalOnClass found required class 'org.springframework.cache.CacheManager' (OnClassCondition)
      - @ConditionalOnBean (types: org.springframework.cache.interceptor.CacheAspectSupport; SearchStrategy: all) found bean 'cacheInterceptor'; @ConditionalOnMissingBean (names: cacheResolver types: org.springframework.cache.CacheManager; SearchStrategy: all) did not find any beans (OnBeanCondition)

   CacheAutoConfiguration#cacheManagerCustomizers matched:
      - @ConditionalOnMissingBean (types: org.springframework.boot.cache.autoconfigure.CacheManagerCustomizers; SearchStrategy: all) did not find any beans (OnBeanCondition)

   CacheAutoConfiguration.CacheManagerEntityManagerFactoryDependsOnConfiguration matched:
      - @ConditionalOnClass found required classes 'org.springframework.boot.jpa.autoconfigure.EntityManagerFactoryDependsOnPostProcessor', 'org.springframework.orm.jpa.LocalContainerEntityManagerFactoryBean' (OnClassCondition)
      - @ConditionalOnBean (types: org.springframework.orm.jpa.AbstractEntityManagerFactoryBean; SearchStrategy: all) found bean '&entityManagerFactory' (OnBeanCondition)

   DataJpaRepositoriesAutoConfiguration matched:
      - @ConditionalOnClass found required class 'org.springframework.data.jpa.repository.JpaRepository' (OnClassCondition)
      - @ConditionalOnBooleanProperty (spring.data.jpa.repositories.enabled=true) matched (OnPropertyCondition)
      - @ConditionalOnBean (types: javax.sql.DataSource; SearchStrategy: all) found bean 'dataSource'; @ConditionalOnMissingBean (types: org.springframework.data.jpa.repository.support.JpaRepositoryFactoryBean,org.springframework.data.jpa.repository.config.JpaRepositoryConfigExtension; SearchStrategy: all) did not find any beans (OnBeanCondition)

   DataRedisAnnotationDrivenConfiguration matched:
      - @ConditionalOnClass found required classes 'org.springframework.data.redis.annotation.EnableRedisListeners', 'org.springframework.messaging.Message' (OnClassCondition)

   DataRedisAnnotationDrivenConfiguration#redisMessageListenerContainer matched:
      - @ConditionalOnSingleCandidate (types: org.springframework.data.redis.connection.RedisConnectionFactory; SearchStrategy: all) found a single bean 'redisConnectionFactory'; @ConditionalOnMissingBean (names: redisMessageListenerContainer; SearchStrategy: all) did not find any beans (OnBeanCondition)
      - @ConditionalOnThreading found PLATFORM (OnThreadingCondition)

   DataRedisAnnotationDrivenConfiguration#redisMessageListenerContainerConfigurer matched:
      - @ConditionalOnMissingBean (types: org.springframework.boot.data.redis.autoconfigure.RedisMessageListenerContainerConfigurer; SearchStrategy: all) did not find any beans (OnBeanCondition)

   DataRedisAnnotationDrivenConfiguration.EnableRedisListenersConfiguration matched:
      - @ConditionalOnMissingBean (names: org.springframework.data.redis.config.internalRedisListenerAnnotationProcessor; SearchStrategy: all) did not find any beans (OnBeanCondition)

   DataRedisAutoConfiguration matched:
      - @ConditionalOnClass found required class 'org.springframework.data.redis.core.RedisOperations' (OnClassCondition)

   DataRedisAutoConfiguration#redisTemplate matched:
      - @ConditionalOnSingleCandidate (types: org.springframework.data.redis.connection.RedisConnectionFactory; SearchStrategy: all) found a single bean 'redisConnectionFactory'; @ConditionalOnMissingBean (names: redisTemplate; SearchStrategy: all) did not find any beans (OnBeanCondition)

   DataRedisAutoConfiguration#stringRedisTemplate matched:
      - @ConditionalOnSingleCandidate (types: org.springframework.data.redis.connection.RedisConnectionFactory; SearchStrategy: all) found a single bean 'redisConnectionFactory'; @ConditionalOnMissingBean (types: org.springframework.data.redis.core.StringRedisTemplate; SearchStrategy: all) did not find any beans (OnBeanCondition)

   DataRedisReactiveAutoConfiguration matched:
      - @ConditionalOnClass found required classes 'org.springframework.data.redis.connection.ReactiveRedisConnectionFactory', 'org.springframework.data.redis.core.ReactiveRedisTemplate', 'reactor.core.publisher.Flux' (OnClassCondition)

   DataRedisReactiveAutoConfiguration#reactiveRedisTemplate matched:
      - @ConditionalOnBean (types: org.springframework.data.redis.connection.ReactiveRedisConnectionFactory; SearchStrategy: all) found bean 'redisConnectionFactory'; @ConditionalOnMissingBean (names: reactiveRedisTemplate; SearchStrategy: all) did not find any beans (OnBeanCondition)

   DataRedisReactiveAutoConfiguration#reactiveStringRedisTemplate matched:
      - @ConditionalOnBean (types: org.springframework.data.redis.connection.ReactiveRedisConnectionFactory; SearchStrategy: all) found bean 'redisConnectionFactory'; @ConditionalOnMissingBean (names: reactiveStringRedisTemplate; SearchStrategy: all) did not find any beans (OnBeanCondition)

   DataRedisRepositoriesAutoConfiguration matched:
      - @ConditionalOnClass found required class 'org.springframework.data.redis.repository.configuration.EnableRedisRepositories' (OnClassCondition)
      - @ConditionalOnBooleanProperty (spring.data.redis.repositories.enabled=true) matched (OnPropertyCondition)
      - @ConditionalOnBean (types: org.springframework.data.redis.connection.RedisConnectionFactory; SearchStrategy: all) found bean 'redisConnectionFactory'; @ConditionalOnMissingBean (types: org.springframework.data.redis.repository.support.RedisRepositoryFactoryBean; SearchStrategy: all) did not find any beans (OnBeanCondition)

   DataSourceAutoConfiguration matched:
      - @ConditionalOnClass found required classes 'javax.sql.DataSource', 'org.springframework.jdbc.datasource.embedded.EmbeddedDatabaseType' (OnClassCondition)
      - @ConditionalOnMissingBean (types: io.r2dbc.spi.ConnectionFactory; SearchStrategy: all) did not find any beans (OnBeanCondition)

   DataSourceAutoConfiguration.PooledDataSourceConfiguration matched:
      - AnyNestedCondition 1 matched 1 did not; NestedCondition on DataSourceAutoConfiguration.PooledDataSourceCondition.PooledDataSourceAvailable PooledDataSource found supported DataSource; NestedCondition on DataSourceAutoConfiguration.PooledDataSourceCondition.ExplicitType @ConditionalOnProperty (spring.datasource.type) did not find property 'spring.datasource.type' (DataSourceAutoConfiguration.PooledDataSourceCondition)
      - @ConditionalOnMissingBean (types: javax.sql.DataSource,javax.sql.XADataSource; SearchStrategy: all) did not find any beans (OnBeanCondition)

   DataSourceAutoConfiguration.PooledDataSourceConfiguration#jdbcConnectionDetails matched:
      - @ConditionalOnMissingBean (types: org.springframework.boot.jdbc.autoconfigure.JdbcConnectionDetails; SearchStrategy: all) did not find any beans (OnBeanCondition)

   DataSourceConfiguration.Hikari matched:
      - @ConditionalOnClass found required class 'com.zaxxer.hikari.HikariDataSource' (OnClassCondition)
      - @ConditionalOnProperty (spring.datasource.type=com.zaxxer.hikari.HikariDataSource) matched (OnPropertyCondition)
      - @ConditionalOnMissingBean (types: javax.sql.DataSource; SearchStrategy: all) did not find any beans (OnBeanCondition)

   DataSourceInitializationAutoConfiguration matched:
      - @ConditionalOnClass found required class 'org.springframework.jdbc.datasource.init.DatabasePopulator' (OnClassCondition)
      - SQL InitializationDatabase Initialization spring.sql.init.mode is ALWAYS (OnSqlInitializationCondition)
      - @ConditionalOnSingleCandidate (types: javax.sql.DataSource; SearchStrategy: all) found a single bean 'dataSource'; @ConditionalOnMissingBean (types: org.springframework.boot.sql.autoconfigure.init.ApplicationScriptDatabaseInitializer; SearchStrategy: all) did not find any beans (OnBeanCondition)

   DataSourcePoolMetadataProvidersConfiguration.HikariPoolDataSourceMetadataProviderConfiguration matched:
      - @ConditionalOnClass found required class 'com.zaxxer.hikari.HikariDataSource' (OnClassCondition)

   DataSourceTransactionManagerAutoConfiguration matched:
      - @ConditionalOnClass found required classes 'javax.sql.DataSource', 'org.springframework.jdbc.core.JdbcTemplate', 'org.springframework.transaction.TransactionManager' (OnClassCondition)

   DataSourceTransactionManagerAutoConfiguration.JdbcTransactionManagerConfiguration matched:
      - @ConditionalOnSingleCandidate (types: javax.sql.DataSource; SearchStrategy: all) found a single bean 'dataSource' (OnBeanCondition)

   DataWebAutoConfiguration matched:
      - @ConditionalOnClass found required classes 'org.springframework.data.web.PageableHandlerMethodArgumentResolver', 'org.springframework.web.servlet.config.annotation.WebMvcConfigurer' (OnClassCondition)
      - found 'session' scope (OnWebApplicationCondition)
      - @ConditionalOnMissingBean (types: org.springframework.data.web.PageableHandlerMethodArgumentResolver; SearchStrategy: all) did not find any beans (OnBeanCondition)

   DataWebAutoConfiguration#pageableCustomizer matched:
      - @ConditionalOnMissingBean (types: org.springframework.data.web.config.PageableHandlerMethodArgumentResolverCustomizer; SearchStrategy: all) did not find any beans (OnBeanCondition)

   DataWebAutoConfiguration#sortCustomizer matched:
      - @ConditionalOnMissingBean (types: org.springframework.data.web.config.SortHandlerMethodArgumentResolverCustomizer; SearchStrategy: all) did not find any beans (OnBeanCondition)

   DataWebAutoConfiguration#springDataWebSettings matched:
      - @ConditionalOnMissingBean (types: org.springframework.data.web.config.SpringDataWebSettings; SearchStrategy: all) did not find any beans (OnBeanCondition)

   DispatcherServletAutoConfiguration matched:
      - @ConditionalOnClass found required class 'org.springframework.web.servlet.DispatcherServlet' (OnClassCondition)
      - found 'session' scope (OnWebApplicationCondition)

   DispatcherServletAutoConfiguration.DispatcherServletConfiguration matched:
      - @ConditionalOnClass found required class 'jakarta.servlet.ServletRegistration' (OnClassCondition)
      - Default DispatcherServlet did not find dispatcher servlet beans (DispatcherServletAutoConfiguration.DefaultDispatcherServletCondition)

   DispatcherServletAutoConfiguration.DispatcherServletRegistrationConfiguration matched:
      - @ConditionalOnClass found required class 'jakarta.servlet.ServletRegistration' (OnClassCondition)
      - DispatcherServlet Registration did not find servlet registration bean (DispatcherServletAutoConfiguration.DispatcherServletRegistrationCondition)

   DispatcherServletAutoConfiguration.DispatcherServletRegistrationConfiguration#dispatcherServletRegistration matched:
      - @ConditionalOnBean (names: dispatcherServlet types: org.springframework.web.servlet.DispatcherServlet; SearchStrategy: all) found bean 'dispatcherServlet' (OnBeanCondition)

   ErrorMvcAutoConfiguration matched:
      - @ConditionalOnClass found required classes 'jakarta.servlet.Servlet', 'org.springframework.web.servlet.DispatcherServlet' (OnClassCondition)
      - found 'session' scope (OnWebApplicationCondition)

   ErrorMvcAutoConfiguration#basicErrorController matched:
      - @ConditionalOnMissingBean (types: org.springframework.boot.webmvc.error.ErrorController; SearchStrategy: current) did not find any beans (OnBeanCondition)

   ErrorMvcAutoConfiguration#errorAttributes matched:
      - @ConditionalOnMissingBean (types: org.springframework.boot.webmvc.error.ErrorAttributes; SearchStrategy: current) did not find any beans (OnBeanCondition)

   ErrorMvcAutoConfiguration.DefaultErrorViewResolverConfiguration#conventionErrorViewResolver matched:
      - @ConditionalOnBean (types: org.springframework.web.servlet.DispatcherServlet; SearchStrategy: all) found bean 'dispatcherServlet'; @ConditionalOnMissingBean (types: org.springframework.boot.webmvc.autoconfigure.error.ErrorViewResolver; SearchStrategy: all) did not find any beans (OnBeanCondition)

   ErrorMvcAutoConfiguration.WhitelabelErrorViewConfiguration matched:
      - @ConditionalOnBooleanProperty (spring.web.error.whitelabel.enabled=true) matched (OnPropertyCondition)
      - ErrorTemplate Missing did not find error template view (ErrorMvcAutoConfiguration.ErrorTemplateMissingCondition)

   ErrorMvcAutoConfiguration.WhitelabelErrorViewConfiguration#beanNameViewResolver matched:
      - @ConditionalOnMissingBean (types: org.springframework.web.servlet.view.BeanNameViewResolver; SearchStrategy: all) did not find any beans (OnBeanCondition)

   ErrorMvcAutoConfiguration.WhitelabelErrorViewConfiguration#defaultErrorView matched:
      - @ConditionalOnMissingBean (names: error; SearchStrategy: all) did not find any beans (OnBeanCondition)

   HibernateJpaAutoConfiguration matched:
      - @ConditionalOnClass found required classes 'org.springframework.orm.jpa.LocalContainerEntityManagerFactoryBean', 'jakarta.persistence.EntityManager', 'org.hibernate.engine.spi.SessionImplementor' (OnClassCondition)

   HibernateJpaConfiguration matched:
      - @ConditionalOnSingleCandidate (types: javax.sql.DataSource; SearchStrategy: all) found a single bean 'dataSource' (OnBeanCondition)

   HttpEncodingAutoConfiguration matched:
      - @ConditionalOnClass found required class 'org.springframework.web.filter.CharacterEncodingFilter' (OnClassCondition)
      - found 'session' scope (OnWebApplicationCondition)
      - @ConditionalOnBooleanProperty (spring.servlet.encoding.enabled=true) matched (OnPropertyCondition)

   HttpEncodingAutoConfiguration#characterEncodingFilter matched:
      - @ConditionalOnMissingBean (types: org.springframework.web.filter.CharacterEncodingFilter; SearchStrategy: all) did not find any beans (OnBeanCondition)

   HttpMessageConvertersAutoConfiguration matched:
      - @ConditionalOnClass found required class 'org.springframework.http.converter.HttpMessageConverter' (OnClassCondition)
      - NoneNestedConditions 0 matched 1 did not; NestedCondition on HttpMessageConvertersAutoConfiguration.NotReactiveWebApplicationCondition.ReactiveWebApplication did not find reactive web application classes (HttpMessageConvertersAutoConfiguration.NotReactiveWebApplicationCondition)

   HttpMessageConvertersAutoConfiguration.StringHttpMessageConverterConfiguration#stringHttpMessageConvertersCustomizer matched:
      - @ConditionalOnMissingBean (types: org.springframework.http.converter.StringHttpMessageConverter; SearchStrategy: all) did not find any beans (OnBeanCondition)

   JacksonAutoConfiguration matched:
      - @ConditionalOnClass found required class 'tools.jackson.databind.json.JsonMapper' (OnClassCondition)

   JacksonAutoConfiguration#jacksonJsonMapper matched:
      - @ConditionalOnMissingBean (types: tools.jackson.databind.json.JsonMapper; SearchStrategy: all) did not find any beans (OnBeanCondition)

   JacksonAutoConfiguration#jsonFactory matched:
      - @ConditionalOnMissingBean (types: tools.jackson.core.json.JsonFactory; SearchStrategy: all) did not find any beans (OnBeanCondition)

   JacksonAutoConfiguration#jsonMapperBuilder matched:
      - @ConditionalOnMissingBean (types: tools.jackson.databind.json.JsonMapper$Builder; SearchStrategy: all) did not find any beans (OnBeanCondition)

   JacksonAutoConfiguration.JsonProblemDetailsConfiguration matched:
      - @ConditionalOnClass found required class 'org.springframework.http.ProblemDetail' (OnClassCondition)

   JacksonHttpMessageConvertersConfiguration.JacksonJsonHttpMessageConverterConfiguration matched:
      - @ConditionalOnClass found required class 'tools.jackson.databind.json.JsonMapper' (OnClassCondition)
      - @ConditionalOnProperty (spring.http.converters.preferred-json-mapper=jackson) matched (OnPropertyCondition)
      - @ConditionalOnBean (types: tools.jackson.databind.json.JsonMapper; SearchStrategy: all) found bean 'jacksonJsonMapper' (OnBeanCondition)

   JacksonHttpMessageConvertersConfiguration.JacksonJsonHttpMessageConverterConfiguration#jacksonJsonHttpMessageConvertersCustomizer matched:
      - @ConditionalOnMissingBean (types: org.springframework.http.converter.json.JacksonJsonHttpMessageConverter ignored: org.springframework.hateoas.server.mvc.TypeConstrainedJacksonJsonHttpMessageConverter,org.springframework.data.rest.webmvc.alps.AlpsJacksonJsonHttpMessageConverter; SearchStrategy: all) did not find any beans (OnBeanCondition)

   JdbcClientAutoConfiguration matched:
      - @ConditionalOnSingleCandidate (types: org.springframework.jdbc.core.namedparam.NamedParameterJdbcTemplate; SearchStrategy: all) found a single bean 'namedParameterJdbcTemplate'; @ConditionalOnMissingBean (types: org.springframework.jdbc.core.simple.JdbcClient; SearchStrategy: all) did not find any beans (OnBeanCondition)

   JdbcTemplateAutoConfiguration matched:
      - @ConditionalOnClass found required classes 'javax.sql.DataSource', 'org.springframework.jdbc.core.JdbcTemplate' (OnClassCondition)
      - @ConditionalOnSingleCandidate (types: javax.sql.DataSource; SearchStrategy: all) found a single bean 'dataSource' (OnBeanCondition)

   JdbcTemplateConfiguration matched:
      - @ConditionalOnMissingBean (types: org.springframework.jdbc.core.JdbcOperations; SearchStrategy: all) did not find any beans (OnBeanCondition)

   JpaBaseConfiguration#entityManagerFactory matched:
      - @ConditionalOnMissingBean (types: org.springframework.orm.jpa.LocalContainerEntityManagerFactoryBean,jakarta.persistence.EntityManagerFactory; SearchStrategy: all) did not find any beans (OnBeanCondition)

   JpaBaseConfiguration#entityManagerFactoryBuilder matched:
      - @ConditionalOnMissingBean (types: org.springframework.boot.jpa.EntityManagerFactoryBuilder; SearchStrategy: all) did not find any beans (OnBeanCondition)

   JpaBaseConfiguration#jpaVendorAdapter matched:
      - @ConditionalOnMissingBean (types: org.springframework.orm.jpa.JpaVendorAdapter; SearchStrategy: all) did not find any beans (OnBeanCondition)

   JpaBaseConfiguration#transactionManager matched:
      - @ConditionalOnMissingBean (types: org.springframework.transaction.TransactionManager; SearchStrategy: all) did not find any beans (OnBeanCondition)

   JpaBaseConfiguration.JpaWebConfiguration matched:
      - @ConditionalOnClass found required class 'org.springframework.web.servlet.config.annotation.WebMvcConfigurer' (OnClassCondition)
      - found 'session' scope (OnWebApplicationCondition)
      - @ConditionalOnBooleanProperty (spring.jpa.open-in-view=true) matched (OnPropertyCondition)
      - @ConditionalOnMissingBean (types: org.springframework.orm.jpa.support.OpenEntityManagerInViewInterceptor,org.springframework.orm.jpa.support.OpenEntityManagerInViewFilter; SearchStrategy: all) did not find any beans (OnBeanCondition)

   JpaBaseConfiguration.PersistenceManagedTypesConfiguration matched:
      - @ConditionalOnMissingBean (types: org.springframework.orm.jpa.LocalContainerEntityManagerFactoryBean,jakarta.persistence.EntityManagerFactory; SearchStrategy: all) did not find any beans (OnBeanCondition)

   JpaBaseConfiguration.PersistenceManagedTypesConfiguration#persistenceManagedTypes matched:
      - @ConditionalOnMissingBean (types: org.springframework.orm.jpa.persistenceunit.PersistenceManagedTypes; SearchStrategy: all) did not find any beans (OnBeanCondition)

   JtaAutoConfiguration matched:
      - @ConditionalOnClass found required class 'jakarta.transaction.Transaction' (OnClassCondition)
      - @ConditionalOnBooleanProperty (spring.jta.enabled=true) matched (OnPropertyCondition)

   LettuceConnectionConfiguration matched:
      - @ConditionalOnClass found required class 'io.lettuce.core.RedisClient' (OnClassCondition)
      - @ConditionalOnProperty (spring.data.redis.client-type=lettuce) matched (OnPropertyCondition)

   LettuceConnectionConfiguration#lettuceClientResources matched:
      - @ConditionalOnMissingBean (types: io.lettuce.core.resource.ClientResources; SearchStrategy: all) did not find any beans (OnBeanCondition)

   LettuceConnectionConfiguration#redisConnectionFactory matched:
      - @ConditionalOnMissingBean (types: org.springframework.data.redis.connection.RedisConnectionFactory; SearchStrategy: all) did not find any beans (OnBeanCondition)
      - @ConditionalOnThreading found PLATFORM (OnThreadingCondition)

   LifecycleAutoConfiguration#defaultLifecycleProcessor matched:
      - @ConditionalOnMissingBean (names: lifecycleProcessor; SearchStrategy: current) did not find any beans (OnBeanCondition)

   MultipartAutoConfiguration matched:
      - @ConditionalOnClass found required classes 'jakarta.servlet.Servlet', 'org.springframework.web.multipart.support.StandardServletMultipartResolver', 'jakarta.servlet.MultipartConfigElement' (OnClassCondition)
      - found 'session' scope (OnWebApplicationCondition)
      - @ConditionalOnBooleanProperty (spring.servlet.multipart.enabled=true) matched (OnPropertyCondition)

   MultipartAutoConfiguration#multipartConfigElement matched:
      - @ConditionalOnMissingBean (types: jakarta.servlet.MultipartConfigElement; SearchStrategy: all) did not find any beans (OnBeanCondition)

   MultipartAutoConfiguration#multipartResolver matched:
      - @ConditionalOnMissingBean (types: org.springframework.web.multipart.MultipartResolver; SearchStrategy: all) did not find any beans (OnBeanCondition)

   NamedParameterJdbcTemplateConfiguration matched:
      - @ConditionalOnSingleCandidate (types: org.springframework.jdbc.core.JdbcTemplate; SearchStrategy: all) found a single bean 'jdbcTemplate'; @ConditionalOnMissingBean (types: org.springframework.jdbc.core.namedparam.NamedParameterJdbcOperations; SearchStrategy: all) did not find any beans (OnBeanCondition)

   NettyAutoConfiguration matched:
      - @ConditionalOnClass found required class 'io.netty.util.NettyRuntime' (OnClassCondition)

   PersistenceExceptionTranslationAutoConfiguration matched:
      - @ConditionalOnClass found required class 'org.springframework.dao.annotation.PersistenceExceptionTranslationPostProcessor' (OnClassCondition)

   PersistenceExceptionTranslationAutoConfiguration#persistenceExceptionTranslationPostProcessor matched:
      - @ConditionalOnBooleanProperty (spring.persistence.exceptiontranslation.enabled=true) matched (OnPropertyCondition)
      - @ConditionalOnMissingBean (types: org.springframework.dao.annotation.PersistenceExceptionTranslationPostProcessor; SearchStrategy: all) did not find any beans (OnBeanCondition)

   PropertyPlaceholderAutoConfiguration#propertySourcesPlaceholderConfigurer matched:
      - @ConditionalOnMissingBean (types: org.springframework.context.support.PropertySourcesPlaceholderConfigurer; SearchStrategy: current) did not find any beans (OnBeanCondition)

   RedisCacheConfiguration matched:
      - @ConditionalOnClass found required class 'org.springframework.data.redis.connection.RedisConnectionFactory' (OnClassCondition)
      - Cache org.springframework.boot.cache.autoconfigure.RedisCacheConfiguration REDIS cache type (CacheCondition)
      - @ConditionalOnBean (types: org.springframework.data.redis.connection.RedisConnectionFactory; SearchStrategy: all) found bean 'redisConnectionFactory'; @ConditionalOnMissingBean (types: org.springframework.cache.CacheManager; SearchStrategy: all) did not find any beans (OnBeanCondition)

   SpringDocConfigProperties matched:
      - @ConditionalOnProperty (springdoc.api-docs.enabled) matched (OnPropertyCondition)
      - @ConditionalOnBean (types: org.springdoc.core.configuration.SpringDocConfiguration; SearchStrategy: all) found bean 'org.springdoc.core.configuration.SpringDocConfiguration' (OnBeanCondition)

   SpringDocConfiguration matched:
      - @ConditionalOnWebApplication (required) found 'session' scope (OnWebApplicationCondition)
      - @ConditionalOnProperty (springdoc.api-docs.enabled) matched (OnPropertyCondition)

   SpringDocConfiguration#fileSupportConverter matched:
      - @ConditionalOnMissingBean (types: org.springdoc.core.converters.FileSupportConverter; SearchStrategy: all) did not find any beans (OnBeanCondition)

   SpringDocConfiguration#globalOpenApiCustomizer matched:
      - @ConditionalOnMissingBean (names: globalOpenApiCustomizer; SearchStrategy: all) did not find any beans (OnBeanCondition)

   SpringDocConfiguration#initExtraSchemas matched:
      - @ConditionalOnProperty (springdoc.enable-extra-schemas) matched (OnPropertyCondition)

   SpringDocConfiguration#methodParameterPojoExtractor matched:
      - @ConditionalOnMissingBean (types: org.springdoc.core.extractor.MethodParameterPojoExtractor; SearchStrategy: all) did not find any beans (OnBeanCondition)

   SpringDocConfiguration#openAPIBuilder matched:
      - @ConditionalOnMissingBean (types: org.springdoc.core.service.OpenAPIService; SearchStrategy: all) did not find any beans (OnBeanCondition)

   SpringDocConfiguration#operationBuilder matched:
      - @ConditionalOnMissingBean (types: org.springdoc.core.service.OperationService; SearchStrategy: all) did not find any beans (OnBeanCondition)

   SpringDocConfiguration#parameterBuilder matched:
      - @ConditionalOnMissingBean (types: org.springdoc.core.service.GenericParameterService; SearchStrategy: all) did not find any beans (OnBeanCondition)

   SpringDocConfiguration#parameterObjectNamingStrategyCustomizer matched:
      - @ConditionalOnMissingBean (types: org.springdoc.core.customizers.ParameterObjectNamingStrategyCustomizer; SearchStrategy: all) did not find any beans (OnBeanCondition)

   SpringDocConfiguration#polymorphicModelConverter matched:
      - @ConditionalOnProperty (springdoc.model-converters.polymorphic-converter.enabled) matched (OnPropertyCondition)
      - @ConditionalOnMissingBean (types: org.springdoc.core.converters.PolymorphicModelConverter; SearchStrategy: all) did not find any beans (OnBeanCondition)

   SpringDocConfiguration#requestBodyBuilder matched:
      - @ConditionalOnMissingBean (types: org.springdoc.core.service.RequestBodyService; SearchStrategy: all) did not find any beans (OnBeanCondition)

   SpringDocConfiguration#responseSupportConverter matched:
      - @ConditionalOnMissingBean (types: org.springdoc.core.converters.ResponseSupportConverter; SearchStrategy: all) did not find any beans (OnBeanCondition)

   SpringDocConfiguration#schemaPropertyDeprecatingConverter matched:
      - @ConditionalOnProperty (springdoc.model-converters.deprecating-converter.enabled) matched (OnPropertyCondition)
      - @ConditionalOnMissingBean (types: org.springdoc.core.converters.SchemaPropertyDeprecatingConverter; SearchStrategy: all) did not find any beans (OnBeanCondition)

   SpringDocConfiguration#schemaUtils matched:
      - @ConditionalOnMissingBean (types: org.springdoc.core.utils.SchemaUtils; SearchStrategy: all) did not find any beans (OnBeanCondition)

   SpringDocConfiguration#securityParser matched:
      - @ConditionalOnMissingBean (types: org.springdoc.core.service.SecurityService; SearchStrategy: all) did not find any beans (OnBeanCondition)

   SpringDocConfiguration#springDocAppInitializer matched:
      - @ConditionalOnMissingBean (names: springDocAppInitializer; SearchStrategy: all) did not find any beans (OnBeanCondition)

   SpringDocConfiguration#springDocCustomizers matched:
      - @ConditionalOnMissingBean (types: org.springdoc.core.customizers.SpringDocCustomizers; SearchStrategy: all) did not find any beans (OnBeanCondition)

   SpringDocConfiguration#springDocProviders matched:
      - @ConditionalOnMissingBean (types: org.springdoc.core.providers.SpringDocProviders; SearchStrategy: all) did not find any beans (OnBeanCondition)

   SpringDocConfiguration#springdocObjectMapperProvider matched:
      - @ConditionalOnMissingBean (types: org.springdoc.core.providers.ObjectMapperProvider; SearchStrategy: all) did not find any beans (OnBeanCondition)

   SpringDocConfiguration.QuerydslProvider matched:
      - @ConditionalOnClass found required class 'org.springframework.data.querydsl.binding.QuerydslBindingsFactory' (OnClassCondition)

   SpringDocConfiguration.QuerydslProvider#queryDslQuerydslPredicateOperationCustomizer matched:
      - @ConditionalOnMissingBean (types: org.springdoc.core.customizers.QuerydslPredicateOperationCustomizer; SearchStrategy: all) did not find any beans (OnBeanCondition)

   SpringDocConfiguration.SpringDocSpringDataWebPropertiesProvider matched:
      - @ConditionalOnClass found required class 'org.springframework.boot.data.autoconfigure.web.DataWebProperties' (OnClassCondition)

   SpringDocConfiguration.SpringDocSpringDataWebPropertiesProvider#springDataWebPropertiesProvider matched:
      - @ConditionalOnMissingBean (types: org.springdoc.core.providers.SpringDataWebPropertiesProvider; SearchStrategy: all) did not find any beans (OnBeanCondition)

   SpringDocConfiguration.SpringDocWebFluxSupportConfiguration matched:
      - @ConditionalOnClass found required class 'reactor.core.publisher.Flux' (OnClassCondition)

   SpringDocConfiguration.SpringDocWebFluxSupportConfiguration#webFluxSupportConverter matched:
      - @ConditionalOnMissingBean (types: org.springdoc.core.converters.WebFluxSupportConverter; SearchStrategy: all) did not find any beans (OnBeanCondition)

   SpringDocConfiguration.WebConversionServiceConfiguration matched:
      - @ConditionalOnClass found required class 'org.springframework.boot.autoconfigure.web.format.WebConversionService' (OnClassCondition)

   SpringDocPageableConfiguration matched:
      - @ConditionalOnClass found required class 'org.springframework.data.domain.Pageable' (OnClassCondition)
      - @ConditionalOnWebApplication (required) found 'session' scope (OnWebApplicationCondition)
      - @ConditionalOnProperty (springdoc.api-docs.enabled) matched (OnPropertyCondition)
      - @ConditionalOnBean (types: org.springdoc.core.configuration.SpringDocConfiguration; SearchStrategy: all) found bean 'org.springdoc.core.configuration.SpringDocConfiguration' (OnBeanCondition)

   SpringDocPageableConfiguration#dataRestDelegatingMethodParameterCustomizer matched:
      - @ConditionalOnMissingBean (types: org.springdoc.core.customizers.DataRestDelegatingMethodParameterCustomizer; SearchStrategy: all) did not find any beans (OnBeanCondition)

   SpringDocPageableConfiguration#pageOpenAPIConverter matched:
      - @ConditionalOnClass found required classes 'org.springframework.data.web.PagedModel', 'org.springframework.data.web.config.SpringDataWebSettings' (OnClassCondition)
      - @ConditionalOnMissingBean (types: org.springdoc.core.converters.PageOpenAPIConverter; SearchStrategy: all) did not find any beans (OnBeanCondition)

   SpringDocPageableConfiguration#pageableOpenAPIConverter matched:
      - @ConditionalOnProperty (springdoc.model-converters.pageable-converter.enabled) matched (OnPropertyCondition)
      - @ConditionalOnMissingBean (types: org.springdoc.core.converters.PageableOpenAPIConverter; SearchStrategy: all) did not find any beans (OnBeanCondition)

   SpringDocSortConfiguration matched:
      - @ConditionalOnClass found required class 'org.springframework.data.domain.Sort' (OnClassCondition)
      - @ConditionalOnWebApplication (required) found 'session' scope (OnWebApplicationCondition)
      - @ConditionalOnProperty (springdoc.api-docs.enabled) matched (OnPropertyCondition)
      - @ConditionalOnBean (types: org.springdoc.core.configuration.SpringDocConfiguration; SearchStrategy: all) found bean 'org.springdoc.core.configuration.SpringDocConfiguration' (OnBeanCondition)

   SpringDocSortConfiguration#sortOpenAPIConverter matched:
      - @ConditionalOnProperty (springdoc.sort-converter.enabled) matched (OnPropertyCondition)
      - @ConditionalOnMissingBean (types: org.springdoc.core.converters.SortOpenAPIConverter; SearchStrategy: all) did not find any beans (OnBeanCondition)

   SpringDocWebMvcConfiguration matched:
      - found 'session' scope (OnWebApplicationCondition)
      - @ConditionalOnProperty (springdoc.api-docs.enabled) matched (OnPropertyCondition)
      - @ConditionalOnBean (types: org.springdoc.core.configuration.SpringDocConfiguration; SearchStrategy: all) found bean 'org.springdoc.core.configuration.SpringDocConfiguration' (OnBeanCondition)

   SpringDocWebMvcConfiguration#openApiResource matched:
      - @ConditionalOnExpression (#{(${springdoc.use-management-port:false} == false ) and ${springdoc.enable-default-api-docs:true}}) resulted in true (OnExpressionCondition)
      - @ConditionalOnMissingBean (types: org.springdoc.webmvc.api.OpenApiWebMvcResource; SearchStrategy: all) did not find any beans (OnBeanCondition)

   SpringDocWebMvcConfiguration#requestBuilder matched:
      - @ConditionalOnMissingBean (types: org.springdoc.webmvc.core.service.RequestService; SearchStrategy: all) did not find any beans (OnBeanCondition)

   SpringDocWebMvcConfiguration#responseBuilder matched:
      - @ConditionalOnMissingBean (types: org.springdoc.core.service.GenericResponseService; SearchStrategy: all) did not find any beans (OnBeanCondition)

   SpringDocWebMvcConfiguration#springWebProvider matched:
      - @ConditionalOnMissingBean (types: org.springdoc.core.providers.SpringWebProvider; SearchStrategy: all) did not find any beans (OnBeanCondition)

   SpringDocWebMvcConfiguration.SpringDocWebMvcActuatorConfiguration matched:
      - @ConditionalOnClass found required class 'org.springframework.boot.webmvc.actuate.endpoint.web.WebMvcEndpointHandlerMapping' (OnClassCondition)

   SpringDocWebMvcConfiguration.SpringDocWebMvcRouterConfiguration matched:
      - @ConditionalOnClass found required class 'org.springframework.web.servlet.function.RouterFunction' (OnClassCondition)

   SpringDocWebMvcConfiguration.SpringDocWebMvcRouterConfiguration#routerFunctionProvider matched:
      - @ConditionalOnMissingBean (types: org.springdoc.webmvc.core.providers.RouterFunctionWebMvcProvider; SearchStrategy: all) did not find any beans (OnBeanCondition)

   SpringDocWebServerConfiguration.EmbeddedWebServerConfiguration matched:
      - @ConditionalOnClass found required classes 'org.springframework.boot.web.server.context.WebServerInitializedEvent', 'org.springframework.boot.web.server.autoconfigure.ServerProperties' (OnClassCondition)

   SslAutoConfiguration#sslBundleRegistry matched:
      - @ConditionalOnMissingBean (types: org.springframework.boot.ssl.SslBundleRegistry,org.springframework.boot.ssl.SslBundles; SearchStrategy: all) did not find any beans (OnBeanCondition)

   SwaggerConfig matched:
      - found 'session' scope (OnWebApplicationCondition)
      - @ConditionalOnProperty (springdoc.swagger-ui.enabled) matched (OnPropertyCondition)
      - @ConditionalOnBean (types: org.springdoc.core.configuration.SpringDocConfiguration; SearchStrategy: all) found bean 'org.springdoc.core.configuration.SpringDocConfiguration' (OnBeanCondition)

   SwaggerConfig#indexPageTransformer matched:
      - @ConditionalOnMissingBean (types: org.springdoc.webmvc.ui.SwaggerIndexTransformer; SearchStrategy: all) did not find any beans (OnBeanCondition)

   SwaggerConfig#springDocSwaggerInitializer matched:
      - @ConditionalOnProperty (springdoc.use-management-port=false) matched (OnPropertyCondition)
      - @ConditionalOnMissingBean (names: springDocSwaggerInitializer; SearchStrategy: all) did not find any beans (OnBeanCondition)

   SwaggerConfig#swaggerConfigResource matched:
      - @ConditionalOnProperty (springdoc.use-management-port=false) matched (OnPropertyCondition)
      - @ConditionalOnMissingBean (types: org.springdoc.webmvc.ui.SwaggerConfigResource; SearchStrategy: all) did not find any beans (OnBeanCondition)

   SwaggerConfig#swaggerResourceResolver matched:
      - @ConditionalOnMissingBean (types: org.springdoc.webmvc.ui.SwaggerResourceResolver; SearchStrategy: all) did not find any beans (OnBeanCondition)

   SwaggerConfig#swaggerWebMvcConfigurer matched:
      - @ConditionalOnMissingBean (types: org.springdoc.webmvc.ui.SwaggerWebMvcConfigurer; SearchStrategy: all) did not find any beans (OnBeanCondition)

   SwaggerConfig#swaggerWelcome matched:
      - @ConditionalOnProperty (springdoc.use-management-port=false) matched (OnPropertyCondition)
      - @ConditionalOnMissingBean (types: org.springdoc.webmvc.ui.SwaggerWelcomeWebMvc; SearchStrategy: all) did not find any beans (OnBeanCondition)

   SwaggerUiConfigProperties matched:
      - @ConditionalOnProperty (springdoc.swagger-ui.enabled) matched (OnPropertyCondition)
      - @ConditionalOnBean (types: org.springdoc.core.configuration.SpringDocConfiguration; SearchStrategy: all) found bean 'org.springdoc.core.configuration.SpringDocConfiguration' (OnBeanCondition)

   SwaggerUiOAuthProperties matched:
      - @ConditionalOnProperty (springdoc.swagger-ui.enabled) matched (OnPropertyCondition)
      - @ConditionalOnBean (types: org.springdoc.core.configuration.SpringDocConfiguration; SearchStrategy: all) found bean 'org.springdoc.core.configuration.SpringDocConfiguration' (OnBeanCondition)

   TaskExecutionAutoConfiguration matched:
      - @ConditionalOnClass found required class 'org.springframework.scheduling.concurrent.ThreadPoolTaskExecutor' (OnClassCondition)

   TaskExecutorConfigurations.AsyncConfigurerConfiguration matched:
      - @ConditionalOnMissingBean (types: org.springframework.scheduling.annotation.AsyncConfigurer; SearchStrategy: all) did not find any beans (OnBeanCondition)

   TaskExecutorConfigurations.SimpleAsyncTaskExecutorBuilderConfiguration#simpleAsyncTaskExecutorBuilder matched:
      - @ConditionalOnMissingBean (types: org.springframework.boot.task.SimpleAsyncTaskExecutorBuilder; SearchStrategy: all) did not find any beans (OnBeanCondition)
      - @ConditionalOnThreading found PLATFORM (OnThreadingCondition)

   TaskExecutorConfigurations.TaskExecutorConfiguration matched:
      - AnyNestedCondition 1 matched 1 did not; NestedCondition on TaskExecutorConfigurations.OnExecutorCondition.ModelCondition @ConditionalOnProperty (spring.task.execution.mode=force) did not find property 'spring.task.execution.mode'; NestedCondition on TaskExecutorConfigurations.OnExecutorCondition.ExecutorBeanCondition @ConditionalOnMissingBean (types: java.util.concurrent.Executor; SearchStrategy: all) did not find any beans (TaskExecutorConfigurations.OnExecutorCondition)

   TaskExecutorConfigurations.TaskExecutorConfiguration#applicationTaskExecutor matched:
      - @ConditionalOnThreading found PLATFORM (OnThreadingCondition)

   TaskExecutorConfigurations.ThreadPoolTaskExecutorBuilderConfiguration#threadPoolTaskExecutorBuilder matched:
      - @ConditionalOnMissingBean (types: org.springframework.boot.task.ThreadPoolTaskExecutorBuilder; SearchStrategy: all) did not find any beans (OnBeanCondition)

   TaskSchedulingAutoConfiguration matched:
      - @ConditionalOnClass found required class 'org.springframework.scheduling.concurrent.ThreadPoolTaskScheduler' (OnClassCondition)

   TaskSchedulingConfigurations.SimpleAsyncTaskSchedulerBuilderConfiguration#simpleAsyncTaskSchedulerBuilder matched:
      - @ConditionalOnMissingBean (types: org.springframework.boot.task.SimpleAsyncTaskSchedulerBuilder; SearchStrategy: all) did not find any beans (OnBeanCondition)
      - @ConditionalOnThreading found PLATFORM (OnThreadingCondition)

   TaskSchedulingConfigurations.ThreadPoolTaskSchedulerBuilderConfiguration#threadPoolTaskSchedulerBuilder matched:
      - @ConditionalOnMissingBean (types: org.springframework.boot.task.ThreadPoolTaskSchedulerBuilder; SearchStrategy: all) did not find any beans (OnBeanCondition)

   TestcontainersPropertySourceAutoConfiguration matched:
      - @ConditionalOnClass found required class 'org.springframework.test.context.DynamicPropertyRegistry' (OnClassCondition)

   TomcatServletWebServerAutoConfiguration matched:
      - @ConditionalOnClass found required classes 'jakarta.servlet.ServletRequest', 'org.apache.catalina.startup.Tomcat', 'org.apache.coyote.UpgradeProtocol', 'org.springframework.boot.tomcat.servlet.TomcatServletWebServerFactory' (OnClassCondition)
      - found 'session' scope (OnWebApplicationCondition)

   TomcatServletWebServerAutoConfiguration#tomcatServletWebServerFactory matched:
      - @ConditionalOnMissingBean (types: org.springframework.boot.web.server.servlet.ServletWebServerFactory; SearchStrategy: current) did not find any beans (OnBeanCondition)

   TransactionAutoConfiguration matched:
      - @ConditionalOnClass found required class 'org.springframework.transaction.PlatformTransactionManager' (OnClassCondition)

   TransactionAutoConfiguration.TransactionTemplateConfiguration matched:
      - @ConditionalOnSingleCandidate (types: org.springframework.transaction.PlatformTransactionManager; SearchStrategy: all) found a single bean 'transactionManager' (OnBeanCondition)

   TransactionAutoConfiguration.TransactionTemplateConfiguration#transactionTemplate matched:
      - @ConditionalOnMissingBean (types: org.springframework.transaction.support.TransactionOperations; SearchStrategy: all) did not find any beans (OnBeanCondition)

   TransactionManagerCustomizationAutoConfiguration matched:
      - @ConditionalOnClass found required class 'org.springframework.transaction.PlatformTransactionManager' (OnClassCondition)

   TransactionManagerCustomizationAutoConfiguration#platformTransactionManagerCustomizers matched:
      - @ConditionalOnMissingBean (types: org.springframework.boot.transaction.autoconfigure.TransactionManagerCustomizers; SearchStrategy: all) did not find any beans (OnBeanCondition)

   ValidationAutoConfiguration matched:
      - @ConditionalOnClass found required class 'jakarta.validation.executable.ExecutableValidator' (OnClassCondition)
      - @ConditionalOnResource found location classpath:META-INF/services/jakarta.validation.spi.ValidationProvider (OnResourceCondition)

   ValidationAutoConfiguration#defaultValidator matched:
      - @ConditionalOnMissingBean (types: jakarta.validation.Validator; SearchStrategy: all) did not find any beans (OnBeanCondition)

   ValidationAutoConfiguration#methodValidationPostProcessor matched:
      - @ConditionalOnMissingBean (types: org.springframework.validation.beanvalidation.MethodValidationPostProcessor; SearchStrategy: current) did not find any beans (OnBeanCondition)

   WebMvcAutoConfiguration matched:
      - @ConditionalOnClass found required classes 'jakarta.servlet.Servlet', 'org.springframework.web.servlet.DispatcherServlet', 'org.springframework.web.servlet.config.annotation.WebMvcConfigurer' (OnClassCondition)
      - found 'session' scope (OnWebApplicationCondition)
      - @ConditionalOnMissingBean (types: org.springframework.web.servlet.config.annotation.WebMvcConfigurationSupport; SearchStrategy: all) did not find any beans (OnBeanCondition)

   WebMvcAutoConfiguration#formContentFilter matched:
      - @ConditionalOnBooleanProperty (spring.mvc.formcontent.filter.enabled=true) matched (OnPropertyCondition)
      - @ConditionalOnMissingBean (types: org.springframework.web.filter.FormContentFilter; SearchStrategy: all) did not find any beans (OnBeanCondition)

   WebMvcAutoConfiguration.EnableWebMvcConfiguration#flashMapManager matched:
      - @ConditionalOnMissingBean (names: flashMapManager; SearchStrategy: all) did not find any beans (OnBeanCondition)

   WebMvcAutoConfiguration.EnableWebMvcConfiguration#localeResolver matched:
      - @ConditionalOnMissingBean (names: localeResolver; SearchStrategy: all) did not find any beans (OnBeanCondition)

   WebMvcAutoConfiguration.EnableWebMvcConfiguration#viewNameTranslator matched:
      - @ConditionalOnMissingBean (names: viewNameTranslator; SearchStrategy: all) did not find any beans (OnBeanCondition)

   WebMvcAutoConfiguration.ResourceChainCustomizerConfiguration matched:
      - @ConditionalOnEnabledResourceChain found class org.webjars.WebJarVersionLocator (OnEnabledResourceChainCondition)

   WebMvcAutoConfiguration.WebMvcAutoConfigurationAdapter#defaultViewResolver matched:
      - @ConditionalOnMissingBean (types: org.springframework.web.servlet.view.InternalResourceViewResolver; SearchStrategy: all) did not find any beans (OnBeanCondition)

   WebMvcAutoConfiguration.WebMvcAutoConfigurationAdapter#requestContextFilter matched:
      - @ConditionalOnMissingBean (types: org.springframework.web.context.request.RequestContextListener,org.springframework.web.filter.RequestContextFilter; SearchStrategy: all) did not find any beans (OnBeanCondition)

   WebMvcAutoConfiguration.WebMvcAutoConfigurationAdapter#viewResolver matched:
      - @ConditionalOnBean (types: org.springframework.web.servlet.ViewResolver; SearchStrategy: all) found beans 'defaultViewResolver', 'beanNameViewResolver', 'mvcViewResolver'; @ConditionalOnMissingBean (names: viewResolver types: org.springframework.web.servlet.view.ContentNegotiatingViewResolver; SearchStrategy: all) did not find any beans (OnBeanCondition)


Negative matches:
-----------------

   AopAutoConfiguration.AspectJAutoProxyingConfiguration.JdkDynamicAutoProxyConfiguration:
      Did not match:
         - @ConditionalOnBooleanProperty (spring.aop.proxy-target-class=false) did not find property 'spring.aop.proxy-target-class' (OnPropertyCondition)

   AopAutoConfiguration.ClassProxyingConfiguration:
      Did not match:
         - @ConditionalOnMissingClass found unwanted class 'org.aspectj.weaver.Advice' (OnClassCondition)

   Cache2kCacheConfiguration:
      Did not match:
         - @ConditionalOnClass did not find required class 'org.cache2k.Cache2kBuilder' (OnClassCondition)

   CacheMetricsAutoConfiguration:
      Did not match:
         - @ConditionalOnClass did not find required class 'io.micrometer.core.instrument.MeterRegistry' (OnClassCondition)

   CachesEndpointAutoConfiguration:
      Did not match:
         - @ConditionalOnClass did not find required class 'org.springframework.boot.actuate.autoconfigure.endpoint.condition.ConditionalOnAvailableEndpoint' (OnClassCondition)

   CaffeineCacheConfiguration:
      Did not match:
         - @ConditionalOnClass did not find required class 'com.github.benmanes.caffeine.cache.Caffeine' (OnClassCondition)

   CouchbaseCacheConfiguration:
      Did not match:
         - @ConditionalOnClass did not find required class 'com.couchbase.client.java.Cluster' (OnClassCondition)

   DataJpaRepositoriesAutoConfiguration#entityManagerFactoryBootstrapExecutorCustomizer:
      Did not match:
         - @ConditionalOnProperty (spring.data.jpa.repositories.bootstrap-mode=deferred) did not find property 'spring.data.jpa.repositories.bootstrap-mode' (OnPropertyCondition)

   DataRedisAnnotationDrivenConfiguration#redisMessageListenerContainerVirtualThreads:
      Did not match:
         - @ConditionalOnMissingBean (names: redisMessageListenerContainer; SearchStrategy: all) found beans named redisMessageListenerContainer (OnBeanCondition)

   DataRedisAutoConfiguration#redisConnectionDetails:
      Did not match:
         - @ConditionalOnMissingBean (types: org.springframework.boot.data.redis.autoconfigure.DataRedisConnectionDetails; SearchStrategy: all) found beans of type 'org.springframework.boot.data.redis.autoconfigure.DataRedisConnectionDetails' redisContainerConnectionDetailsForTest (OnBeanCondition)

   DataRedisHealthContributorAutoConfiguration:
      Did not match:
         - @ConditionalOnClass did not find required class 'org.springframework.boot.health.autoconfigure.contributor.ConditionalOnEnabledHealthIndicator' (OnClassCondition)

   DataRedisReactiveHealthContributorAutoConfiguration:
      Did not match:
         - @ConditionalOnClass did not find required class 'org.springframework.boot.health.autoconfigure.contributor.ConditionalOnEnabledHealthIndicator' (OnClassCondition)

   DataRepositoryMetricsAutoConfiguration:
      Did not match:
         - @ConditionalOnBean did not find required type 'io.micrometer.core.instrument.MeterRegistry' (OnBeanCondition)

   DataSourceAutoConfiguration.EmbeddedDatabaseConfiguration:
      Did not match:
         - EmbeddedDataSource spring.datasource.url is set (DataSourceAutoConfiguration.EmbeddedDatabaseCondition)

   DataSourceCheckpointRestoreConfiguration:
      Did not match:
         - @ConditionalOnClass did not find required class 'org.crac.Resource' (OnClassCondition)

   DataSourceConfiguration.Dbcp2:
      Did not match:
         - @ConditionalOnClass did not find required class 'org.apache.commons.dbcp2.BasicDataSource' (OnClassCondition)

   DataSourceConfiguration.Generic:
      Did not match:
         - @ConditionalOnProperty (spring.datasource.type) did not find property 'spring.datasource.type' (OnPropertyCondition)

   DataSourceConfiguration.OracleUcp:
      Did not match:
         - @ConditionalOnClass did not find required classes 'oracle.ucp.jdbc.PoolDataSourceImpl', 'oracle.jdbc.OracleConnection' (OnClassCondition)

   DataSourceConfiguration.Tomcat:
      Did not match:
         - @ConditionalOnClass did not find required class 'org.apache.tomcat.jdbc.pool.DataSource' (OnClassCondition)

   DataSourceHealthContributorAutoConfiguration:
      Did not match:
         - @ConditionalOnClass did not find required class 'org.springframework.boot.health.autoconfigure.contributor.ConditionalOnEnabledHealthIndicator' (OnClassCondition)

   DataSourceJmxConfiguration:
      Did not match:
         - @ConditionalOnBooleanProperty (spring.jmx.enabled=true) found different value in property 'spring.jmx.enabled' (OnPropertyCondition)

   DataSourcePoolMetadataProvidersConfiguration.CommonsDbcp2PoolDataSourceMetadataProviderConfiguration:
      Did not match:
         - @ConditionalOnClass did not find required class 'org.apache.commons.dbcp2.BasicDataSource' (OnClassCondition)

   DataSourcePoolMetadataProvidersConfiguration.OracleUcpPoolDataSourceMetadataProviderConfiguration:
      Did not match:
         - @ConditionalOnClass did not find required classes 'oracle.ucp.jdbc.PoolDataSource', 'oracle.jdbc.OracleConnection' (OnClassCondition)

   DataSourcePoolMetadataProvidersConfiguration.TomcatDataSourcePoolMetadataProviderConfiguration:
      Did not match:
         - @ConditionalOnClass did not find required class 'org.apache.tomcat.jdbc.pool.DataSource' (OnClassCondition)

   DataSourcePoolMetricsAutoConfiguration:
      Did not match:
         - @ConditionalOnClass did not find required class 'io.micrometer.core.instrument.MeterRegistry' (OnClassCondition)

   DataSourceTransactionManagerAutoConfiguration.JdbcTransactionManagerConfiguration#transactionManager:
      Did not match:
         - @ConditionalOnMissingBean (types: org.springframework.transaction.TransactionManager; SearchStrategy: all) found beans of type 'org.springframework.transaction.TransactionManager' transactionManager (OnBeanCondition)

   DispatcherServletAutoConfiguration.DispatcherServletConfiguration#multipartResolver:
      Did not match:
         - @ConditionalOnBean (types: org.springframework.web.multipart.MultipartResolver; SearchStrategy: all) did not find any beans of type org.springframework.web.multipart.MultipartResolver (OnBeanCondition)

   GenericCacheConfiguration:
      Did not match:
         - Cache org.springframework.boot.cache.autoconfigure.GenericCacheConfiguration unknown cache type (CacheCondition)

   GsonHttpMessageConvertersConfiguration:
      Did not match:
         - @ConditionalOnClass did not find required class 'com.google.gson.Gson' (OnClassCondition)

   HazelcastCacheConfiguration:
      Did not match:
         - @ConditionalOnClass did not find required class 'com.hazelcast.core.HazelcastInstance' (OnClassCondition)

   HibernateMetricsAutoConfiguration:
      Did not match:
         - @ConditionalOnClass did not find required class 'io.micrometer.core.instrument.MeterRegistry' (OnClassCondition)

   InfinispanCacheConfiguration:
      Did not match:
         - @ConditionalOnClass did not find required class 'org.infinispan.spring.embedded.provider.SpringEmbeddedCacheManager' (OnClassCondition)

   JCacheCacheConfiguration:
      Did not match:
         - @ConditionalOnClass did not find required class 'javax.cache.Caching' (OnClassCondition)

   Jackson2HttpMessageConvertersConfiguration.MappingJackson2HttpMessageConverterConfiguration:
      Did not match:
         - AnyNestedCondition 0 matched 2 did not; NestedCondition on Jackson2HttpMessageConvertersConfiguration.PreferJackson2OrJacksonUnavailableCondition.JacksonUnavailable @ConditionalOnMissingBean (types: org.springframework.boot.http.converter.autoconfigure.JacksonHttpMessageConvertersConfiguration$JacksonJsonHttpMessageConvertersCustomizer; SearchStrategy: all) found beans of type 'org.springframework.boot.http.converter.autoconfigure.JacksonHttpMessageConvertersConfiguration$JacksonJsonHttpMessageConvertersCustomizer' jacksonJsonHttpMessageConvertersCustomizer; NestedCondition on Jackson2HttpMessageConvertersConfiguration.PreferJackson2OrJacksonUnavailableCondition.Jackson2Preferred @ConditionalOnProperty (spring.http.converters.preferred-json-mapper=jackson2) did not find property 'spring.http.converters.preferred-json-mapper' (Jackson2HttpMessageConvertersConfiguration.PreferJackson2OrJacksonUnavailableCondition)
      Matched:
         - @ConditionalOnClass found required class 'com.fasterxml.jackson.databind.ObjectMapper' (OnClassCondition)

   Jackson2HttpMessageConvertersConfiguration.MappingJackson2XmlHttpMessageConverterConfiguration:
      Did not match:
         - @ConditionalOnClass did not find required class 'com.fasterxml.jackson.dataformat.xml.XmlMapper' (OnClassCondition)

   JacksonAutoConfiguration.CborConfiguration:
      Did not match:
         - @ConditionalOnClass did not find required class 'tools.jackson.dataformat.cbor.CBORMapper' (OnClassCondition)

   JacksonAutoConfiguration.XmlConfiguration:
      Did not match:
         - @ConditionalOnClass did not find required class 'tools.jackson.dataformat.xml.XmlMapper' (OnClassCondition)

   JacksonHttpMessageConvertersConfiguration.JacksonXmlHttpMessageConverterConfiguration:
      Did not match:
         - @ConditionalOnClass did not find required class 'tools.jackson.dataformat.xml.XmlMapper' (OnClassCondition)

   JedisConnectionConfiguration:
      Did not match:
         - @ConditionalOnClass did not find required classes 'org.apache.commons.pool2.impl.GenericObjectPool', 'redis.clients.jedis.Jedis' (OnClassCondition)

   JmxAutoConfiguration:
      Did not match:
         - @ConditionalOnBooleanProperty (spring.jmx.enabled=true) found different value in property 'spring.jmx.enabled' (OnPropertyCondition)
      Matched:
         - @ConditionalOnClass found required class 'org.springframework.jmx.export.MBeanExporter' (OnClassCondition)

   JndiDataSourceAutoConfiguration:
      Did not match:
         - @ConditionalOnProperty (spring.datasource.jndi-name) did not find property 'spring.datasource.jndi-name' (OnPropertyCondition)
      Matched:
         - @ConditionalOnClass found required classes 'javax.sql.DataSource', 'org.springframework.jdbc.datasource.embedded.EmbeddedDatabaseType' (OnClassCondition)

   JndiJtaConfiguration:
      Did not match:
         - @ConditionalOnJndi JNDI environment is not available (OnJndiCondition)
      Matched:
         - @ConditionalOnClass found required class 'org.springframework.transaction.jta.JtaTransactionManager' (OnClassCondition)

   JsonbHttpMessageConvertersConfiguration:
      Did not match:
         - @ConditionalOnClass did not find required class 'jakarta.json.bind.Jsonb' (OnClassCondition)

   KotlinSerializationHttpMessageConvertersConfiguration:
      Did not match:
         - @ConditionalOnClass did not find required classes 'kotlinx.serialization.Serializable', 'kotlinx.serialization.json.Json' (OnClassCondition)

   LazyConnectionDataSourceConfiguration:
      Did not match:
         - @ConditionalOnProperty (spring.datasource.connection-fetch=lazy) did not find property 'spring.datasource.connection-fetch' (OnPropertyCondition)

   LettuceConnectionConfiguration#redisConnectionFactoryVirtualThreads:
      Did not match:
         - @ConditionalOnMissingBean (types: org.springframework.data.redis.connection.RedisConnectionFactory; SearchStrategy: all) found beans of type 'org.springframework.data.redis.connection.RedisConnectionFactory' redisConnectionFactory (OnBeanCondition)

   LettuceObservationAutoConfiguration:
      Did not match:
         - @ConditionalOnBean (types: io.micrometer.observation.ObservationRegistry; SearchStrategy: all) did not find any beans of type io.micrometer.observation.ObservationRegistry (OnBeanCondition)
      Matched:
         - @ConditionalOnClass found required classes 'io.lettuce.core.RedisClient', 'io.lettuce.core.tracing.MicrometerTracing', 'io.micrometer.observation.ObservationRegistry' (OnClassCondition)

   MessageSourceAutoConfiguration:
      Did not match:
         - ResourceBundle did not find bundle with basename messages (MessageSourceAutoConfiguration.ResourceBundleCondition)

   MultipleOpenApiSupportConfiguration:
      Did not match:
         - AnyNestedCondition 0 matched 2 did not; NestedCondition on MultipleOpenApiSupportCondition.OnActuatorDifferentPort @ConditionalOnProperty (springdoc.show-actuator) did not find property 'springdoc.show-actuator'; NestedCondition on MultipleOpenApiSupportCondition.OnMultipleOpenApiSupportCondition AnyNestedCondition 0 matched 3 did not; NestedCondition on MultipleOpenApiGroupsCondition.OnListGroupedOpenApiBean @ConditionalOnBean (types: org.springdoc.core.models.GroupedOpenApi; SearchStrategy: all) did not find any beans of type org.springdoc.core.models.GroupedOpenApi; NestedCondition on MultipleOpenApiGroupsCondition.OnGroupConfigProperty @ConditionalOnProperty (springdoc.group-configs[0].group) did not find property 'springdoc.group-configs[0].group'; NestedCondition on MultipleOpenApiGroupsCondition.OnGroupedOpenApiBean @ConditionalOnBean (types: org.springdoc.core.models.GroupedOpenApi; SearchStrategy: all) did not find any beans of type org.springdoc.core.models.GroupedOpenApi (MultipleOpenApiSupportCondition)
      Matched:
         - found 'session' scope (OnWebApplicationCondition)
         - @ConditionalOnProperty (springdoc.api-docs.enabled) matched (OnPropertyCondition)

   MultipleOpenApiSupportConfiguration.SpringDocWebMvcActuatorDifferentConfiguration:
      Did not match:
         - Ancestor org.springdoc.webmvc.core.configuration.MultipleOpenApiSupportConfiguration did not match (ConditionEvaluationReport.AncestorsMatchedCondition)
      Matched:
         - @ConditionalOnClass found required class 'org.springframework.boot.webmvc.actuate.endpoint.web.WebMvcEndpointHandlerMapping' (OnClassCondition)

   NoOpCacheConfiguration:
      Did not match:
         - Cache org.springframework.boot.cache.autoconfigure.NoOpCacheConfiguration unknown cache type (CacheCondition)

   ProjectInfoAutoConfiguration#buildProperties:
      Did not match:
         - @ConditionalOnResource did not find resource '${spring.info.build.location:classpath:META-INF/build-info.properties}' (OnResourceCondition)

   ProjectInfoAutoConfiguration#gitProperties:
      Did not match:
         - GitResource did not find git info at classpath:git.properties (ProjectInfoAutoConfiguration.GitResourceAvailableCondition)

   ServletHttpExchangesAutoConfiguration:
      Did not match:
         - @ConditionalOnBean did not find required type 'org.springframework.boot.actuate.web.exchanges.HttpExchangeRepository' (OnBeanCondition)

   ServletManagementContextAutoConfiguration:
      Did not match:
         - @ConditionalOnClass did not find required class 'org.springframework.boot.actuate.autoconfigure.endpoint.web.WebEndpointProperties' (OnClassCondition)

   ServletMappingsAutoConfiguration:
      Did not match:
         - @ConditionalOnClass did not find required class 'org.springframework.boot.actuate.autoconfigure.endpoint.condition.ConditionalOnAvailableEndpoint' (OnClassCondition)

   ServletWebServerConfiguration#forwardedHeaderFilter:
      Did not match:
         - @ConditionalOnProperty (server.forward-headers-strategy=framework) did not find property 'server.forward-headers-strategy' (OnPropertyCondition)

   SimpleCacheConfiguration:
      Did not match:
         - Cache org.springframework.boot.cache.autoconfigure.SimpleCacheConfiguration unknown cache type (CacheCondition)

   SpringApplicationAdminJmxAutoConfiguration:
      Did not match:
         - @ConditionalOnBooleanProperty (spring.application.admin.enabled=true) did not find property 'spring.application.admin.enabled' (OnPropertyCondition)

   SpringDocConfiguration#jsonNullableSupportConverter:
      Did not match:
         - @ConditionalOnClass did not find required class 'org.openapitools.jackson.nullable.JsonNullable' (OnClassCondition)

   SpringDocConfiguration#oas31ModelConverter:
      Did not match:
         - @ConditionalOnProperty (springdoc.explicit-object-schema=true) did not find property 'springdoc.explicit-object-schema' (OnPropertyCondition)

   SpringDocConfiguration#propertiesResolverForSchema:
      Did not match:
         - @ConditionalOnProperty (springdoc.api-docs.resolve-schema-properties) did not find property 'springdoc.api-docs.resolve-schema-properties' (OnPropertyCondition)

   SpringDocConfiguration#propertyCustomizingConverter:
      Did not match:
         - @ConditionalOnBean (types: org.springdoc.core.customizers.PropertyCustomizer; SearchStrategy: all) did not find any beans of type org.springdoc.core.customizers.PropertyCustomizer (OnBeanCondition)

   SpringDocConfiguration#springdocBeanFactoryPostProcessor:
      Did not match:
         - AnyNestedCondition 0 matched 2 did not; NestedCondition on CacheOrGroupedOpenApiCondition.OnCacheDisabled found non-matching nested conditions @ConditionalOnProperty (springdoc.cache.disabled) did not find property 'springdoc.cache.disabled'; NestedCondition on CacheOrGroupedOpenApiCondition.OnMultipleOpenApiSupportCondition AnyNestedCondition 0 matched 2 did not; NestedCondition on MultipleOpenApiSupportCondition.OnActuatorDifferentPort @ConditionalOnProperty (springdoc.show-actuator) did not find property 'springdoc.show-actuator'; NestedCondition on MultipleOpenApiSupportCondition.OnMultipleOpenApiSupportCondition AnyNestedCondition 0 matched 3 did not; NestedCondition on MultipleOpenApiGroupsCondition.OnListGroupedOpenApiBean @ConditionalOnBean (types: org.springdoc.core.models.GroupedOpenApi; SearchStrategy: all) did not find any beans of type org.springdoc.core.models.GroupedOpenApi; NestedCondition on MultipleOpenApiGroupsCondition.OnGroupConfigProperty @ConditionalOnProperty (springdoc.group-configs[0].group) did not find property 'springdoc.group-configs[0].group'; NestedCondition on MultipleOpenApiGroupsCondition.OnGroupedOpenApiBean @ConditionalOnBean (types: org.springdoc.core.models.GroupedOpenApi; SearchStrategy: all) did not find any beans of type org.springdoc.core.models.GroupedOpenApi (CacheOrGroupedOpenApiCondition)
      Matched:
         - @ConditionalOnClass found required class 'org.springframework.boot.context.properties.bind.BindResult' (OnClassCondition)

   SpringDocConfiguration#springdocBeanFactoryPostProcessor2:
      Did not match:
         - @ConditionalOnMissingClass found unwanted class 'org.springframework.boot.context.properties.bind.BindResult' (OnClassCondition)

   SpringDocConfiguration.SpringDocActuatorConfiguration:
      Did not match:
         - @ConditionalOnClass did not find required class 'org.springframework.boot.actuate.autoconfigure.endpoint.web.WebEndpointProperties' (OnClassCondition)

   SpringDocConfiguration.SpringDocRepositoryRestConfiguration:
      Did not match:
         - @ConditionalOnClass did not find required class 'org.springframework.data.rest.core.config.RepositoryRestConfiguration' (OnClassCondition)

   SpringDocDataRestConfiguration:
      Did not match:
         - @ConditionalOnClass did not find required class 'org.springframework.data.rest.core.config.RepositoryRestConfiguration' (OnClassCondition)

   SpringDocFunctionCatalogConfiguration:
      Did not match:
         - @ConditionalOnClass did not find required class 'org.springframework.cloud.function.web.function.FunctionEndpointInitializer' (OnClassCondition)

   SpringDocGroovyConfiguration:
      Did not match:
         - @ConditionalOnClass did not find required class 'groovy.lang.MetaClass' (OnClassCondition)

   SpringDocHateoasConfiguration:
      Did not match:
         - @ConditionalOnClass did not find required class 'org.springframework.hateoas.server.LinkRelationProvider' (OnClassCondition)

   SpringDocJacksonKotlinModuleConfiguration:
      Did not match:
         - @ConditionalOnClass did not find required class 'com.fasterxml.jackson.module.kotlin.KotlinModule' (OnClassCondition)

   SpringDocJavadocConfiguration:
      Did not match:
         - @ConditionalOnClass did not find required class 'com.github.therapi.runtimejavadoc.CommentFormatter' (OnClassCondition)

   SpringDocKotlinConfiguration:
      Did not match:
         - @ConditionalOnClass did not find required class 'kotlin.coroutines.Continuation' (OnClassCondition)

   SpringDocKotlinxConfiguration:
      Did not match:
         - @ConditionalOnClass did not find required class 'kotlinx.coroutines.flow.Flow' (OnClassCondition)

   SpringDocSecurityConfiguration:
      Did not match:
         - @ConditionalOnClass did not find required class 'org.springframework.security.web.SecurityFilterChain' (OnClassCondition)

   SpringDocSortConfiguration#dataRestDelegatingMethodParameterCustomizer:
      Did not match:
         - @ConditionalOnMissingBean (types: org.springdoc.core.customizers.DataRestDelegatingMethodParameterCustomizer; SearchStrategy: all) found beans of type 'org.springdoc.core.customizers.DataRestDelegatingMethodParameterCustomizer' dataRestDelegatingMethodParameterCustomizer (OnBeanCondition)

   SpringDocWebMvcConfiguration.SpringDocWebMvcActuatorConfiguration#actuatorProvider:
      Did not match:
         - @ConditionalOnExpression (#{${springdoc.show-actuator:false} or ${springdoc.use-management-port:false}}) resulted in false (OnExpressionCondition)

   SpringDocWebMvcConfiguration.SpringDocWebMvcActuatorConfiguration#openApiActuatorResource:
      Did not match:
         - @ConditionalOnExpression (#{${springdoc.use-management-port:false} and ${springdoc.enable-default-api-docs:true}}) resulted in false (OnExpressionCondition)

   SpringDocWebServerConfiguration.DeployedWebServerConfiguration:
      Did not match:
         - @ConditionalOnMissingClass found unwanted classes 'org.springframework.boot.web.server.context.WebServerInitializedEvent', 'org.springframework.boot.web.server.autoconfigure.ServerProperties' (OnClassCondition)

   SwaggerConfig#springWebProvider:
      Did not match:
         - @ConditionalOnMissingBean (types: org.springdoc.core.providers.SpringWebProvider; SearchStrategy: all) found beans of type 'org.springdoc.core.providers.SpringWebProvider' springWebProvider (OnBeanCondition)

   SwaggerConfig#swaggerUiHome:
      Did not match:
         - @ConditionalOnProperty (springdoc.swagger-ui.use-root-path=true) did not find property 'springdoc.swagger-ui.use-root-path' (OnPropertyCondition)

   SwaggerConfig.SwaggerActuatorWelcomeConfiguration:
      Did not match:
         - @ConditionalOnProperty (springdoc.use-management-port) did not find property 'springdoc.use-management-port' (OnPropertyCondition)
      Matched:
         - @ConditionalOnClass found required class 'org.springframework.boot.webmvc.actuate.endpoint.web.WebMvcEndpointHandlerMapping' (OnClassCondition)

   TaskExecutorConfigurations.AsyncConfigurerWrapperConfiguration:
      Did not match:
         - @ConditionalOnBean (types: org.springframework.scheduling.annotation.AsyncConfigurer; SearchStrategy: all) did not find any beans of type org.springframework.scheduling.annotation.AsyncConfigurer (OnBeanCondition)

   TaskExecutorConfigurations.SimpleAsyncTaskExecutorBuilderConfiguration#simpleAsyncTaskExecutorBuilderVirtualThreads:
      Did not match:
         - @ConditionalOnMissingBean (types: org.springframework.boot.task.SimpleAsyncTaskExecutorBuilder; SearchStrategy: all) found beans of type 'org.springframework.boot.task.SimpleAsyncTaskExecutorBuilder' simpleAsyncTaskExecutorBuilder (OnBeanCondition)

   TaskExecutorConfigurations.TaskExecutorConfiguration#applicationTaskExecutorVirtualThreads:
      Did not match:
         - @ConditionalOnThreading did not find VIRTUAL (OnThreadingCondition)

   TaskExecutorConfigurations.TaskExecutorContextPropagationConfiguration:
      Did not match:
         - @ConditionalOnClass did not find required class 'io.micrometer.context.ContextSnapshot' (OnClassCondition)

   TaskSchedulingAutoConfiguration#scheduledBeanLazyInitializationExcludeFilter:
      Did not match:
         - @ConditionalOnBean (names: org.springframework.scheduling.config.internalScheduledAnnotationProcessor; SearchStrategy: all) did not find any beans named org.springframework.scheduling.config.internalScheduledAnnotationProcessor (OnBeanCondition)

   TaskSchedulingConfigurations.SimpleAsyncTaskSchedulerBuilderConfiguration#simpleAsyncTaskSchedulerBuilderVirtualThreads:
      Did not match:
         - @ConditionalOnMissingBean (types: org.springframework.boot.task.SimpleAsyncTaskSchedulerBuilder; SearchStrategy: all) found beans of type 'org.springframework.boot.task.SimpleAsyncTaskSchedulerBuilder' simpleAsyncTaskSchedulerBuilder (OnBeanCondition)

   TaskSchedulingConfigurations.TaskSchedulerConfiguration:
      Did not match:
         - @ConditionalOnBean (names: org.springframework.scheduling.config.internalScheduledAnnotationProcessor; SearchStrategy: all) did not find any beans named org.springframework.scheduling.config.internalScheduledAnnotationProcessor (OnBeanCondition)

   TestcontainersPropertySourceAutoConfiguration#dynamicPropertyRegistrarBeanInitializer:
      Did not match:
         - @ConditionalOnMissingBean (types: org.springframework.test.context.support.DynamicPropertyRegistrarBeanInitializer; SearchStrategy: all) found beans of type 'org.springframework.test.context.support.DynamicPropertyRegistrarBeanInitializer' org.springframework.test.context.support.internalDynamicPropertyRegistrarBeanInitializer (OnBeanCondition)

   TomcatMetricsAutoConfiguration:
      Did not match:
         - @ConditionalOnClass did not find required class 'io.micrometer.core.instrument.binder.tomcat.TomcatMetrics' (OnClassCondition)

   TomcatReactiveManagementContextAutoConfiguration:
      Did not match:
         - @ConditionalOnClass did not find required class 'org.springframework.boot.actuate.autoconfigure.web.server.ManagementContextFactory' (OnClassCondition)

   TomcatReactiveWebServerAutoConfiguration:
      Did not match:
         - @ConditionalOnWebApplication did not find reactive web application classes (OnWebApplicationCondition)

   TomcatServletManagementContextAutoConfiguration:
      Did not match:
         - @ConditionalOnClass did not find required class 'org.springframework.boot.actuate.autoconfigure.web.server.ManagementContextFactory' (OnClassCondition)

   TomcatServletWebServerAutoConfiguration#tomcatForwardedHeaderFilterCustomizer:
      Did not match:
         - @ConditionalOnProperty (server.forward-headers-strategy=framework) did not find property 'server.forward-headers-strategy' (OnPropertyCondition)

   TomcatWebServerConfiguration:
      Did not match:
         - Application is deployed as a WAR file. (OnWarDeploymentCondition)

   TransactionAutoConfiguration#transactionalOperator:
      Did not match:
         - @ConditionalOnSingleCandidate (types: org.springframework.transaction.ReactiveTransactionManager; SearchStrategy: all) did not find any beans (OnBeanCondition)

   TransactionAutoConfiguration.AspectJTransactionManagementConfiguration:
      Did not match:
         - @ConditionalOnBean (types: org.springframework.transaction.aspectj.AbstractTransactionAspect; SearchStrategy: all) did not find any beans of type org.springframework.transaction.aspectj.AbstractTransactionAspect (OnBeanCondition)

   TransactionAutoConfiguration.EnableTransactionManagementConfiguration:
      Did not match:
         - @ConditionalOnMissingBean (types: org.springframework.transaction.annotation.AbstractTransactionManagementConfiguration; SearchStrategy: all) found beans of type 'org.springframework.transaction.annotation.AbstractTransactionManagementConfiguration' org.springframework.transaction.annotation.ProxyTransactionManagementConfiguration (OnBeanCondition)

   TransactionAutoConfiguration.EnableTransactionManagementConfiguration.CglibAutoProxyConfiguration:
      Did not match:
         - Ancestor org.springframework.boot.transaction.autoconfigure.TransactionAutoConfiguration$EnableTransactionManagementConfiguration did not match (ConditionEvaluationReport.AncestorsMatchedCondition)
      Matched:
         - @ConditionalOnBooleanProperty (spring.aop.proxy-target-class=true) matched (OnPropertyCondition)

   TransactionAutoConfiguration.EnableTransactionManagementConfiguration.JdkDynamicAutoProxyConfiguration:
      Did not match:
         - @ConditionalOnBooleanProperty (spring.aop.proxy-target-class=false) did not find property 'spring.aop.proxy-target-class' (OnPropertyCondition)
         - Ancestor org.springframework.boot.transaction.autoconfigure.TransactionAutoConfiguration$EnableTransactionManagementConfiguration did not match (ConditionEvaluationReport.AncestorsMatchedCondition)

   WebMvcAutoConfiguration#hiddenHttpMethodFilter:
      Did not match:
         - @ConditionalOnBooleanProperty (spring.mvc.hiddenmethod.filter.enabled=true) did not find property 'spring.mvc.hiddenmethod.filter.enabled' (OnPropertyCondition)

   WebMvcAutoConfiguration.ProblemDetailsErrorHandlingConfiguration:
      Did not match:
         - @ConditionalOnBooleanProperty (spring.mvc.problemdetails.enabled=true) did not find property 'spring.mvc.problemdetails.enabled' (OnPropertyCondition)

   WebMvcAutoConfiguration.WebMvcAutoConfigurationAdapter#beanNameViewResolver:
      Did not match:
         - @ConditionalOnMissingBean (types: org.springframework.web.servlet.view.BeanNameViewResolver; SearchStrategy: all) found beans of type 'org.springframework.web.servlet.view.BeanNameViewResolver' beanNameViewResolver (OnBeanCondition)

   WebMvcHealthEndpointExtensionAutoConfiguration:
      Did not match:
         - @ConditionalOnClass did not find required class 'org.springframework.boot.health.actuate.endpoint.HealthEndpoint' (OnClassCondition)

   WebMvcMappingsAutoConfiguration:
      Did not match:
         - @ConditionalOnClass did not find required class 'org.springframework.boot.actuate.autoconfigure.endpoint.condition.ConditionalOnAvailableEndpoint' (OnClassCondition)

   WebMvcObservationAutoConfiguration:
      Did not match:
         - @ConditionalOnClass did not find required class 'org.springframework.boot.micrometer.observation.autoconfigure.ObservationProperties' (OnClassCondition)

   XADataSourceAutoConfiguration:
      Did not match:
         - @ConditionalOnBean (types: org.springframework.boot.jdbc.XADataSourceWrapper; SearchStrategy: all) did not find any beans of type org.springframework.boot.jdbc.XADataSourceWrapper (OnBeanCondition)
      Matched:
         - @ConditionalOnClass found required classes 'javax.sql.DataSource', 'jakarta.transaction.TransactionManager', 'org.springframework.jdbc.datasource.embedded.EmbeddedDatabaseType' (OnClassCondition)


Exclusions:
-----------

    None


Unconditional classes:
----------------------

    org.springdoc.core.configuration.SpringDocWebServerConfiguration.EmbeddedWebServerConfiguration

    org.springframework.boot.autoconfigure.context.ConfigurationPropertiesAutoConfiguration

    org.springframework.boot.autoconfigure.ssl.SslAutoConfiguration

    org.springframework.boot.autoconfigure.context.PropertyPlaceholderAutoConfiguration

    org.springframework.boot.autoconfigure.context.LifecycleAutoConfiguration

    org.springdoc.core.configuration.SpringDocSpecPropertiesConfiguration

    org.springframework.boot.testcontainers.service.connection.ServiceConnectionAutoConfiguration

    org.springframework.boot.autoconfigure.availability.ApplicationAvailabilityAutoConfiguration

    org.springframework.boot.autoconfigure.info.ProjectInfoAutoConfiguration

    org.springdoc.core.configuration.SpringDocWebServerConfiguration.DeployedWebServerConfiguration



2026-10-04T16:22:59.873+07:00  INFO 17432 --- [           main] c.c.c.CourseCacheIntegrationTests        : Started CourseCacheIntegrationTests in 20.401 seconds (process running for 47.03)
2026-10-04T16:22:59.877+07:00 DEBUG 17432 --- [           main] o.s.b.a.ApplicationAvailabilityBean      : Application availability state LivenessState changed to CORRECT
2026-10-04T16:22:59.881+07:00  WARN 17432 --- [           main] o.s.core.events.SpringDocAppInitializer  : SpringDoc /v3/api-docs endpoint is enabled by default. To disable it in production, set the property 'springdoc.api-docs.enabled=false'
2026-10-04T16:22:59.881+07:00  WARN 17432 --- [           main] o.s.core.events.SpringDocAppInitializer  : SpringDoc /swagger-ui.html endpoint is enabled by default. To disable it in production, set the property 'springdoc.swagger-ui.enabled=false'
2026-10-04T16:22:59.882+07:00 DEBUG 17432 --- [           main] o.s.b.a.ApplicationAvailabilityBean      : Application availability state ReadinessState changed to ACCEPTING_TRAFFIC
2026-10-04T16:23:00.267+07:00 DEBUG 17432 --- [           main] org.hibernate.SQL                        : select c1_0.id from categories c1_0 where upper(c1_0.name)=upper(?) fetch first ? rows only
2026-10-04T16:23:00.400+07:00 DEBUG 17432 --- [           main] org.hibernate.SQL                        : insert into categories (created_at,description,name,updated_at,id) values (?,?,?,?,default)
2026-10-04T16:23:00.467+07:00 DEBUG 17432 --- [           main] org.hibernate.SQL                        : select c1_0.id,c1_0.created_at,c1_0.description,c1_0.name,c1_0.updated_at from categories c1_0 where c1_0.id=?
2026-10-04T16:23:00.497+07:00 DEBUG 17432 --- [           main] org.hibernate.SQL                        : insert into courses (category_id,created_at,description,level,price,status,title,updated_at,id) values (?,?,?,?,?,?,?,?,default)
2026-10-04T16:23:01.520+07:00 DEBUG 17432 --- [           main] org.hibernate.SQL                        : select c1_0.id,c1_0.category_id,c1_0.created_at,c1_0.description,c1_0.level,c1_0.price,c1_0.status,c1_0.title,c1_0.updated_at from courses c1_0 where c1_0.id=?
2026-10-04T16:23:01.532+07:00 DEBUG 17432 --- [           main] org.hibernate.SQL                        : select c1_0.id,c1_0.created_at,c1_0.description,c1_0.name,c1_0.updated_at from categories c1_0 where c1_0.id=?
2026-10-04T16:23:01.650+07:00 DEBUG 17432 --- [           main] org.hibernate.SQL                        : select c1_0.id,c1_0.created_at,c1_0.description,c1_0.name,c1_0.updated_at from categories c1_0 where c1_0.id=?
2026-10-04T16:23:01.667+07:00 DEBUG 17432 --- [           main] org.hibernate.SQL                        : select c1_0.id from categories c1_0 where upper(c1_0.name)=upper(?) and c1_0.id<>? fetch first ? rows only
2026-10-04T16:23:01.688+07:00 DEBUG 17432 --- [           main] org.hibernate.SQL                        : update categories set description=?,name=?,updated_at=? where id=?
2026-10-04T16:23:01.716+07:00 DEBUG 17432 --- [           main] org.hibernate.SQL                        : select c1_0.id,c1_0.category_id,c1_0.created_at,c1_0.description,c1_0.level,c1_0.price,c1_0.status,c1_0.title,c1_0.updated_at from courses c1_0 where c1_0.id=?
2026-10-04T16:23:01.718+07:00 DEBUG 17432 --- [           main] org.hibernate.SQL                        : select c1_0.id,c1_0.created_at,c1_0.description,c1_0.name,c1_0.updated_at from categories c1_0 where c1_0.id=?
course cache category rename: key=courseDetails::4, before=Cache category eb5a3ff9-d2dc-4305-b35a-80069bf9abfc, after=Renamed 859e608d-ad2f-4036-afe2-4fa8e739eeaa
2026-10-04T16:23:01.746+07:00 DEBUG 17432 --- [           main] org.hibernate.SQL                        : select c1_0.id from categories c1_0 where upper(c1_0.name)=upper(?) fetch first ? rows only
2026-10-04T16:23:01.748+07:00 DEBUG 17432 --- [           main] org.hibernate.SQL                        : insert into categories (created_at,description,name,updated_at,id) values (?,?,?,?,default)
2026-10-04T16:23:01.753+07:00 DEBUG 17432 --- [           main] org.hibernate.SQL                        : select c1_0.id,c1_0.created_at,c1_0.description,c1_0.name,c1_0.updated_at from categories c1_0 where c1_0.id=?
2026-10-04T16:23:01.755+07:00 DEBUG 17432 --- [           main] org.hibernate.SQL                        : insert into courses (category_id,created_at,description,level,price,status,title,updated_at,id) values (?,?,?,?,?,?,?,?,default)
2026-10-04T16:23:01.766+07:00 DEBUG 17432 --- [           main] org.hibernate.SQL                        : select c1_0.id,c1_0.category_id,c1_0.created_at,c1_0.description,c1_0.level,c1_0.price,c1_0.status,c1_0.title,c1_0.updated_at from courses c1_0 where c1_0.id=?
2026-10-04T16:23:01.768+07:00 DEBUG 17432 --- [           main] org.hibernate.SQL                        : select c1_0.id,c1_0.created_at,c1_0.description,c1_0.name,c1_0.updated_at from categories c1_0 where c1_0.id=?
course cache miss/hit: key=courseDetails::5, missSql=2, hitSql=2, ttlMs=4989, json={"id":5,"categoryId":4,"categoryName":"Cache category 70a52cfc-2d6d-4eca-afea-267f0bdf9bf1","title":"Original course","description":"Redis cache integration test","price":149.90,"level":"BEGINNER","status":"DRAFT"}
2026-10-04T16:23:01.832+07:00 DEBUG 17432 --- [           main] org.hibernate.SQL                        : select c1_0.id from categories c1_0 where upper(c1_0.name)=upper(?) fetch first ? rows only
2026-10-04T16:23:01.835+07:00 DEBUG 17432 --- [           main] org.hibernate.SQL                        : insert into categories (created_at,description,name,updated_at,id) values (?,?,?,?,default)
2026-10-04T16:23:01.840+07:00 DEBUG 17432 --- [           main] org.hibernate.SQL                        : select c1_0.id,c1_0.created_at,c1_0.description,c1_0.name,c1_0.updated_at from categories c1_0 where c1_0.id=?
2026-10-04T16:23:01.842+07:00 DEBUG 17432 --- [           main] org.hibernate.SQL                        : insert into courses (category_id,created_at,description,level,price,status,title,updated_at,id) values (?,?,?,?,?,?,?,?,default)
2026-10-04T16:23:01.854+07:00 DEBUG 17432 --- [           main] org.hibernate.SQL                        : select c1_0.id,c1_0.category_id,c1_0.created_at,c1_0.description,c1_0.level,c1_0.price,c1_0.status,c1_0.title,c1_0.updated_at from courses c1_0 where c1_0.id=?
2026-10-04T16:23:01.857+07:00 DEBUG 17432 --- [           main] org.hibernate.SQL                        : select c1_0.id,c1_0.created_at,c1_0.description,c1_0.name,c1_0.updated_at from categories c1_0 where c1_0.id=?
2026-10-04T16:23:01.867+07:00 DEBUG 17432 --- [           main] org.hibernate.SQL                        : select c1_0.id,c1_0.category_id,c1_0.created_at,c1_0.description,c1_0.level,c1_0.price,c1_0.status,c1_0.title,c1_0.updated_at from courses c1_0 where c1_0.id=?
2026-10-04T16:23:01.871+07:00 DEBUG 17432 --- [           main] org.hibernate.SQL                        : select c1_0.id,c1_0.created_at,c1_0.description,c1_0.name,c1_0.updated_at from categories c1_0 where c1_0.id=?
2026-10-04T16:23:01.895+07:00 DEBUG 17432 --- [           main] org.hibernate.SQL                        : select c1_0.id from categories c1_0 where upper(c1_0.name)=upper(?) fetch first ? rows only
2026-10-04T16:23:01.899+07:00 DEBUG 17432 --- [           main] org.hibernate.SQL                        : insert into categories (created_at,description,name,updated_at,id) values (?,?,?,?,default)
2026-10-04T16:23:01.904+07:00 DEBUG 17432 --- [           main] org.hibernate.SQL                        : select c1_0.id,c1_0.created_at,c1_0.description,c1_0.name,c1_0.updated_at from categories c1_0 where c1_0.id=?
2026-10-04T16:23:01.906+07:00 DEBUG 17432 --- [           main] org.hibernate.SQL                        : insert into courses (category_id,created_at,description,level,price,status,title,updated_at,id) values (?,?,?,?,?,?,?,?,default)
2026-10-04T16:23:01.920+07:00 DEBUG 17432 --- [           main] org.hibernate.SQL                        : select c1_0.id,c1_0.category_id,c1_0.created_at,c1_0.description,c1_0.level,c1_0.price,c1_0.status,c1_0.title,c1_0.updated_at from courses c1_0 where c1_0.id=?
2026-10-04T16:23:01.923+07:00 DEBUG 17432 --- [           main] org.hibernate.SQL                        : select c1_0.id,c1_0.created_at,c1_0.description,c1_0.name,c1_0.updated_at from categories c1_0 where c1_0.id=?
2026-10-04T16:23:06.971+07:00 DEBUG 17432 --- [           main] org.hibernate.SQL                        : select c1_0.id,c1_0.category_id,c1_0.created_at,c1_0.description,c1_0.level,c1_0.price,c1_0.status,c1_0.title,c1_0.updated_at from courses c1_0 where c1_0.id=?
2026-10-04T16:23:06.972+07:00 DEBUG 17432 --- [           main] org.hibernate.SQL                        : select c1_0.id,c1_0.created_at,c1_0.description,c1_0.name,c1_0.updated_at from categories c1_0 where c1_0.id=?
course cache expiry: key=courseDetails::7, reloadSql=2
2026-10-04T16:23:06.992+07:00 DEBUG 17432 --- [           main] org.hibernate.SQL                        : select c1_0.id from categories c1_0 where upper(c1_0.name)=upper(?) fetch first ? rows only
2026-10-04T16:23:06.993+07:00 DEBUG 17432 --- [           main] org.hibernate.SQL                        : insert into categories (created_at,description,name,updated_at,id) values (?,?,?,?,default)
2026-10-04T16:23:06.998+07:00 DEBUG 17432 --- [           main] org.hibernate.SQL                        : select c1_0.id,c1_0.created_at,c1_0.description,c1_0.name,c1_0.updated_at from categories c1_0 where c1_0.id=?
2026-10-04T16:23:06.999+07:00 DEBUG 17432 --- [           main] org.hibernate.SQL                        : insert into courses (category_id,created_at,description,level,price,status,title,updated_at,id) values (?,?,?,?,?,?,?,?,default)
2026-10-04T16:23:07.012+07:00 DEBUG 17432 --- [           main] org.hibernate.SQL                        : select c1_0.id,c1_0.category_id,c1_0.created_at,c1_0.description,c1_0.level,c1_0.price,c1_0.status,c1_0.title,c1_0.updated_at from courses c1_0 where c1_0.id=?
2026-10-04T16:23:07.017+07:00 DEBUG 17432 --- [           main] org.hibernate.SQL                        : select c1_0.id,c1_0.created_at,c1_0.description,c1_0.name,c1_0.updated_at from categories c1_0 where c1_0.id=?
2026-10-04T16:23:07.026+07:00 DEBUG 17432 --- [           main] org.hibernate.SQL                        : select c1_0.id,c1_0.category_id,c1_0.created_at,c1_0.description,c1_0.level,c1_0.price,c1_0.status,c1_0.title,c1_0.updated_at from courses c1_0 where c1_0.id=?
2026-10-04T16:23:07.028+07:00 DEBUG 17432 --- [           main] org.hibernate.SQL                        : select c1_0.id,c1_0.created_at,c1_0.description,c1_0.name,c1_0.updated_at from categories c1_0 where c1_0.id=?
2026-10-04T16:23:07.033+07:00 DEBUG 17432 --- [           main] org.hibernate.SQL                        : update courses set category_id=?,description=?,level=?,price=?,status=?,title=?,updated_at=? where id=?
2026-10-04T16:23:07.042+07:00 DEBUG 17432 --- [           main] org.hibernate.SQL                        : select c1_0.id,c1_0.category_id,c1_0.created_at,c1_0.description,c1_0.level,c1_0.price,c1_0.status,c1_0.title,c1_0.updated_at from courses c1_0 where c1_0.id=?
2026-10-04T16:23:07.043+07:00 DEBUG 17432 --- [           main] org.hibernate.SQL                        : select c1_0.id,c1_0.created_at,c1_0.description,c1_0.name,c1_0.updated_at from categories c1_0 where c1_0.id=?
2026-10-04T16:23:07.058+07:00 DEBUG 17432 --- [           main] org.hibernate.SQL                        : select c1_0.id from categories c1_0 where upper(c1_0.name)=upper(?) fetch first ? rows only
2026-10-04T16:23:07.059+07:00 DEBUG 17432 --- [           main] org.hibernate.SQL                        : insert into categories (created_at,description,name,updated_at,id) values (?,?,?,?,default)
2026-10-04T16:23:07.063+07:00 DEBUG 17432 --- [           main] org.hibernate.SQL                        : select c1_0.id,c1_0.created_at,c1_0.description,c1_0.name,c1_0.updated_at from categories c1_0 where c1_0.id=?
2026-10-04T16:23:07.065+07:00 DEBUG 17432 --- [           main] org.hibernate.SQL                        : insert into courses (category_id,created_at,description,level,price,status,title,updated_at,id) values (?,?,?,?,?,?,?,?,default)
2026-10-04T16:23:07.073+07:00 DEBUG 17432 --- [           main] org.hibernate.SQL                        : select c1_0.id,c1_0.category_id,c1_0.created_at,c1_0.description,c1_0.level,c1_0.price,c1_0.status,c1_0.title,c1_0.updated_at from courses c1_0 where c1_0.id=?
2026-10-04T16:23:07.075+07:00 DEBUG 17432 --- [           main] org.hibernate.SQL                        : select c1_0.id,c1_0.created_at,c1_0.description,c1_0.name,c1_0.updated_at from categories c1_0 where c1_0.id=?
2026-10-04T16:23:07.121+07:00 DEBUG 17432 --- [           main] org.hibernate.SQL                        : select c1_0.id,c1_0.category_id,c1_0.created_at,c1_0.description,c1_0.level,c1_0.price,c1_0.status,c1_0.title,c1_0.updated_at from courses c1_0 where c1_0.id=?
2026-10-04T16:23:07.123+07:00 DEBUG 17432 --- [           main] org.hibernate.SQL                        : select c1_0.id,c1_0.created_at,c1_0.description,c1_0.name,c1_0.updated_at from categories c1_0 where c1_0.id=?
2026-10-04T16:23:07.125+07:00 DEBUG 17432 --- [           main] org.hibernate.SQL                        : update courses set category_id=?,description=?,level=?,price=?,status=?,title=?,updated_at=? where id=?
2026-10-04T16:23:07.134+07:00 DEBUG 17432 --- [           main] org.hibernate.SQL                        : select c1_0.id,c1_0.category_id,c1_0.created_at,c1_0.description,c1_0.level,c1_0.price,c1_0.status,c1_0.title,c1_0.updated_at from courses c1_0 where c1_0.id=?
2026-10-04T16:23:07.135+07:00 DEBUG 17432 --- [           main] org.hibernate.SQL                        : select c1_0.id,c1_0.created_at,c1_0.description,c1_0.name,c1_0.updated_at from categories c1_0 where c1_0.id=?
2026-10-04T16:23:07.184+07:00 DEBUG 17432 --- [           main] org.hibernate.SQL                        : select c1_0.id,c1_0.category_id,c1_0.created_at,c1_0.description,c1_0.level,c1_0.price,c1_0.status,c1_0.title,c1_0.updated_at from courses c1_0 where c1_0.id=?
2026-10-04T16:23:07.190+07:00 DEBUG 17432 --- [           main] org.hibernate.SQL                        : select e1_0.id from enrollments e1_0 where e1_0.course_id=? fetch first ? rows only
2026-10-04T16:23:07.205+07:00 DEBUG 17432 --- [           main] org.hibernate.SQL                        : delete from courses where id=?
2026-10-04T16:23:07.218+07:00 DEBUG 17432 --- [           main] org.hibernate.SQL                        : select c1_0.id,c1_0.category_id,c1_0.created_at,c1_0.description,c1_0.level,c1_0.price,c1_0.status,c1_0.title,c1_0.updated_at from courses c1_0 where c1_0.id=?
course cache update/delete: key=courseDetails::9, updatedTitle=Updated course, deletedKey=false
2026-10-04T16:23:07.369+07:00  INFO 17432 --- [xecutorLoop-1-2] i.l.core.protocol.ConnectionWatchdog     : Reconnecting, last destination was localhost/127.0.0.1:8602
2026-10-04T16:23:07.369+07:00  INFO 17432 --- [xecutorLoop-1-1] i.l.core.protocol.ConnectionWatchdog     : Reconnecting, last destination was localhost/127.0.0.1:8602
2026-10-04T16:23:07.483+07:00  WARN 17432 --- [ioEventLoop-4-3] i.l.core.protocol.ConnectionWatchdog     : Cannot reconnect to [localhost/<unresolved>:8602]: Connection closed prematurely

io.lettuce.core.RedisConnectionException: Connection closed prematurely
	at io.lettuce.core.protocol.RedisHandshakeHandler.channelInactive(RedisHandshakeHandler.java:76) ~[lettuce-core-7.5.2.RELEASE.jar:7.5.2.RELEASE/5728917]
	at io.netty.channel.AbstractChannelHandlerContext.fireChannelInactive(AbstractChannelHandlerContext.java:251) ~[netty-transport-4.2.17.Final.jar:4.2.17.Final]
	at io.netty.channel.ChannelInboundHandlerAdapter.channelInactive(ChannelInboundHandlerAdapter.java:81) ~[netty-transport-4.2.17.Final.jar:4.2.17.Final]
	at io.lettuce.core.ChannelGroupListener.channelInactive(ChannelGroupListener.java:54) ~[lettuce-core-7.5.2.RELEASE.jar:7.5.2.RELEASE/5728917]
	at io.netty.channel.AbstractChannelHandlerContext.fireChannelInactive(AbstractChannelHandlerContext.java:251) ~[netty-transport-4.2.17.Final.jar:4.2.17.Final]
	at io.netty.channel.DefaultChannelPipeline$HeadContext.channelInactive(DefaultChannelPipeline.java:1424) ~[netty-transport-4.2.17.Final.jar:4.2.17.Final]
	at io.netty.channel.DefaultChannelPipeline.fireChannelInactive(DefaultChannelPipeline.java:876) ~[netty-transport-4.2.17.Final.jar:4.2.17.Final]
	at io.netty.channel.AbstractChannel$AbstractUnsafe$6.run(AbstractChannel.java:676) ~[netty-transport-4.2.17.Final.jar:4.2.17.Final]
	at io.netty.util.concurrent.AbstractEventExecutor.runTask(AbstractEventExecutor.java:148) ~[netty-common-4.2.17.Final.jar:4.2.17.Final]
	at io.netty.util.concurrent.AbstractEventExecutor.safeExecute(AbstractEventExecutor.java:141) ~[netty-common-4.2.17.Final.jar:4.2.17.Final]
	at io.netty.util.concurrent.SingleThreadEventExecutor.runAllTasks(SingleThreadEventExecutor.java:535) ~[netty-common-4.2.17.Final.jar:4.2.17.Final]
	at io.netty.channel.SingleThreadIoEventLoop.run(SingleThreadIoEventLoop.java:201) ~[netty-transport-4.2.17.Final.jar:4.2.17.Final]
	at io.netty.util.concurrent.SingleThreadEventExecutor$5.run(SingleThreadEventExecutor.java:1204) ~[netty-common-4.2.17.Final.jar:4.2.17.Final]
	at io.netty.util.internal.ThreadExecutorMap$2.run(ThreadExecutorMap.java:74) ~[netty-common-4.2.17.Final.jar:4.2.17.Final]
	at io.netty.util.concurrent.FastThreadLocalRunnable.run(FastThreadLocalRunnable.java:30) ~[netty-common-4.2.17.Final.jar:4.2.17.Final]
	at java.base/java.lang.Thread.run(Thread.java:1570) ~[na:na]

2026-10-04T16:23:07.483+07:00  WARN 17432 --- [ioEventLoop-4-4] i.l.core.protocol.ConnectionWatchdog     : Cannot reconnect to [localhost/<unresolved>:8602]: Connection closed prematurely

io.lettuce.core.RedisConnectionException: Connection closed prematurely
	at io.lettuce.core.protocol.RedisHandshakeHandler.channelInactive(RedisHandshakeHandler.java:76) ~[lettuce-core-7.5.2.RELEASE.jar:7.5.2.RELEASE/5728917]
	at io.netty.channel.AbstractChannelHandlerContext.fireChannelInactive(AbstractChannelHandlerContext.java:251) ~[netty-transport-4.2.17.Final.jar:4.2.17.Final]
	at io.netty.channel.ChannelInboundHandlerAdapter.channelInactive(ChannelInboundHandlerAdapter.java:81) ~[netty-transport-4.2.17.Final.jar:4.2.17.Final]
	at io.lettuce.core.ChannelGroupListener.channelInactive(ChannelGroupListener.java:54) ~[lettuce-core-7.5.2.RELEASE.jar:7.5.2.RELEASE/5728917]
	at io.netty.channel.AbstractChannelHandlerContext.fireChannelInactive(AbstractChannelHandlerContext.java:251) ~[netty-transport-4.2.17.Final.jar:4.2.17.Final]
	at io.netty.channel.DefaultChannelPipeline$HeadContext.channelInactive(DefaultChannelPipeline.java:1424) ~[netty-transport-4.2.17.Final.jar:4.2.17.Final]
	at io.netty.channel.DefaultChannelPipeline.fireChannelInactive(DefaultChannelPipeline.java:876) ~[netty-transport-4.2.17.Final.jar:4.2.17.Final]
	at io.netty.channel.AbstractChannel$AbstractUnsafe$6.run(AbstractChannel.java:676) ~[netty-transport-4.2.17.Final.jar:4.2.17.Final]
	at io.netty.util.concurrent.AbstractEventExecutor.runTask(AbstractEventExecutor.java:148) ~[netty-common-4.2.17.Final.jar:4.2.17.Final]
	at io.netty.util.concurrent.AbstractEventExecutor.safeExecute(AbstractEventExecutor.java:141) ~[netty-common-4.2.17.Final.jar:4.2.17.Final]
	at io.netty.util.concurrent.SingleThreadEventExecutor.runAllTasks(SingleThreadEventExecutor.java:535) ~[netty-common-4.2.17.Final.jar:4.2.17.Final]
	at io.netty.channel.SingleThreadIoEventLoop.run(SingleThreadIoEventLoop.java:201) ~[netty-transport-4.2.17.Final.jar:4.2.17.Final]
	at io.netty.util.concurrent.SingleThreadEventExecutor$5.run(SingleThreadEventExecutor.java:1204) ~[netty-common-4.2.17.Final.jar:4.2.17.Final]
	at io.netty.util.internal.ThreadExecutorMap$2.run(ThreadExecutorMap.java:74) ~[netty-common-4.2.17.Final.jar:4.2.17.Final]
	at io.netty.util.concurrent.FastThreadLocalRunnable.run(FastThreadLocalRunnable.java:30) ~[netty-common-4.2.17.Final.jar:4.2.17.Final]
	at java.base/java.lang.Thread.run(Thread.java:1570) ~[na:na]

[INFO] Tests run: 6, Failures: 0, Errors: 0, Skipped: 0, Time elapsed: 42.46 s -- in com.ccnlthd.course_management.CourseCacheIntegrationTests
[INFO] Running com.ccnlthd.course_management.CourseControllerValidationTests
2026-10-04T16:23:07.743+07:00 DEBUG 17432 --- [           main] s.w.s.m.m.a.RequestMappingHandlerMapping : 5 mappings in org.springframework.web.servlet.mvc.method.annotation.RequestMappingHandlerMapping
2026-10-04T16:23:07.745+07:00 DEBUG 17432 --- [           main] s.w.s.m.m.a.RequestMappingHandlerAdapter : ControllerAdvice beans: 0 @ModelAttribute, 0 @InitBinder, 2 RequestBodyAdvice, 1 ResponseBodyAdvice
2026-10-04T16:23:07.746+07:00 DEBUG 17432 --- [           main] .m.m.a.ExceptionHandlerExceptionResolver : ControllerAdvice beans: 1 @ExceptionHandler, 1 ResponseBodyAdvice
2026-10-04T16:23:07.746+07:00  INFO 17432 --- [           main] o.s.mock.web.MockServletContext          : Initializing Spring TestDispatcherServlet ''
2026-10-04T16:23:07.746+07:00  INFO 17432 --- [           main] o.s.t.web.servlet.TestDispatcherServlet  : Initializing Servlet ''
2026-10-04T16:23:07.747+07:00  INFO 17432 --- [           main] o.s.t.web.servlet.TestDispatcherServlet  : Completed initialization in 0 ms
2026-10-04T16:23:07.748+07:00 DEBUG 17432 --- [           main] s.w.s.m.m.a.RequestMappingHandlerMapping : Mapped to com.ccnlthd.course_management.controller.CourseController#createCourse(CourseRequest)
2026-10-04T16:23:07.756+07:00 DEBUG 17432 --- [           main] m.m.a.RequestResponseBodyMethodProcessor : Read "application/json" to [com.ccnlthd.course_management.dto.request.CourseRequest@6be9e443]
2026-10-04T16:23:07.771+07:00 DEBUG 17432 --- [           main] .m.m.a.ExceptionHandlerExceptionResolver : Using @ExceptionHandler com.ccnlthd.course_management.exception.GlobalExceptionHandler#handleValidationException(MethodArgumentNotValidException)
2026-10-04T16:23:07.777+07:00 DEBUG 17432 --- [           main] o.s.w.s.m.m.a.HttpEntityMethodProcessor  : Using 'application/json', given [*/*] and supported [application/json, application/*+json, application/yaml]
2026-10-04T16:23:07.778+07:00 DEBUG 17432 --- [           main] o.s.w.s.m.m.a.HttpEntityMethodProcessor  : Writing [com.ccnlthd.course_management.dto.response.ApiResponse@1a3bebf9]
2026-10-04T16:23:07.786+07:00 DEBUG 17432 --- [           main] .m.m.a.ExceptionHandlerExceptionResolver : Resolved [org.springframework.web.bind.MethodArgumentNotValidException: Validation failed for argument [0] in public org.springframework.http.ResponseEntity<com.ccnlthd.course_management.dto.response.CourseResponse> com.ccnlthd.course_management.controller.CourseController.createCourse(com.ccnlthd.course_management.dto.request.CourseRequest) with 5 errors: [Field error in object 'courseRequest' on field 'status': rejected value []; codes [NotBlank.courseRequest.status,NotBlank.status,NotBlank.java.lang.String,NotBlank]; arguments [org.springframework.context.support.DefaultMessageSourceResolvable: codes [courseRequest.status,status]; arguments []; default message [status]]; default message [Course status is required]] [Field error in object 'courseRequest' on field 'categoryId': rejected value [null]; codes [NotNull.courseRequest.categoryId,NotNull.categoryId,NotNull.java.lang.Long,NotNull]; arguments [org.springframework.context.support.DefaultMessageSourceResolvable: codes [courseRequest.categoryId,categoryId]; arguments []; default message [categoryId]]; default message [Category id is required]] [Field error in object 'courseRequest' on field 'level': rejected value []; codes [NotBlank.courseRequest.level,NotBlank.level,NotBlank.java.lang.String,NotBlank]; arguments [org.springframework.context.support.DefaultMessageSourceResolvable: codes [courseRequest.level,level]; arguments []; default message [level]]; default message [Course level is required]] [Field error in object 'courseRequest' on field 'price': rejected value [-1]; codes [PositiveOrZero.courseRequest.price,PositiveOrZero.price,PositiveOrZero.java.math.BigDecimal,PositiveOrZero]; arguments [org.springframework.context.support.DefaultMessageSourceResolvable: codes [courseRequest.price,price]; arguments []; default message [price]]; default message [Course price must be zero or positive]] [Field error in object 'courseRequest' on field 'title': rejected value []; codes [NotBlank.courseRequest.title,NotBlank.title,NotBlank.java.lang.String,NotBlank]; arguments [org.springframework.context.support.DefaultMessageSourceResolvable: codes [courseRequest.title,title]; arguments []; default message [title]]; default message [Course title is required]] ]
2026-10-04T16:23:07.815+07:00 DEBUG 17432 --- [           main] s.w.s.m.m.a.RequestMappingHandlerMapping : 5 mappings in org.springframework.web.servlet.mvc.method.annotation.RequestMappingHandlerMapping
2026-10-04T16:23:07.816+07:00 DEBUG 17432 --- [           main] s.w.s.m.m.a.RequestMappingHandlerAdapter : ControllerAdvice beans: 0 @ModelAttribute, 0 @InitBinder, 2 RequestBodyAdvice, 1 ResponseBodyAdvice
2026-10-04T16:23:07.817+07:00 DEBUG 17432 --- [           main] .m.m.a.ExceptionHandlerExceptionResolver : ControllerAdvice beans: 1 @ExceptionHandler, 1 ResponseBodyAdvice
2026-10-04T16:23:07.817+07:00  INFO 17432 --- [           main] o.s.mock.web.MockServletContext          : Initializing Spring TestDispatcherServlet ''
2026-10-04T16:23:07.817+07:00  INFO 17432 --- [           main] o.s.t.web.servlet.TestDispatcherServlet  : Initializing Servlet ''
2026-10-04T16:23:07.817+07:00  INFO 17432 --- [           main] o.s.t.web.servlet.TestDispatcherServlet  : Completed initialization in 0 ms
2026-10-04T16:23:07.820+07:00 DEBUG 17432 --- [           main] s.w.s.m.m.a.RequestMappingHandlerMapping : Mapped to com.ccnlthd.course_management.controller.CourseController#createCourse(CourseRequest)
2026-10-04T16:23:07.823+07:00 DEBUG 17432 --- [           main] m.m.a.RequestResponseBodyMethodProcessor : Read "application/json" to [com.ccnlthd.course_management.dto.request.CourseRequest@3983235]
2026-10-04T16:23:07.840+07:00 DEBUG 17432 --- [           main] o.s.w.s.m.m.a.HttpEntityMethodProcessor  : Using 'application/json', given [*/*] and supported [application/json, application/*+json, application/yaml]
2026-10-04T16:23:07.840+07:00 DEBUG 17432 --- [           main] o.s.w.s.m.m.a.HttpEntityMethodProcessor  : Writing [com.ccnlthd.course_management.dto.response.CourseResponse@6b337e18]
[INFO] Tests run: 2, Failures: 0, Errors: 0, Skipped: 0, Time elapsed: 0.269 s -- in com.ccnlthd.course_management.CourseControllerValidationTests
[INFO] Running com.ccnlthd.course_management.CourseCrudTests
2026-10-04T16:23:07.935+07:00 DEBUG 17432 --- [           main] s.w.s.m.m.a.RequestMappingHandlerMapping : 5 mappings in org.springframework.web.servlet.mvc.method.annotation.RequestMappingHandlerMapping
2026-10-04T16:23:07.935+07:00 DEBUG 17432 --- [           main] s.w.s.m.m.a.RequestMappingHandlerAdapter : ControllerAdvice beans: 0 @ModelAttribute, 0 @InitBinder, 2 RequestBodyAdvice, 1 ResponseBodyAdvice
2026-10-04T16:23:07.936+07:00 DEBUG 17432 --- [           main] .m.m.a.ExceptionHandlerExceptionResolver : ControllerAdvice beans: 1 @ExceptionHandler, 1 ResponseBodyAdvice
2026-10-04T16:23:07.937+07:00  INFO 17432 --- [           main] o.s.mock.web.MockServletContext          : Initializing Spring TestDispatcherServlet ''
2026-10-04T16:23:07.937+07:00  INFO 17432 --- [           main] o.s.t.web.servlet.TestDispatcherServlet  : Initializing Servlet ''
2026-10-04T16:23:07.937+07:00  INFO 17432 --- [           main] o.s.t.web.servlet.TestDispatcherServlet  : Completed initialization in 0 ms
2026-10-04T16:23:07.940+07:00 DEBUG 17432 --- [           main] s.w.s.m.m.a.RequestMappingHandlerMapping : Mapped to com.ccnlthd.course_management.controller.CourseController#getCourseById(Long)
2026-10-04T16:23:07.943+07:00 DEBUG 17432 --- [           main] o.s.w.s.m.m.a.HttpEntityMethodProcessor  : Using 'application/json', given [*/*] and supported [application/json, application/*+json, application/yaml]
2026-10-04T16:23:07.944+07:00 DEBUG 17432 --- [           main] o.s.w.s.m.m.a.HttpEntityMethodProcessor  : Writing [com.ccnlthd.course_management.dto.response.CourseResponse@3ce820c4]
2026-10-04T16:23:07.948+07:00 DEBUG 17432 --- [           main] s.w.s.m.m.a.RequestMappingHandlerMapping : Mapped to com.ccnlthd.course_management.controller.CourseController#getAllCourses()
2026-10-04T16:23:07.951+07:00 DEBUG 17432 --- [           main] o.s.w.s.m.m.a.HttpEntityMethodProcessor  : Using 'application/json', given [*/*] and supported [application/json, application/*+json, application/yaml]
2026-10-04T16:23:07.952+07:00 DEBUG 17432 --- [           main] o.s.w.s.m.m.a.HttpEntityMethodProcessor  : Writing [[com.ccnlthd.course_management.dto.response.CourseResponse@3ce820c4]]
2026-10-04T16:23:07.955+07:00 DEBUG 17432 --- [           main] s.w.s.m.m.a.RequestMappingHandlerMapping : Mapped to com.ccnlthd.course_management.controller.CourseController#updateCourse(Long, CourseRequest)
2026-10-04T16:23:07.959+07:00 DEBUG 17432 --- [           main] m.m.a.RequestResponseBodyMethodProcessor : Read "application/json" to [com.ccnlthd.course_management.dto.request.CourseRequest@7d075ecf]
2026-10-04T16:23:07.969+07:00 DEBUG 17432 --- [           main] o.s.w.s.m.m.a.HttpEntityMethodProcessor  : Using 'application/json', given [*/*] and supported [application/json, application/*+json, application/yaml]
2026-10-04T16:23:07.970+07:00 DEBUG 17432 --- [           main] o.s.w.s.m.m.a.HttpEntityMethodProcessor  : Writing [com.ccnlthd.course_management.dto.response.CourseResponse@3ce820c4]
2026-10-04T16:23:07.976+07:00 DEBUG 17432 --- [           main] s.w.s.m.m.a.RequestMappingHandlerMapping : Mapped to com.ccnlthd.course_management.controller.CourseController#deleteCourse(Long)
2026-10-04T16:23:07.978+07:00 DEBUG 17432 --- [           main] o.s.w.s.m.m.a.HttpEntityMethodProcessor  : Using 'application/json', given [*/*] and supported [application/json, application/*+json, application/yaml]
2026-10-04T16:23:07.979+07:00 DEBUG 17432 --- [           main] o.s.w.s.m.m.a.HttpEntityMethodProcessor  : Nothing to write: null body
2026-10-04T16:23:08.002+07:00 DEBUG 17432 --- [           main] s.w.s.m.m.a.RequestMappingHandlerMapping : 5 mappings in org.springframework.web.servlet.mvc.method.annotation.RequestMappingHandlerMapping
2026-10-04T16:23:08.002+07:00 DEBUG 17432 --- [           main] s.w.s.m.m.a.RequestMappingHandlerAdapter : ControllerAdvice beans: 0 @ModelAttribute, 0 @InitBinder, 2 RequestBodyAdvice, 1 ResponseBodyAdvice
2026-10-04T16:23:08.004+07:00 DEBUG 17432 --- [           main] .m.m.a.ExceptionHandlerExceptionResolver : ControllerAdvice beans: 1 @ExceptionHandler, 1 ResponseBodyAdvice
2026-10-04T16:23:08.004+07:00  INFO 17432 --- [           main] o.s.mock.web.MockServletContext          : Initializing Spring TestDispatcherServlet ''
2026-10-04T16:23:08.004+07:00  INFO 17432 --- [           main] o.s.t.web.servlet.TestDispatcherServlet  : Initializing Servlet ''
2026-10-04T16:23:08.004+07:00  INFO 17432 --- [           main] o.s.t.web.servlet.TestDispatcherServlet  : Completed initialization in 0 ms
2026-10-04T16:23:08.006+07:00 DEBUG 17432 --- [           main] s.w.s.m.m.a.RequestMappingHandlerMapping : Mapped to com.ccnlthd.course_management.controller.CourseController#deleteCourse(Long)
2026-10-04T16:23:08.007+07:00 DEBUG 17432 --- [           main] .m.m.a.ExceptionHandlerExceptionResolver : Using @ExceptionHandler com.ccnlthd.course_management.exception.GlobalExceptionHandler#handleAppException(AppException)
2026-10-04T16:23:08.008+07:00 DEBUG 17432 --- [           main] o.s.w.s.m.m.a.HttpEntityMethodProcessor  : Using 'application/json', given [*/*] and supported [application/json, application/*+json, application/yaml]
2026-10-04T16:23:08.010+07:00 DEBUG 17432 --- [           main] o.s.w.s.m.m.a.HttpEntityMethodProcessor  : Writing [com.ccnlthd.course_management.dto.response.ApiResponse@33b5af2b]
2026-10-04T16:23:08.013+07:00 DEBUG 17432 --- [           main] .m.m.a.ExceptionHandlerExceptionResolver : Resolved [com.ccnlthd.course_management.exception.AppException: Course has enrollments]
2026-10-04T16:23:08.052+07:00 DEBUG 17432 --- [           main] s.w.s.m.m.a.RequestMappingHandlerMapping : 5 mappings in org.springframework.web.servlet.mvc.method.annotation.RequestMappingHandlerMapping
2026-10-04T16:23:08.053+07:00 DEBUG 17432 --- [           main] s.w.s.m.m.a.RequestMappingHandlerAdapter : ControllerAdvice beans: 0 @ModelAttribute, 0 @InitBinder, 2 RequestBodyAdvice, 1 ResponseBodyAdvice
2026-10-04T16:23:08.054+07:00 DEBUG 17432 --- [           main] .m.m.a.ExceptionHandlerExceptionResolver : ControllerAdvice beans: 1 @ExceptionHandler, 1 ResponseBodyAdvice
2026-10-04T16:23:08.054+07:00  INFO 17432 --- [           main] o.s.mock.web.MockServletContext          : Initializing Spring TestDispatcherServlet ''
2026-10-04T16:23:08.054+07:00  INFO 17432 --- [           main] o.s.t.web.servlet.TestDispatcherServlet  : Initializing Servlet ''
2026-10-04T16:23:08.055+07:00  INFO 17432 --- [           main] o.s.t.web.servlet.TestDispatcherServlet  : Completed initialization in 1 ms
2026-10-04T16:23:08.055+07:00 DEBUG 17432 --- [           main] s.w.s.m.m.a.RequestMappingHandlerMapping : Mapped to com.ccnlthd.course_management.controller.CourseController#updateCourse(Long, CourseRequest)
2026-10-04T16:23:08.059+07:00 DEBUG 17432 --- [           main] m.m.a.RequestResponseBodyMethodProcessor : Read "application/json" to [com.ccnlthd.course_management.dto.request.CourseRequest@c989407]
2026-10-04T16:23:08.069+07:00 DEBUG 17432 --- [           main] .m.m.a.ExceptionHandlerExceptionResolver : Using @ExceptionHandler com.ccnlthd.course_management.exception.GlobalExceptionHandler#handleValidationException(MethodArgumentNotValidException)
2026-10-04T16:23:08.073+07:00 DEBUG 17432 --- [           main] o.s.w.s.m.m.a.HttpEntityMethodProcessor  : Using 'application/json', given [*/*] and supported [application/json, application/*+json, application/yaml]
2026-10-04T16:23:08.074+07:00 DEBUG 17432 --- [           main] o.s.w.s.m.m.a.HttpEntityMethodProcessor  : Writing [com.ccnlthd.course_management.dto.response.ApiResponse@78c726d2]
2026-10-04T16:23:08.079+07:00 DEBUG 17432 --- [           main] .m.m.a.ExceptionHandlerExceptionResolver : Resolved [org.springframework.web.bind.MethodArgumentNotValidException: Validation failed for argument [1] in public org.springframework.http.ResponseEntity<com.ccnlthd.course_management.dto.response.CourseResponse> com.ccnlthd.course_management.controller.CourseController.updateCourse(java.lang.Long,com.ccnlthd.course_management.dto.request.CourseRequest) with 4 errors: [Field error in object 'courseRequest' on field 'status': rejected value [null]; codes [NotBlank.courseRequest.status,NotBlank.status,NotBlank.java.lang.String,NotBlank]; arguments [org.springframework.context.support.DefaultMessageSourceResolvable: codes [courseRequest.status,status]; arguments []; default message [status]]; default message [Course status is required]] [Field error in object 'courseRequest' on field 'price': rejected value [-1]; codes [PositiveOrZero.courseRequest.price,PositiveOrZero.price,PositiveOrZero.java.math.BigDecimal,PositiveOrZero]; arguments [org.springframework.context.support.DefaultMessageSourceResolvable: codes [courseRequest.price,price]; arguments []; default message [price]]; default message [Course price must be zero or positive]] [Field error in object 'courseRequest' on field 'level': rejected value [null]; codes [NotBlank.courseRequest.level,NotBlank.level,NotBlank.java.lang.String,NotBlank]; arguments [org.springframework.context.support.DefaultMessageSourceResolvable: codes [courseRequest.level,level]; arguments []; default message [level]]; default message [Course level is required]] [Field error in object 'courseRequest' on field 'title': rejected value []; codes [NotBlank.courseRequest.title,NotBlank.title,NotBlank.java.lang.String,NotBlank]; arguments [org.springframework.context.support.DefaultMessageSourceResolvable: codes [courseRequest.title,title]; arguments []; default message [title]]; default message [Course title is required]] ]
[INFO] Tests run: 10, Failures: 0, Errors: 0, Skipped: 0, Time elapsed: 0.231 s -- in com.ccnlthd.course_management.CourseCrudTests
[INFO] Running com.ccnlthd.course_management.CourseManagementApplicationTests
2026-10-04T16:23:08.084+07:00  INFO 17432 --- [           main] t.c.s.AnnotationConfigContextLoaderUtils : Could not detect default configuration classes for test class [com.ccnlthd.course_management.CourseManagementApplicationTests]: CourseManagementApplicationTests does not declare any static, non-private, non-final, nested classes annotated with @Configuration.
2026-10-04T16:23:08.088+07:00 DEBUG 17432 --- [           main] .b.t.c.SpringBootTestContextBootstrapper : Using ContextCustomizerFactory implementations for test class [CourseManagementApplicationTests]: [SpringBootTestRandomPortContextCustomizerFactory, ImportsContextCustomizerFactory, PropertyMappingContextCustomizerFactory, ExcludeFilterContextCustomizerFactory, TypeExcludeFiltersContextCustomizerFactory, DisableReactorResourceFactoryGlobalResourcesContextCustomizerFactory, DuplicateJsonObjectContextCustomizerFactory, OnFailureConditionReportContextCustomizerFactory, OverrideAutoConfigurationContextCustomizerFactory, BeanOverrideContextCustomizerFactory, MockServerContainerContextCustomizerFactory, DynamicPropertiesContextCustomizerFactory, WebDriverContextCustomizerFactory, ServiceConnectionContextCustomizerFactory]
2026-10-04T16:23:08.101+07:00 DEBUG 17432 --- [           main] .b.t.c.SpringBootTestContextBootstrapper : Using ContextCustomizers for test class [CourseManagementApplicationTests]: [SpringBootTestRandomPortContextCustomizer, PropertyMappingContextCustomizer, ExcludeFilterContextCustomizer, DuplicateJsonObjectContextCustomizer, OnFailureConditionReportContextCustomizer, DynamicPropertiesContextCustomizer, WebDriverContextCustomizer, ServiceConnectionContextCustomizer]
2026-10-04T16:23:08.102+07:00  INFO 17432 --- [           main] .b.t.c.SpringBootTestContextBootstrapper : Found @SpringBootConfiguration com.ccnlthd.course_management.CourseManagementApplication for test class com.ccnlthd.course_management.CourseManagementApplicationTests
2026-10-04T16:23:08.104+07:00  INFO 17432 --- [           main] t.c.s.AnnotationConfigContextLoaderUtils : Could not detect default configuration classes for test class [com.ccnlthd.course_management.CourseManagementApplicationTests]: CourseManagementApplicationTests does not declare any static, non-private, non-final, nested classes annotated with @Configuration.
2026-10-04T16:23:08.105+07:00 DEBUG 17432 --- [           main] .b.t.c.SpringBootTestContextBootstrapper : Using ContextCustomizerFactory implementations for test class [CourseManagementApplicationTests]: [SpringBootTestRandomPortContextCustomizerFactory, ImportsContextCustomizerFactory, PropertyMappingContextCustomizerFactory, ExcludeFilterContextCustomizerFactory, TypeExcludeFiltersContextCustomizerFactory, DisableReactorResourceFactoryGlobalResourcesContextCustomizerFactory, DuplicateJsonObjectContextCustomizerFactory, OnFailureConditionReportContextCustomizerFactory, OverrideAutoConfigurationContextCustomizerFactory, BeanOverrideContextCustomizerFactory, MockServerContainerContextCustomizerFactory, DynamicPropertiesContextCustomizerFactory, WebDriverContextCustomizerFactory, ServiceConnectionContextCustomizerFactory]
2026-10-04T16:23:08.115+07:00 DEBUG 17432 --- [           main] .b.t.c.SpringBootTestContextBootstrapper : Using ContextCustomizers for test class [CourseManagementApplicationTests]: [SpringBootTestRandomPortContextCustomizer, PropertyMappingContextCustomizer, ExcludeFilterContextCustomizer, DuplicateJsonObjectContextCustomizer, OnFailureConditionReportContextCustomizer, DynamicPropertiesContextCustomizer, WebDriverContextCustomizer, ServiceConnectionContextCustomizer]
2026-10-04T16:23:08.116+07:00  INFO 17432 --- [           main] .b.t.c.SpringBootTestContextBootstrapper : Found @SpringBootConfiguration com.ccnlthd.course_management.CourseManagementApplication for test class com.ccnlthd.course_management.CourseManagementApplicationTests
2026-10-04T16:23:08.116+07:00 DEBUG 17432 --- [           main] .b.t.c.SpringBootTestContextBootstrapper : Neither @ContextConfiguration nor @ContextHierarchy found for test class [CourseManagementApplicationTests]: using SpringBootContextLoader
2026-10-04T16:23:08.117+07:00 DEBUG 17432 --- [           main] .b.t.c.SpringBootTestContextBootstrapper : Using TestExecutionListeners for test class [CourseManagementApplicationTests]: [ServletTestExecutionListener, DirtiesContextBeforeModesTestExecutionListener, ApplicationEventsTestExecutionListener, BeanOverrideTestExecutionListener, DependencyInjectionTestExecutionListener, DirtiesContextTestExecutionListener, CommonCachesTestExecutionListener, TransactionalTestExecutionListener, SqlScriptsTestExecutionListener, EventPublishingTestExecutionListener, MockitoResetTestExecutionListener, MockMvcPrintOnlyOnFailureTestExecutionListener, WebDriverTestExecutionListener]

  .   ____          _            __ _ _
 /\\ / ___'_ __ _ _(_)_ __  __ _ \ \ \ \
( ( )\___ | '_ | '_| | '_ \/ _` | \ \ \ \
 \\/  ___)| |_)| | | | | || (_| |  ) ) ) )
  '  |____| .__|_| |_|_| |_\__, | / / / /
 =========|_|==============|___/=/_/_/_/

 :: Spring Boot ::                (v4.1.1)

2026-10-04T16:23:08.210+07:00  INFO 17432 --- [           main] c.c.c.CourseManagementApplicationTests   : Starting CourseManagementApplicationTests using Java 22.0.2 with PID 17432 (started by user in C:\Users\user\Desktop\Code\visual code\CCNLTHD\spring-boot-course-management\backend)
2026-10-04T16:23:08.211+07:00  INFO 17432 --- [           main] c.c.c.CourseManagementApplicationTests   : No active profile set, falling back to 1 default profile: "default"
2026-10-04T16:23:08.211+07:00 DEBUG 17432 --- [           main] o.s.boot.SpringApplication               : Loading source class com.ccnlthd.course_management.CourseManagementApplication
2026-10-04T16:23:08.214+07:00 DEBUG 17432 --- [           main] o.s.w.c.s.GenericWebApplicationContext   : Refreshing org.springframework.web.context.support.GenericWebApplicationContext@614d44c4
2026-10-04T16:23:09.254+07:00  INFO 17432 --- [           main] .s.d.r.c.RepositoryConfigurationDelegate : Multiple Spring Data modules found, entering strict repository configuration mode
2026-10-04T16:23:09.254+07:00  INFO 17432 --- [           main] .s.d.r.c.RepositoryConfigurationDelegate : Bootstrapping Spring Data JPA repositories in DEFAULT mode.
2026-10-04T16:23:09.290+07:00 DEBUG 17432 --- [           main] o.s.b.a.AutoConfigurationPackages        : @EnableAutoConfiguration was declared on a class in the package 'com.ccnlthd.course_management'. Automatic @Repository and @Entity scanning is enabled.
2026-10-04T16:23:09.338+07:00  INFO 17432 --- [           main] .s.d.r.c.RepositoryConfigurationDelegate : Finished Spring Data repository scanning in 61 ms. Found 4 JPA repository interfaces.
2026-10-04T16:23:09.347+07:00  INFO 17432 --- [           main] .s.d.r.c.RepositoryConfigurationDelegate : Multiple Spring Data modules found, entering strict repository configuration mode
2026-10-04T16:23:09.348+07:00  INFO 17432 --- [           main] .s.d.r.c.RepositoryConfigurationDelegate : Bootstrapping Spring Data Redis repositories in DEFAULT mode.
2026-10-04T16:23:09.406+07:00  INFO 17432 --- [           main] .RepositoryConfigurationExtensionSupport : Spring Data Redis - Could not safely identify store assignment for repository candidate interface com.ccnlthd.course_management.repository.CategoryRepository; If you want this repository to be a Redis repository, consider annotating your entities with one of these annotations: org.springframework.data.redis.core.RedisHash (preferred), or consider extending one of the following types with your repository: org.springframework.data.keyvalue.repository.KeyValueRepository
2026-10-04T16:23:09.407+07:00  INFO 17432 --- [           main] .RepositoryConfigurationExtensionSupport : Spring Data Redis - Could not safely identify store assignment for repository candidate interface com.ccnlthd.course_management.repository.CourseRepository; If you want this repository to be a Redis repository, consider annotating your entities with one of these annotations: org.springframework.data.redis.core.RedisHash (preferred), or consider extending one of the following types with your repository: org.springframework.data.keyvalue.repository.KeyValueRepository
2026-10-04T16:23:09.407+07:00  INFO 17432 --- [           main] .RepositoryConfigurationExtensionSupport : Spring Data Redis - Could not safely identify store assignment for repository candidate interface com.ccnlthd.course_management.repository.EnrollmentRepository; If you want this repository to be a Redis repository, consider annotating your entities with one of these annotations: org.springframework.data.redis.core.RedisHash (preferred), or consider extending one of the following types with your repository: org.springframework.data.keyvalue.repository.KeyValueRepository
2026-10-04T16:23:09.409+07:00  INFO 17432 --- [           main] .RepositoryConfigurationExtensionSupport : Spring Data Redis - Could not safely identify store assignment for repository candidate interface com.ccnlthd.course_management.repository.StudentRepository; If you want this repository to be a Redis repository, consider annotating your entities with one of these annotations: org.springframework.data.redis.core.RedisHash (preferred), or consider extending one of the following types with your repository: org.springframework.data.keyvalue.repository.KeyValueRepository
2026-10-04T16:23:09.411+07:00  INFO 17432 --- [           main] .s.d.r.c.RepositoryConfigurationDelegate : Finished Spring Data repository scanning in 18 ms. Found 0 Redis repository interfaces.
2026-10-04T16:23:09.799+07:00  INFO 17432 --- [           main] org.hibernate.orm.jpa                    : HHH008540: Processing PersistenceUnitInfo [name: default]
2026-10-04T16:23:09.962+07:00  INFO 17432 --- [           main] o.s.o.j.p.SpringPersistenceUnitInfo      : No LoadTimeWeaver setup: ignoring JPA class transformer
2026-10-04T16:23:09.965+07:00  INFO 17432 --- [           main] com.zaxxer.hikari.HikariDataSource       : HikariPool-2 - Starting...
2026-10-04T16:23:09.968+07:00  INFO 17432 --- [           main] com.zaxxer.hikari.pool.HikariPool        : HikariPool-2 - Added connection conn10: url=jdbc:h2:mem:course_management user=SA
2026-10-04T16:23:09.968+07:00  INFO 17432 --- [           main] com.zaxxer.hikari.HikariDataSource       : HikariPool-2 - Start completed.
2026-10-04T16:23:09.969+07:00  INFO 17432 --- [           main] org.hibernate.orm.connections.pooling    : HHH10001005: Database info:
	Database JDBC URL [jdbc:h2:mem:course_management]
	Database driver: H2 JDBC Driver
	Database dialect: H2Dialect
	Database version: 2.4.240
	Default catalog/schema: course_management/public
	Autocommit mode: undefined/unknown
	Isolation level: READ_COMMITTED [default READ_COMMITTED]
	JDBC fetch size: 100
	Pool: DataSourceConnectionProvider
	Minimum pool size: undefined/unknown
	Maximum pool size: undefined/unknown
2026-10-04T16:23:10.178+07:00  INFO 17432 --- [           main] org.hibernate.orm.core                   : HHH000489: No JTA platform available (set 'hibernate.transaction.jta.platform' to enable JTA platform integration)
2026-10-04T16:23:10.184+07:00 DEBUG 17432 --- [           main] org.hibernate.SQL                        : drop table if exists categories cascade 
2026-10-04T16:23:10.187+07:00 DEBUG 17432 --- [           main] org.hibernate.SQL                        : drop table if exists courses cascade 
2026-10-04T16:23:10.189+07:00 DEBUG 17432 --- [           main] org.hibernate.SQL                        : drop table if exists enrollments cascade 
2026-10-04T16:23:10.192+07:00 DEBUG 17432 --- [           main] org.hibernate.SQL                        : drop table if exists students cascade 
2026-10-04T16:23:10.194+07:00 DEBUG 17432 --- [           main] org.hibernate.SQL                        : create table categories (created_at timestamp(6) not null, id bigint generated by default as identity, updated_at timestamp(6) not null, name varchar(100) not null unique, description varchar(500), primary key (id))
2026-10-04T16:23:10.195+07:00 DEBUG 17432 --- [           main] org.hibernate.SQL                        : create table courses (price numeric(12,2) not null, category_id bigint not null, created_at timestamp(6) not null, id bigint generated by default as identity, updated_at timestamp(6) not null, level varchar(50), status varchar(50) not null, title varchar(150) not null, description TEXT, primary key (id))
2026-10-04T16:23:10.199+07:00 DEBUG 17432 --- [           main] org.hibernate.SQL                        : create table enrollments (completed_at timestamp(6), course_id bigint not null, enrolled_at timestamp(6) not null, id bigint generated by default as identity, student_id bigint not null, status varchar(50) not null, primary key (id), constraint uk_enrollment_student_course unique (student_id, course_id))
2026-10-04T16:23:10.201+07:00 DEBUG 17432 --- [           main] org.hibernate.SQL                        : create table students (created_at timestamp(6) not null, id bigint generated by default as identity, updated_at timestamp(6) not null, phone varchar(20), email varchar(150) not null unique, full_name varchar(150) not null, primary key (id))
2026-10-04T16:23:10.204+07:00 DEBUG 17432 --- [           main] org.hibernate.SQL                        : alter table if exists courses add constraint FK72l5dj585nq7i6xxv1vj51lyn foreign key (category_id) references categories
2026-10-04T16:23:10.207+07:00 DEBUG 17432 --- [           main] org.hibernate.SQL                        : alter table if exists enrollments add constraint FKho8mcicp4196ebpltdn9wl6co foreign key (course_id) references courses
2026-10-04T16:23:10.216+07:00 DEBUG 17432 --- [           main] org.hibernate.SQL                        : alter table if exists enrollments add constraint FK8kf1u1857xgo56xbfmnif2c51 foreign key (student_id) references students
2026-10-04T16:23:10.225+07:00  INFO 17432 --- [           main] j.LocalContainerEntityManagerFactoryBean : Initialized JPA EntityManagerFactory for persistence unit 'default'
2026-10-04T16:23:10.555+07:00  WARN 17432 --- [           main] JpaBaseConfiguration$JpaWebConfiguration : spring.jpa.open-in-view is enabled by default. Therefore, database queries may be performed during view rendering. Explicitly configure spring.jpa.open-in-view to disable this warning
2026-10-04T16:23:10.711+07:00 DEBUG 17432 --- [           main] s.w.s.m.m.a.RequestMappingHandlerMapping : 27 mappings in 'requestMappingHandlerMapping'
2026-10-04T16:23:10.732+07:00 DEBUG 17432 --- [           main] o.s.w.s.handler.SimpleUrlHandlerMapping  : Patterns [/webjars/**, /**, /swagger-ui/**, /swagger-ui/*index.html, /swagger-ui/*swagger-initializer.js, /webjars/*swagger-ui/**, /webjars/*swagger-ui/*index.html, /webjars/*swagger-ui/5.32.14/*index.html, /webjars/*swagger-ui/*swagger-initializer.js, /webjars/*swagger-ui/5.32.14/*swagger-initializer.js] in 'resourceHandlerMapping'
2026-10-04T16:23:10.745+07:00 DEBUG 17432 --- [           main] s.w.s.m.m.a.RequestMappingHandlerAdapter : ControllerAdvice beans: 0 @ModelAttribute, 0 @InitBinder, 2 RequestBodyAdvice, 1 ResponseBodyAdvice
2026-10-04T16:23:10.761+07:00 DEBUG 17432 --- [           main] .m.m.a.ExceptionHandlerExceptionResolver : ControllerAdvice beans: 2 @ExceptionHandler, 1 ResponseBodyAdvice
2026-10-04T16:23:11.057+07:00 DEBUG 17432 --- [           main] .s.b.a.l.ConditionEvaluationReportLogger : 


============================
CONDITIONS EVALUATION REPORT
============================


Positive matches:
-----------------

   AopAutoConfiguration matched:
      - @ConditionalOnBooleanProperty (spring.aop.auto=true) matched (OnPropertyCondition)

   AopAutoConfiguration.AspectJAutoProxyingConfiguration matched:
      - @ConditionalOnClass found required class 'org.aspectj.weaver.Advice' (OnClassCondition)

   AopAutoConfiguration.AspectJAutoProxyingConfiguration.CglibAutoProxyConfiguration matched:
      - @ConditionalOnBooleanProperty (spring.aop.proxy-target-class=true) matched (OnPropertyCondition)

   ApplicationAvailabilityAutoConfiguration#applicationAvailability matched:
      - @ConditionalOnMissingBean (types: org.springframework.boot.availability.ApplicationAvailability; SearchStrategy: all) did not find any beans (OnBeanCondition)

   CacheAutoConfiguration matched:
      - @ConditionalOnClass found required class 'org.springframework.cache.CacheManager' (OnClassCondition)
      - @ConditionalOnBean (types: org.springframework.cache.interceptor.CacheAspectSupport; SearchStrategy: all) found bean 'cacheInterceptor'; @ConditionalOnMissingBean (names: cacheResolver types: org.springframework.cache.CacheManager; SearchStrategy: all) did not find any beans (OnBeanCondition)

   CacheAutoConfiguration#cacheManagerCustomizers matched:
      - @ConditionalOnMissingBean (types: org.springframework.boot.cache.autoconfigure.CacheManagerCustomizers; SearchStrategy: all) did not find any beans (OnBeanCondition)

   CacheAutoConfiguration.CacheManagerEntityManagerFactoryDependsOnConfiguration matched:
      - @ConditionalOnClass found required classes 'org.springframework.boot.jpa.autoconfigure.EntityManagerFactoryDependsOnPostProcessor', 'org.springframework.orm.jpa.LocalContainerEntityManagerFactoryBean' (OnClassCondition)
      - @ConditionalOnBean (types: org.springframework.orm.jpa.AbstractEntityManagerFactoryBean; SearchStrategy: all) found bean '&entityManagerFactory' (OnBeanCondition)

   DataJpaRepositoriesAutoConfiguration matched:
      - @ConditionalOnClass found required class 'org.springframework.data.jpa.repository.JpaRepository' (OnClassCondition)
      - @ConditionalOnBooleanProperty (spring.data.jpa.repositories.enabled=true) matched (OnPropertyCondition)
      - @ConditionalOnBean (types: javax.sql.DataSource; SearchStrategy: all) found bean 'dataSource'; @ConditionalOnMissingBean (types: org.springframework.data.jpa.repository.support.JpaRepositoryFactoryBean,org.springframework.data.jpa.repository.config.JpaRepositoryConfigExtension; SearchStrategy: all) did not find any beans (OnBeanCondition)

   DataRedisAnnotationDrivenConfiguration matched:
      - @ConditionalOnClass found required classes 'org.springframework.data.redis.annotation.EnableRedisListeners', 'org.springframework.messaging.Message' (OnClassCondition)

   DataRedisAnnotationDrivenConfiguration#redisMessageListenerContainer matched:
      - @ConditionalOnSingleCandidate (types: org.springframework.data.redis.connection.RedisConnectionFactory; SearchStrategy: all) found a single bean 'redisConnectionFactory'; @ConditionalOnMissingBean (names: redisMessageListenerContainer; SearchStrategy: all) did not find any beans (OnBeanCondition)
      - @ConditionalOnThreading found PLATFORM (OnThreadingCondition)

   DataRedisAnnotationDrivenConfiguration#redisMessageListenerContainerConfigurer matched:
      - @ConditionalOnMissingBean (types: org.springframework.boot.data.redis.autoconfigure.RedisMessageListenerContainerConfigurer; SearchStrategy: all) did not find any beans (OnBeanCondition)

   DataRedisAnnotationDrivenConfiguration.EnableRedisListenersConfiguration matched:
      - @ConditionalOnMissingBean (names: org.springframework.data.redis.config.internalRedisListenerAnnotationProcessor; SearchStrategy: all) did not find any beans (OnBeanCondition)

   DataRedisAutoConfiguration matched:
      - @ConditionalOnClass found required class 'org.springframework.data.redis.core.RedisOperations' (OnClassCondition)

   DataRedisAutoConfiguration#redisConnectionDetails matched:
      - @ConditionalOnMissingBean (types: org.springframework.boot.data.redis.autoconfigure.DataRedisConnectionDetails; SearchStrategy: all) did not find any beans (OnBeanCondition)

   DataRedisAutoConfiguration#redisTemplate matched:
      - @ConditionalOnSingleCandidate (types: org.springframework.data.redis.connection.RedisConnectionFactory; SearchStrategy: all) found a single bean 'redisConnectionFactory'; @ConditionalOnMissingBean (names: redisTemplate; SearchStrategy: all) did not find any beans (OnBeanCondition)

   DataRedisAutoConfiguration#stringRedisTemplate matched:
      - @ConditionalOnSingleCandidate (types: org.springframework.data.redis.connection.RedisConnectionFactory; SearchStrategy: all) found a single bean 'redisConnectionFactory'; @ConditionalOnMissingBean (types: org.springframework.data.redis.core.StringRedisTemplate; SearchStrategy: all) did not find any beans (OnBeanCondition)

   DataRedisReactiveAutoConfiguration matched:
      - @ConditionalOnClass found required classes 'org.springframework.data.redis.connection.ReactiveRedisConnectionFactory', 'org.springframework.data.redis.core.ReactiveRedisTemplate', 'reactor.core.publisher.Flux' (OnClassCondition)

   DataRedisReactiveAutoConfiguration#reactiveRedisTemplate matched:
      - @ConditionalOnBean (types: org.springframework.data.redis.connection.ReactiveRedisConnectionFactory; SearchStrategy: all) found bean 'redisConnectionFactory'; @ConditionalOnMissingBean (names: reactiveRedisTemplate; SearchStrategy: all) did not find any beans (OnBeanCondition)

   DataRedisReactiveAutoConfiguration#reactiveStringRedisTemplate matched:
      - @ConditionalOnBean (types: org.springframework.data.redis.connection.ReactiveRedisConnectionFactory; SearchStrategy: all) found bean 'redisConnectionFactory'; @ConditionalOnMissingBean (names: reactiveStringRedisTemplate; SearchStrategy: all) did not find any beans (OnBeanCondition)

   DataRedisRepositoriesAutoConfiguration matched:
      - @ConditionalOnClass found required class 'org.springframework.data.redis.repository.configuration.EnableRedisRepositories' (OnClassCondition)
      - @ConditionalOnBooleanProperty (spring.data.redis.repositories.enabled=true) matched (OnPropertyCondition)
      - @ConditionalOnBean (types: org.springframework.data.redis.connection.RedisConnectionFactory; SearchStrategy: all) found bean 'redisConnectionFactory'; @ConditionalOnMissingBean (types: org.springframework.data.redis.repository.support.RedisRepositoryFactoryBean; SearchStrategy: all) did not find any beans (OnBeanCondition)

   DataSourceAutoConfiguration matched:
      - @ConditionalOnClass found required classes 'javax.sql.DataSource', 'org.springframework.jdbc.datasource.embedded.EmbeddedDatabaseType' (OnClassCondition)
      - @ConditionalOnMissingBean (types: io.r2dbc.spi.ConnectionFactory; SearchStrategy: all) did not find any beans (OnBeanCondition)

   DataSourceAutoConfiguration.PooledDataSourceConfiguration matched:
      - AnyNestedCondition 1 matched 1 did not; NestedCondition on DataSourceAutoConfiguration.PooledDataSourceCondition.PooledDataSourceAvailable PooledDataSource found supported DataSource; NestedCondition on DataSourceAutoConfiguration.PooledDataSourceCondition.ExplicitType @ConditionalOnProperty (spring.datasource.type) did not find property 'spring.datasource.type' (DataSourceAutoConfiguration.PooledDataSourceCondition)
      - @ConditionalOnMissingBean (types: javax.sql.DataSource,javax.sql.XADataSource; SearchStrategy: all) did not find any beans (OnBeanCondition)

   DataSourceAutoConfiguration.PooledDataSourceConfiguration#jdbcConnectionDetails matched:
      - @ConditionalOnMissingBean (types: org.springframework.boot.jdbc.autoconfigure.JdbcConnectionDetails; SearchStrategy: all) did not find any beans (OnBeanCondition)

   DataSourceConfiguration.Hikari matched:
      - @ConditionalOnClass found required class 'com.zaxxer.hikari.HikariDataSource' (OnClassCondition)
      - @ConditionalOnProperty (spring.datasource.type=com.zaxxer.hikari.HikariDataSource) matched (OnPropertyCondition)
      - @ConditionalOnMissingBean (types: javax.sql.DataSource; SearchStrategy: all) did not find any beans (OnBeanCondition)

   DataSourceInitializationAutoConfiguration matched:
      - @ConditionalOnClass found required class 'org.springframework.jdbc.datasource.init.DatabasePopulator' (OnClassCondition)
      - SQL InitializationDatabase Initialization spring.sql.init.mode is ALWAYS (OnSqlInitializationCondition)
      - @ConditionalOnSingleCandidate (types: javax.sql.DataSource; SearchStrategy: all) found a single bean 'dataSource'; @ConditionalOnMissingBean (types: org.springframework.boot.sql.autoconfigure.init.ApplicationScriptDatabaseInitializer; SearchStrategy: all) did not find any beans (OnBeanCondition)

   DataSourcePoolMetadataProvidersConfiguration.HikariPoolDataSourceMetadataProviderConfiguration matched:
      - @ConditionalOnClass found required class 'com.zaxxer.hikari.HikariDataSource' (OnClassCondition)

   DataSourceTransactionManagerAutoConfiguration matched:
      - @ConditionalOnClass found required classes 'javax.sql.DataSource', 'org.springframework.jdbc.core.JdbcTemplate', 'org.springframework.transaction.TransactionManager' (OnClassCondition)

   DataSourceTransactionManagerAutoConfiguration.JdbcTransactionManagerConfiguration matched:
      - @ConditionalOnSingleCandidate (types: javax.sql.DataSource; SearchStrategy: all) found a single bean 'dataSource' (OnBeanCondition)

   DataWebAutoConfiguration matched:
      - @ConditionalOnClass found required classes 'org.springframework.data.web.PageableHandlerMethodArgumentResolver', 'org.springframework.web.servlet.config.annotation.WebMvcConfigurer' (OnClassCondition)
      - found 'session' scope (OnWebApplicationCondition)
      - @ConditionalOnMissingBean (types: org.springframework.data.web.PageableHandlerMethodArgumentResolver; SearchStrategy: all) did not find any beans (OnBeanCondition)

   DataWebAutoConfiguration#pageableCustomizer matched:
      - @ConditionalOnMissingBean (types: org.springframework.data.web.config.PageableHandlerMethodArgumentResolverCustomizer; SearchStrategy: all) did not find any beans (OnBeanCondition)

   DataWebAutoConfiguration#sortCustomizer matched:
      - @ConditionalOnMissingBean (types: org.springframework.data.web.config.SortHandlerMethodArgumentResolverCustomizer; SearchStrategy: all) did not find any beans (OnBeanCondition)

   DataWebAutoConfiguration#springDataWebSettings matched:
      - @ConditionalOnMissingBean (types: org.springframework.data.web.config.SpringDataWebSettings; SearchStrategy: all) did not find any beans (OnBeanCondition)

   DispatcherServletAutoConfiguration matched:
      - @ConditionalOnClass found required class 'org.springframework.web.servlet.DispatcherServlet' (OnClassCondition)
      - found 'session' scope (OnWebApplicationCondition)

   DispatcherServletAutoConfiguration.DispatcherServletConfiguration matched:
      - @ConditionalOnClass found required class 'jakarta.servlet.ServletRegistration' (OnClassCondition)
      - Default DispatcherServlet did not find dispatcher servlet beans (DispatcherServletAutoConfiguration.DefaultDispatcherServletCondition)

   DispatcherServletAutoConfiguration.DispatcherServletRegistrationConfiguration matched:
      - @ConditionalOnClass found required class 'jakarta.servlet.ServletRegistration' (OnClassCondition)
      - DispatcherServlet Registration did not find servlet registration bean (DispatcherServletAutoConfiguration.DispatcherServletRegistrationCondition)

   DispatcherServletAutoConfiguration.DispatcherServletRegistrationConfiguration#dispatcherServletRegistration matched:
      - @ConditionalOnBean (names: dispatcherServlet types: org.springframework.web.servlet.DispatcherServlet; SearchStrategy: all) found bean 'dispatcherServlet' (OnBeanCondition)

   ErrorMvcAutoConfiguration matched:
      - @ConditionalOnClass found required classes 'jakarta.servlet.Servlet', 'org.springframework.web.servlet.DispatcherServlet' (OnClassCondition)
      - found 'session' scope (OnWebApplicationCondition)

   ErrorMvcAutoConfiguration#basicErrorController matched:
      - @ConditionalOnMissingBean (types: org.springframework.boot.webmvc.error.ErrorController; SearchStrategy: current) did not find any beans (OnBeanCondition)

   ErrorMvcAutoConfiguration#errorAttributes matched:
      - @ConditionalOnMissingBean (types: org.springframework.boot.webmvc.error.ErrorAttributes; SearchStrategy: current) did not find any beans (OnBeanCondition)

   ErrorMvcAutoConfiguration.DefaultErrorViewResolverConfiguration#conventionErrorViewResolver matched:
      - @ConditionalOnBean (types: org.springframework.web.servlet.DispatcherServlet; SearchStrategy: all) found bean 'dispatcherServlet'; @ConditionalOnMissingBean (types: org.springframework.boot.webmvc.autoconfigure.error.ErrorViewResolver; SearchStrategy: all) did not find any beans (OnBeanCondition)

   ErrorMvcAutoConfiguration.WhitelabelErrorViewConfiguration matched:
      - @ConditionalOnBooleanProperty (spring.web.error.whitelabel.enabled=true) matched (OnPropertyCondition)
      - ErrorTemplate Missing did not find error template view (ErrorMvcAutoConfiguration.ErrorTemplateMissingCondition)

   ErrorMvcAutoConfiguration.WhitelabelErrorViewConfiguration#beanNameViewResolver matched:
      - @ConditionalOnMissingBean (types: org.springframework.web.servlet.view.BeanNameViewResolver; SearchStrategy: all) did not find any beans (OnBeanCondition)

   ErrorMvcAutoConfiguration.WhitelabelErrorViewConfiguration#defaultErrorView matched:
      - @ConditionalOnMissingBean (names: error; SearchStrategy: all) did not find any beans (OnBeanCondition)

   HibernateJpaAutoConfiguration matched:
      - @ConditionalOnClass found required classes 'org.springframework.orm.jpa.LocalContainerEntityManagerFactoryBean', 'jakarta.persistence.EntityManager', 'org.hibernate.engine.spi.SessionImplementor' (OnClassCondition)

   HibernateJpaConfiguration matched:
      - @ConditionalOnSingleCandidate (types: javax.sql.DataSource; SearchStrategy: all) found a single bean 'dataSource' (OnBeanCondition)

   HttpEncodingAutoConfiguration matched:
      - @ConditionalOnClass found required class 'org.springframework.web.filter.CharacterEncodingFilter' (OnClassCondition)
      - found 'session' scope (OnWebApplicationCondition)
      - @ConditionalOnBooleanProperty (spring.servlet.encoding.enabled=true) matched (OnPropertyCondition)

   HttpEncodingAutoConfiguration#characterEncodingFilter matched:
      - @ConditionalOnMissingBean (types: org.springframework.web.filter.CharacterEncodingFilter; SearchStrategy: all) did not find any beans (OnBeanCondition)

   HttpMessageConvertersAutoConfiguration matched:
      - @ConditionalOnClass found required class 'org.springframework.http.converter.HttpMessageConverter' (OnClassCondition)
      - NoneNestedConditions 0 matched 1 did not; NestedCondition on HttpMessageConvertersAutoConfiguration.NotReactiveWebApplicationCondition.ReactiveWebApplication did not find reactive web application classes (HttpMessageConvertersAutoConfiguration.NotReactiveWebApplicationCondition)

   HttpMessageConvertersAutoConfiguration.StringHttpMessageConverterConfiguration#stringHttpMessageConvertersCustomizer matched:
      - @ConditionalOnMissingBean (types: org.springframework.http.converter.StringHttpMessageConverter; SearchStrategy: all) did not find any beans (OnBeanCondition)

   JacksonAutoConfiguration matched:
      - @ConditionalOnClass found required class 'tools.jackson.databind.json.JsonMapper' (OnClassCondition)

   JacksonAutoConfiguration#jacksonJsonMapper matched:
      - @ConditionalOnMissingBean (types: tools.jackson.databind.json.JsonMapper; SearchStrategy: all) did not find any beans (OnBeanCondition)

   JacksonAutoConfiguration#jsonFactory matched:
      - @ConditionalOnMissingBean (types: tools.jackson.core.json.JsonFactory; SearchStrategy: all) did not find any beans (OnBeanCondition)

   JacksonAutoConfiguration#jsonMapperBuilder matched:
      - @ConditionalOnMissingBean (types: tools.jackson.databind.json.JsonMapper$Builder; SearchStrategy: all) did not find any beans (OnBeanCondition)

   JacksonAutoConfiguration.JsonProblemDetailsConfiguration matched:
      - @ConditionalOnClass found required class 'org.springframework.http.ProblemDetail' (OnClassCondition)

   JacksonHttpMessageConvertersConfiguration.JacksonJsonHttpMessageConverterConfiguration matched:
      - @ConditionalOnClass found required class 'tools.jackson.databind.json.JsonMapper' (OnClassCondition)
      - @ConditionalOnProperty (spring.http.converters.preferred-json-mapper=jackson) matched (OnPropertyCondition)
      - @ConditionalOnBean (types: tools.jackson.databind.json.JsonMapper; SearchStrategy: all) found bean 'jacksonJsonMapper' (OnBeanCondition)

   JacksonHttpMessageConvertersConfiguration.JacksonJsonHttpMessageConverterConfiguration#jacksonJsonHttpMessageConvertersCustomizer matched:
      - @ConditionalOnMissingBean (types: org.springframework.http.converter.json.JacksonJsonHttpMessageConverter ignored: org.springframework.hateoas.server.mvc.TypeConstrainedJacksonJsonHttpMessageConverter,org.springframework.data.rest.webmvc.alps.AlpsJacksonJsonHttpMessageConverter; SearchStrategy: all) did not find any beans (OnBeanCondition)

   JdbcClientAutoConfiguration matched:
      - @ConditionalOnSingleCandidate (types: org.springframework.jdbc.core.namedparam.NamedParameterJdbcTemplate; SearchStrategy: all) found a single bean 'namedParameterJdbcTemplate'; @ConditionalOnMissingBean (types: org.springframework.jdbc.core.simple.JdbcClient; SearchStrategy: all) did not find any beans (OnBeanCondition)

   JdbcTemplateAutoConfiguration matched:
      - @ConditionalOnClass found required classes 'javax.sql.DataSource', 'org.springframework.jdbc.core.JdbcTemplate' (OnClassCondition)
      - @ConditionalOnSingleCandidate (types: javax.sql.DataSource; SearchStrategy: all) found a single bean 'dataSource' (OnBeanCondition)

   JdbcTemplateConfiguration matched:
      - @ConditionalOnMissingBean (types: org.springframework.jdbc.core.JdbcOperations; SearchStrategy: all) did not find any beans (OnBeanCondition)

   JpaBaseConfiguration#entityManagerFactory matched:
      - @ConditionalOnMissingBean (types: org.springframework.orm.jpa.LocalContainerEntityManagerFactoryBean,jakarta.persistence.EntityManagerFactory; SearchStrategy: all) did not find any beans (OnBeanCondition)

   JpaBaseConfiguration#entityManagerFactoryBuilder matched:
      - @ConditionalOnMissingBean (types: org.springframework.boot.jpa.EntityManagerFactoryBuilder; SearchStrategy: all) did not find any beans (OnBeanCondition)

   JpaBaseConfiguration#jpaVendorAdapter matched:
      - @ConditionalOnMissingBean (types: org.springframework.orm.jpa.JpaVendorAdapter; SearchStrategy: all) did not find any beans (OnBeanCondition)

   JpaBaseConfiguration#transactionManager matched:
      - @ConditionalOnMissingBean (types: org.springframework.transaction.TransactionManager; SearchStrategy: all) did not find any beans (OnBeanCondition)

   JpaBaseConfiguration.JpaWebConfiguration matched:
      - @ConditionalOnClass found required class 'org.springframework.web.servlet.config.annotation.WebMvcConfigurer' (OnClassCondition)
      - found 'session' scope (OnWebApplicationCondition)
      - @ConditionalOnBooleanProperty (spring.jpa.open-in-view=true) matched (OnPropertyCondition)
      - @ConditionalOnMissingBean (types: org.springframework.orm.jpa.support.OpenEntityManagerInViewInterceptor,org.springframework.orm.jpa.support.OpenEntityManagerInViewFilter; SearchStrategy: all) did not find any beans (OnBeanCondition)

   JpaBaseConfiguration.PersistenceManagedTypesConfiguration matched:
      - @ConditionalOnMissingBean (types: org.springframework.orm.jpa.LocalContainerEntityManagerFactoryBean,jakarta.persistence.EntityManagerFactory; SearchStrategy: all) did not find any beans (OnBeanCondition)

   JpaBaseConfiguration.PersistenceManagedTypesConfiguration#persistenceManagedTypes matched:
      - @ConditionalOnMissingBean (types: org.springframework.orm.jpa.persistenceunit.PersistenceManagedTypes; SearchStrategy: all) did not find any beans (OnBeanCondition)

   JtaAutoConfiguration matched:
      - @ConditionalOnClass found required class 'jakarta.transaction.Transaction' (OnClassCondition)
      - @ConditionalOnBooleanProperty (spring.jta.enabled=true) matched (OnPropertyCondition)

   LettuceConnectionConfiguration matched:
      - @ConditionalOnClass found required class 'io.lettuce.core.RedisClient' (OnClassCondition)
      - @ConditionalOnProperty (spring.data.redis.client-type=lettuce) matched (OnPropertyCondition)

   LettuceConnectionConfiguration#lettuceClientResources matched:
      - @ConditionalOnMissingBean (types: io.lettuce.core.resource.ClientResources; SearchStrategy: all) did not find any beans (OnBeanCondition)

   LettuceConnectionConfiguration#redisConnectionFactory matched:
      - @ConditionalOnMissingBean (types: org.springframework.data.redis.connection.RedisConnectionFactory; SearchStrategy: all) did not find any beans (OnBeanCondition)
      - @ConditionalOnThreading found PLATFORM (OnThreadingCondition)

   LifecycleAutoConfiguration#defaultLifecycleProcessor matched:
      - @ConditionalOnMissingBean (names: lifecycleProcessor; SearchStrategy: current) did not find any beans (OnBeanCondition)

   MultipartAutoConfiguration matched:
      - @ConditionalOnClass found required classes 'jakarta.servlet.Servlet', 'org.springframework.web.multipart.support.StandardServletMultipartResolver', 'jakarta.servlet.MultipartConfigElement' (OnClassCondition)
      - found 'session' scope (OnWebApplicationCondition)
      - @ConditionalOnBooleanProperty (spring.servlet.multipart.enabled=true) matched (OnPropertyCondition)

   MultipartAutoConfiguration#multipartConfigElement matched:
      - @ConditionalOnMissingBean (types: jakarta.servlet.MultipartConfigElement; SearchStrategy: all) did not find any beans (OnBeanCondition)

   MultipartAutoConfiguration#multipartResolver matched:
      - @ConditionalOnMissingBean (types: org.springframework.web.multipart.MultipartResolver; SearchStrategy: all) did not find any beans (OnBeanCondition)

   NamedParameterJdbcTemplateConfiguration matched:
      - @ConditionalOnSingleCandidate (types: org.springframework.jdbc.core.JdbcTemplate; SearchStrategy: all) found a single bean 'jdbcTemplate'; @ConditionalOnMissingBean (types: org.springframework.jdbc.core.namedparam.NamedParameterJdbcOperations; SearchStrategy: all) did not find any beans (OnBeanCondition)

   NettyAutoConfiguration matched:
      - @ConditionalOnClass found required class 'io.netty.util.NettyRuntime' (OnClassCondition)

   NoOpCacheConfiguration matched:
      - Cache org.springframework.boot.cache.autoconfigure.NoOpCacheConfiguration NONE cache type (CacheCondition)
      - @ConditionalOnMissingBean (types: org.springframework.cache.CacheManager; SearchStrategy: all) did not find any beans (OnBeanCondition)

   PersistenceExceptionTranslationAutoConfiguration matched:
      - @ConditionalOnClass found required class 'org.springframework.dao.annotation.PersistenceExceptionTranslationPostProcessor' (OnClassCondition)

   PersistenceExceptionTranslationAutoConfiguration#persistenceExceptionTranslationPostProcessor matched:
      - @ConditionalOnBooleanProperty (spring.persistence.exceptiontranslation.enabled=true) matched (OnPropertyCondition)
      - @ConditionalOnMissingBean (types: org.springframework.dao.annotation.PersistenceExceptionTranslationPostProcessor; SearchStrategy: all) did not find any beans (OnBeanCondition)

   PropertyPlaceholderAutoConfiguration#propertySourcesPlaceholderConfigurer matched:
      - @ConditionalOnMissingBean (types: org.springframework.context.support.PropertySourcesPlaceholderConfigurer; SearchStrategy: current) did not find any beans (OnBeanCondition)

   SpringDocConfigProperties matched:
      - @ConditionalOnProperty (springdoc.api-docs.enabled) matched (OnPropertyCondition)
      - @ConditionalOnBean (types: org.springdoc.core.configuration.SpringDocConfiguration; SearchStrategy: all) found bean 'org.springdoc.core.configuration.SpringDocConfiguration' (OnBeanCondition)

   SpringDocConfiguration matched:
      - @ConditionalOnWebApplication (required) found 'session' scope (OnWebApplicationCondition)
      - @ConditionalOnProperty (springdoc.api-docs.enabled) matched (OnPropertyCondition)

   SpringDocConfiguration#fileSupportConverter matched:
      - @ConditionalOnMissingBean (types: org.springdoc.core.converters.FileSupportConverter; SearchStrategy: all) did not find any beans (OnBeanCondition)

   SpringDocConfiguration#globalOpenApiCustomizer matched:
      - @ConditionalOnMissingBean (names: globalOpenApiCustomizer; SearchStrategy: all) did not find any beans (OnBeanCondition)

   SpringDocConfiguration#initExtraSchemas matched:
      - @ConditionalOnProperty (springdoc.enable-extra-schemas) matched (OnPropertyCondition)

   SpringDocConfiguration#methodParameterPojoExtractor matched:
      - @ConditionalOnMissingBean (types: org.springdoc.core.extractor.MethodParameterPojoExtractor; SearchStrategy: all) did not find any beans (OnBeanCondition)

   SpringDocConfiguration#openAPIBuilder matched:
      - @ConditionalOnMissingBean (types: org.springdoc.core.service.OpenAPIService; SearchStrategy: all) did not find any beans (OnBeanCondition)

   SpringDocConfiguration#operationBuilder matched:
      - @ConditionalOnMissingBean (types: org.springdoc.core.service.OperationService; SearchStrategy: all) did not find any beans (OnBeanCondition)

   SpringDocConfiguration#parameterBuilder matched:
      - @ConditionalOnMissingBean (types: org.springdoc.core.service.GenericParameterService; SearchStrategy: all) did not find any beans (OnBeanCondition)

   SpringDocConfiguration#parameterObjectNamingStrategyCustomizer matched:
      - @ConditionalOnMissingBean (types: org.springdoc.core.customizers.ParameterObjectNamingStrategyCustomizer; SearchStrategy: all) did not find any beans (OnBeanCondition)

   SpringDocConfiguration#polymorphicModelConverter matched:
      - @ConditionalOnProperty (springdoc.model-converters.polymorphic-converter.enabled) matched (OnPropertyCondition)
      - @ConditionalOnMissingBean (types: org.springdoc.core.converters.PolymorphicModelConverter; SearchStrategy: all) did not find any beans (OnBeanCondition)

   SpringDocConfiguration#requestBodyBuilder matched:
      - @ConditionalOnMissingBean (types: org.springdoc.core.service.RequestBodyService; SearchStrategy: all) did not find any beans (OnBeanCondition)

   SpringDocConfiguration#responseSupportConverter matched:
      - @ConditionalOnMissingBean (types: org.springdoc.core.converters.ResponseSupportConverter; SearchStrategy: all) did not find any beans (OnBeanCondition)

   SpringDocConfiguration#schemaPropertyDeprecatingConverter matched:
      - @ConditionalOnProperty (springdoc.model-converters.deprecating-converter.enabled) matched (OnPropertyCondition)
      - @ConditionalOnMissingBean (types: org.springdoc.core.converters.SchemaPropertyDeprecatingConverter; SearchStrategy: all) did not find any beans (OnBeanCondition)

   SpringDocConfiguration#schemaUtils matched:
      - @ConditionalOnMissingBean (types: org.springdoc.core.utils.SchemaUtils; SearchStrategy: all) did not find any beans (OnBeanCondition)

   SpringDocConfiguration#securityParser matched:
      - @ConditionalOnMissingBean (types: org.springdoc.core.service.SecurityService; SearchStrategy: all) did not find any beans (OnBeanCondition)

   SpringDocConfiguration#springDocAppInitializer matched:
      - @ConditionalOnMissingBean (names: springDocAppInitializer; SearchStrategy: all) did not find any beans (OnBeanCondition)

   SpringDocConfiguration#springDocCustomizers matched:
      - @ConditionalOnMissingBean (types: org.springdoc.core.customizers.SpringDocCustomizers; SearchStrategy: all) did not find any beans (OnBeanCondition)

   SpringDocConfiguration#springDocProviders matched:
      - @ConditionalOnMissingBean (types: org.springdoc.core.providers.SpringDocProviders; SearchStrategy: all) did not find any beans (OnBeanCondition)

   SpringDocConfiguration#springdocObjectMapperProvider matched:
      - @ConditionalOnMissingBean (types: org.springdoc.core.providers.ObjectMapperProvider; SearchStrategy: all) did not find any beans (OnBeanCondition)

   SpringDocConfiguration.QuerydslProvider matched:
      - @ConditionalOnClass found required class 'org.springframework.data.querydsl.binding.QuerydslBindingsFactory' (OnClassCondition)

   SpringDocConfiguration.QuerydslProvider#queryDslQuerydslPredicateOperationCustomizer matched:
      - @ConditionalOnMissingBean (types: org.springdoc.core.customizers.QuerydslPredicateOperationCustomizer; SearchStrategy: all) did not find any beans (OnBeanCondition)

   SpringDocConfiguration.SpringDocSpringDataWebPropertiesProvider matched:
      - @ConditionalOnClass found required class 'org.springframework.boot.data.autoconfigure.web.DataWebProperties' (OnClassCondition)

   SpringDocConfiguration.SpringDocSpringDataWebPropertiesProvider#springDataWebPropertiesProvider matched:
      - @ConditionalOnMissingBean (types: org.springdoc.core.providers.SpringDataWebPropertiesProvider; SearchStrategy: all) did not find any beans (OnBeanCondition)

   SpringDocConfiguration.SpringDocWebFluxSupportConfiguration matched:
      - @ConditionalOnClass found required class 'reactor.core.publisher.Flux' (OnClassCondition)

   SpringDocConfiguration.SpringDocWebFluxSupportConfiguration#webFluxSupportConverter matched:
      - @ConditionalOnMissingBean (types: org.springdoc.core.converters.WebFluxSupportConverter; SearchStrategy: all) did not find any beans (OnBeanCondition)

   SpringDocConfiguration.WebConversionServiceConfiguration matched:
      - @ConditionalOnClass found required class 'org.springframework.boot.autoconfigure.web.format.WebConversionService' (OnClassCondition)

   SpringDocPageableConfiguration matched:
      - @ConditionalOnClass found required class 'org.springframework.data.domain.Pageable' (OnClassCondition)
      - @ConditionalOnWebApplication (required) found 'session' scope (OnWebApplicationCondition)
      - @ConditionalOnProperty (springdoc.api-docs.enabled) matched (OnPropertyCondition)
      - @ConditionalOnBean (types: org.springdoc.core.configuration.SpringDocConfiguration; SearchStrategy: all) found bean 'org.springdoc.core.configuration.SpringDocConfiguration' (OnBeanCondition)

   SpringDocPageableConfiguration#dataRestDelegatingMethodParameterCustomizer matched:
      - @ConditionalOnMissingBean (types: org.springdoc.core.customizers.DataRestDelegatingMethodParameterCustomizer; SearchStrategy: all) did not find any beans (OnBeanCondition)

   SpringDocPageableConfiguration#pageOpenAPIConverter matched:
      - @ConditionalOnClass found required classes 'org.springframework.data.web.PagedModel', 'org.springframework.data.web.config.SpringDataWebSettings' (OnClassCondition)
      - @ConditionalOnMissingBean (types: org.springdoc.core.converters.PageOpenAPIConverter; SearchStrategy: all) did not find any beans (OnBeanCondition)

   SpringDocPageableConfiguration#pageableOpenAPIConverter matched:
      - @ConditionalOnProperty (springdoc.model-converters.pageable-converter.enabled) matched (OnPropertyCondition)
      - @ConditionalOnMissingBean (types: org.springdoc.core.converters.PageableOpenAPIConverter; SearchStrategy: all) did not find any beans (OnBeanCondition)

   SpringDocSortConfiguration matched:
      - @ConditionalOnClass found required class 'org.springframework.data.domain.Sort' (OnClassCondition)
      - @ConditionalOnWebApplication (required) found 'session' scope (OnWebApplicationCondition)
      - @ConditionalOnProperty (springdoc.api-docs.enabled) matched (OnPropertyCondition)
      - @ConditionalOnBean (types: org.springdoc.core.configuration.SpringDocConfiguration; SearchStrategy: all) found bean 'org.springdoc.core.configuration.SpringDocConfiguration' (OnBeanCondition)

   SpringDocSortConfiguration#sortOpenAPIConverter matched:
      - @ConditionalOnProperty (springdoc.sort-converter.enabled) matched (OnPropertyCondition)
      - @ConditionalOnMissingBean (types: org.springdoc.core.converters.SortOpenAPIConverter; SearchStrategy: all) did not find any beans (OnBeanCondition)

   SpringDocWebMvcConfiguration matched:
      - found 'session' scope (OnWebApplicationCondition)
      - @ConditionalOnProperty (springdoc.api-docs.enabled) matched (OnPropertyCondition)
      - @ConditionalOnBean (types: org.springdoc.core.configuration.SpringDocConfiguration; SearchStrategy: all) found bean 'org.springdoc.core.configuration.SpringDocConfiguration' (OnBeanCondition)

   SpringDocWebMvcConfiguration#openApiResource matched:
      - @ConditionalOnExpression (#{(${springdoc.use-management-port:false} == false ) and ${springdoc.enable-default-api-docs:true}}) resulted in true (OnExpressionCondition)
      - @ConditionalOnMissingBean (types: org.springdoc.webmvc.api.OpenApiWebMvcResource; SearchStrategy: all) did not find any beans (OnBeanCondition)

   SpringDocWebMvcConfiguration#requestBuilder matched:
      - @ConditionalOnMissingBean (types: org.springdoc.webmvc.core.service.RequestService; SearchStrategy: all) did not find any beans (OnBeanCondition)

   SpringDocWebMvcConfiguration#responseBuilder matched:
      - @ConditionalOnMissingBean (types: org.springdoc.core.service.GenericResponseService; SearchStrategy: all) did not find any beans (OnBeanCondition)

   SpringDocWebMvcConfiguration#springWebProvider matched:
      - @ConditionalOnMissingBean (types: org.springdoc.core.providers.SpringWebProvider; SearchStrategy: all) did not find any beans (OnBeanCondition)

   SpringDocWebMvcConfiguration.SpringDocWebMvcActuatorConfiguration matched:
      - @ConditionalOnClass found required class 'org.springframework.boot.webmvc.actuate.endpoint.web.WebMvcEndpointHandlerMapping' (OnClassCondition)

   SpringDocWebMvcConfiguration.SpringDocWebMvcRouterConfiguration matched:
      - @ConditionalOnClass found required class 'org.springframework.web.servlet.function.RouterFunction' (OnClassCondition)

   SpringDocWebMvcConfiguration.SpringDocWebMvcRouterConfiguration#routerFunctionProvider matched:
      - @ConditionalOnMissingBean (types: org.springdoc.webmvc.core.providers.RouterFunctionWebMvcProvider; SearchStrategy: all) did not find any beans (OnBeanCondition)

   SpringDocWebServerConfiguration.EmbeddedWebServerConfiguration matched:
      - @ConditionalOnClass found required classes 'org.springframework.boot.web.server.context.WebServerInitializedEvent', 'org.springframework.boot.web.server.autoconfigure.ServerProperties' (OnClassCondition)

   SslAutoConfiguration#sslBundleRegistry matched:
      - @ConditionalOnMissingBean (types: org.springframework.boot.ssl.SslBundleRegistry,org.springframework.boot.ssl.SslBundles; SearchStrategy: all) did not find any beans (OnBeanCondition)

   SwaggerConfig matched:
      - found 'session' scope (OnWebApplicationCondition)
      - @ConditionalOnProperty (springdoc.swagger-ui.enabled) matched (OnPropertyCondition)
      - @ConditionalOnBean (types: org.springdoc.core.configuration.SpringDocConfiguration; SearchStrategy: all) found bean 'org.springdoc.core.configuration.SpringDocConfiguration' (OnBeanCondition)

   SwaggerConfig#indexPageTransformer matched:
      - @ConditionalOnMissingBean (types: org.springdoc.webmvc.ui.SwaggerIndexTransformer; SearchStrategy: all) did not find any beans (OnBeanCondition)

   SwaggerConfig#springDocSwaggerInitializer matched:
      - @ConditionalOnProperty (springdoc.use-management-port=false) matched (OnPropertyCondition)
      - @ConditionalOnMissingBean (names: springDocSwaggerInitializer; SearchStrategy: all) did not find any beans (OnBeanCondition)

   SwaggerConfig#swaggerConfigResource matched:
      - @ConditionalOnProperty (springdoc.use-management-port=false) matched (OnPropertyCondition)
      - @ConditionalOnMissingBean (types: org.springdoc.webmvc.ui.SwaggerConfigResource; SearchStrategy: all) did not find any beans (OnBeanCondition)

   SwaggerConfig#swaggerResourceResolver matched:
      - @ConditionalOnMissingBean (types: org.springdoc.webmvc.ui.SwaggerResourceResolver; SearchStrategy: all) did not find any beans (OnBeanCondition)

   SwaggerConfig#swaggerWebMvcConfigurer matched:
      - @ConditionalOnMissingBean (types: org.springdoc.webmvc.ui.SwaggerWebMvcConfigurer; SearchStrategy: all) did not find any beans (OnBeanCondition)

   SwaggerConfig#swaggerWelcome matched:
      - @ConditionalOnProperty (springdoc.use-management-port=false) matched (OnPropertyCondition)
      - @ConditionalOnMissingBean (types: org.springdoc.webmvc.ui.SwaggerWelcomeWebMvc; SearchStrategy: all) did not find any beans (OnBeanCondition)

   SwaggerUiConfigProperties matched:
      - @ConditionalOnProperty (springdoc.swagger-ui.enabled) matched (OnPropertyCondition)
      - @ConditionalOnBean (types: org.springdoc.core.configuration.SpringDocConfiguration; SearchStrategy: all) found bean 'org.springdoc.core.configuration.SpringDocConfiguration' (OnBeanCondition)

   SwaggerUiOAuthProperties matched:
      - @ConditionalOnProperty (springdoc.swagger-ui.enabled) matched (OnPropertyCondition)
      - @ConditionalOnBean (types: org.springdoc.core.configuration.SpringDocConfiguration; SearchStrategy: all) found bean 'org.springdoc.core.configuration.SpringDocConfiguration' (OnBeanCondition)

   TaskExecutionAutoConfiguration matched:
      - @ConditionalOnClass found required class 'org.springframework.scheduling.concurrent.ThreadPoolTaskExecutor' (OnClassCondition)

   TaskExecutorConfigurations.AsyncConfigurerConfiguration matched:
      - @ConditionalOnMissingBean (types: org.springframework.scheduling.annotation.AsyncConfigurer; SearchStrategy: all) did not find any beans (OnBeanCondition)

   TaskExecutorConfigurations.SimpleAsyncTaskExecutorBuilderConfiguration#simpleAsyncTaskExecutorBuilder matched:
      - @ConditionalOnMissingBean (types: org.springframework.boot.task.SimpleAsyncTaskExecutorBuilder; SearchStrategy: all) did not find any beans (OnBeanCondition)
      - @ConditionalOnThreading found PLATFORM (OnThreadingCondition)

   TaskExecutorConfigurations.TaskExecutorConfiguration matched:
      - AnyNestedCondition 1 matched 1 did not; NestedCondition on TaskExecutorConfigurations.OnExecutorCondition.ModelCondition @ConditionalOnProperty (spring.task.execution.mode=force) did not find property 'spring.task.execution.mode'; NestedCondition on TaskExecutorConfigurations.OnExecutorCondition.ExecutorBeanCondition @ConditionalOnMissingBean (types: java.util.concurrent.Executor; SearchStrategy: all) did not find any beans (TaskExecutorConfigurations.OnExecutorCondition)

   TaskExecutorConfigurations.TaskExecutorConfiguration#applicationTaskExecutor matched:
      - @ConditionalOnThreading found PLATFORM (OnThreadingCondition)

   TaskExecutorConfigurations.ThreadPoolTaskExecutorBuilderConfiguration#threadPoolTaskExecutorBuilder matched:
      - @ConditionalOnMissingBean (types: org.springframework.boot.task.ThreadPoolTaskExecutorBuilder; SearchStrategy: all) did not find any beans (OnBeanCondition)

   TaskSchedulingAutoConfiguration matched:
      - @ConditionalOnClass found required class 'org.springframework.scheduling.concurrent.ThreadPoolTaskScheduler' (OnClassCondition)

   TaskSchedulingConfigurations.SimpleAsyncTaskSchedulerBuilderConfiguration#simpleAsyncTaskSchedulerBuilder matched:
      - @ConditionalOnMissingBean (types: org.springframework.boot.task.SimpleAsyncTaskSchedulerBuilder; SearchStrategy: all) did not find any beans (OnBeanCondition)
      - @ConditionalOnThreading found PLATFORM (OnThreadingCondition)

   TaskSchedulingConfigurations.ThreadPoolTaskSchedulerBuilderConfiguration#threadPoolTaskSchedulerBuilder matched:
      - @ConditionalOnMissingBean (types: org.springframework.boot.task.ThreadPoolTaskSchedulerBuilder; SearchStrategy: all) did not find any beans (OnBeanCondition)

   TestcontainersPropertySourceAutoConfiguration matched:
      - @ConditionalOnClass found required class 'org.springframework.test.context.DynamicPropertyRegistry' (OnClassCondition)

   TomcatServletWebServerAutoConfiguration matched:
      - @ConditionalOnClass found required classes 'jakarta.servlet.ServletRequest', 'org.apache.catalina.startup.Tomcat', 'org.apache.coyote.UpgradeProtocol', 'org.springframework.boot.tomcat.servlet.TomcatServletWebServerFactory' (OnClassCondition)
      - found 'session' scope (OnWebApplicationCondition)

   TomcatServletWebServerAutoConfiguration#tomcatServletWebServerFactory matched:
      - @ConditionalOnMissingBean (types: org.springframework.boot.web.server.servlet.ServletWebServerFactory; SearchStrategy: current) did not find any beans (OnBeanCondition)

   TransactionAutoConfiguration matched:
      - @ConditionalOnClass found required class 'org.springframework.transaction.PlatformTransactionManager' (OnClassCondition)

   TransactionAutoConfiguration.TransactionTemplateConfiguration matched:
      - @ConditionalOnSingleCandidate (types: org.springframework.transaction.PlatformTransactionManager; SearchStrategy: all) found a single bean 'transactionManager' (OnBeanCondition)

   TransactionAutoConfiguration.TransactionTemplateConfiguration#transactionTemplate matched:
      - @ConditionalOnMissingBean (types: org.springframework.transaction.support.TransactionOperations; SearchStrategy: all) did not find any beans (OnBeanCondition)

   TransactionManagerCustomizationAutoConfiguration matched:
      - @ConditionalOnClass found required class 'org.springframework.transaction.PlatformTransactionManager' (OnClassCondition)

   TransactionManagerCustomizationAutoConfiguration#platformTransactionManagerCustomizers matched:
      - @ConditionalOnMissingBean (types: org.springframework.boot.transaction.autoconfigure.TransactionManagerCustomizers; SearchStrategy: all) did not find any beans (OnBeanCondition)

   ValidationAutoConfiguration matched:
      - @ConditionalOnClass found required class 'jakarta.validation.executable.ExecutableValidator' (OnClassCondition)
      - @ConditionalOnResource found location classpath:META-INF/services/jakarta.validation.spi.ValidationProvider (OnResourceCondition)

   ValidationAutoConfiguration#defaultValidator matched:
      - @ConditionalOnMissingBean (types: jakarta.validation.Validator; SearchStrategy: all) did not find any beans (OnBeanCondition)

   ValidationAutoConfiguration#methodValidationPostProcessor matched:
      - @ConditionalOnMissingBean (types: org.springframework.validation.beanvalidation.MethodValidationPostProcessor; SearchStrategy: current) did not find any beans (OnBeanCondition)

   WebMvcAutoConfiguration matched:
      - @ConditionalOnClass found required classes 'jakarta.servlet.Servlet', 'org.springframework.web.servlet.DispatcherServlet', 'org.springframework.web.servlet.config.annotation.WebMvcConfigurer' (OnClassCondition)
      - found 'session' scope (OnWebApplicationCondition)
      - @ConditionalOnMissingBean (types: org.springframework.web.servlet.config.annotation.WebMvcConfigurationSupport; SearchStrategy: all) did not find any beans (OnBeanCondition)

   WebMvcAutoConfiguration#formContentFilter matched:
      - @ConditionalOnBooleanProperty (spring.mvc.formcontent.filter.enabled=true) matched (OnPropertyCondition)
      - @ConditionalOnMissingBean (types: org.springframework.web.filter.FormContentFilter; SearchStrategy: all) did not find any beans (OnBeanCondition)

   WebMvcAutoConfiguration.EnableWebMvcConfiguration#flashMapManager matched:
      - @ConditionalOnMissingBean (names: flashMapManager; SearchStrategy: all) did not find any beans (OnBeanCondition)

   WebMvcAutoConfiguration.EnableWebMvcConfiguration#localeResolver matched:
      - @ConditionalOnMissingBean (names: localeResolver; SearchStrategy: all) did not find any beans (OnBeanCondition)

   WebMvcAutoConfiguration.EnableWebMvcConfiguration#viewNameTranslator matched:
      - @ConditionalOnMissingBean (names: viewNameTranslator; SearchStrategy: all) did not find any beans (OnBeanCondition)

   WebMvcAutoConfiguration.ResourceChainCustomizerConfiguration matched:
      - @ConditionalOnEnabledResourceChain found class org.webjars.WebJarVersionLocator (OnEnabledResourceChainCondition)

   WebMvcAutoConfiguration.WebMvcAutoConfigurationAdapter#defaultViewResolver matched:
      - @ConditionalOnMissingBean (types: org.springframework.web.servlet.view.InternalResourceViewResolver; SearchStrategy: all) did not find any beans (OnBeanCondition)

   WebMvcAutoConfiguration.WebMvcAutoConfigurationAdapter#requestContextFilter matched:
      - @ConditionalOnMissingBean (types: org.springframework.web.context.request.RequestContextListener,org.springframework.web.filter.RequestContextFilter; SearchStrategy: all) did not find any beans (OnBeanCondition)

   WebMvcAutoConfiguration.WebMvcAutoConfigurationAdapter#viewResolver matched:
      - @ConditionalOnBean (types: org.springframework.web.servlet.ViewResolver; SearchStrategy: all) found beans 'defaultViewResolver', 'beanNameViewResolver', 'mvcViewResolver'; @ConditionalOnMissingBean (names: viewResolver types: org.springframework.web.servlet.view.ContentNegotiatingViewResolver; SearchStrategy: all) did not find any beans (OnBeanCondition)


Negative matches:
-----------------

   AopAutoConfiguration.AspectJAutoProxyingConfiguration.JdkDynamicAutoProxyConfiguration:
      Did not match:
         - @ConditionalOnBooleanProperty (spring.aop.proxy-target-class=false) did not find property 'spring.aop.proxy-target-class' (OnPropertyCondition)

   AopAutoConfiguration.ClassProxyingConfiguration:
      Did not match:
         - @ConditionalOnMissingClass found unwanted class 'org.aspectj.weaver.Advice' (OnClassCondition)

   Cache2kCacheConfiguration:
      Did not match:
         - @ConditionalOnClass did not find required class 'org.cache2k.Cache2kBuilder' (OnClassCondition)

   CacheMetricsAutoConfiguration:
      Did not match:
         - @ConditionalOnClass did not find required class 'io.micrometer.core.instrument.MeterRegistry' (OnClassCondition)

   CachesEndpointAutoConfiguration:
      Did not match:
         - @ConditionalOnClass did not find required class 'org.springframework.boot.actuate.autoconfigure.endpoint.condition.ConditionalOnAvailableEndpoint' (OnClassCondition)

   CaffeineCacheConfiguration:
      Did not match:
         - @ConditionalOnClass did not find required class 'com.github.benmanes.caffeine.cache.Caffeine' (OnClassCondition)

   CouchbaseCacheConfiguration:
      Did not match:
         - @ConditionalOnClass did not find required class 'com.couchbase.client.java.Cluster' (OnClassCondition)

   DataJpaRepositoriesAutoConfiguration#entityManagerFactoryBootstrapExecutorCustomizer:
      Did not match:
         - @ConditionalOnProperty (spring.data.jpa.repositories.bootstrap-mode=deferred) did not find property 'spring.data.jpa.repositories.bootstrap-mode' (OnPropertyCondition)

   DataRedisAnnotationDrivenConfiguration#redisMessageListenerContainerVirtualThreads:
      Did not match:
         - @ConditionalOnMissingBean (names: redisMessageListenerContainer; SearchStrategy: all) found beans named redisMessageListenerContainer (OnBeanCondition)

   DataRedisHealthContributorAutoConfiguration:
      Did not match:
         - @ConditionalOnClass did not find required class 'org.springframework.boot.health.autoconfigure.contributor.ConditionalOnEnabledHealthIndicator' (OnClassCondition)

   DataRedisReactiveHealthContributorAutoConfiguration:
      Did not match:
         - @ConditionalOnClass did not find required class 'org.springframework.boot.health.autoconfigure.contributor.ConditionalOnEnabledHealthIndicator' (OnClassCondition)

   DataRepositoryMetricsAutoConfiguration:
      Did not match:
         - @ConditionalOnBean did not find required type 'io.micrometer.core.instrument.MeterRegistry' (OnBeanCondition)

   DataSourceAutoConfiguration.EmbeddedDatabaseConfiguration:
      Did not match:
         - EmbeddedDataSource spring.datasource.url is set (DataSourceAutoConfiguration.EmbeddedDatabaseCondition)

   DataSourceCheckpointRestoreConfiguration:
      Did not match:
         - @ConditionalOnClass did not find required class 'org.crac.Resource' (OnClassCondition)

   DataSourceConfiguration.Dbcp2:
      Did not match:
         - @ConditionalOnClass did not find required class 'org.apache.commons.dbcp2.BasicDataSource' (OnClassCondition)

   DataSourceConfiguration.Generic:
      Did not match:
         - @ConditionalOnProperty (spring.datasource.type) did not find property 'spring.datasource.type' (OnPropertyCondition)

   DataSourceConfiguration.OracleUcp:
      Did not match:
         - @ConditionalOnClass did not find required classes 'oracle.ucp.jdbc.PoolDataSourceImpl', 'oracle.jdbc.OracleConnection' (OnClassCondition)

   DataSourceConfiguration.Tomcat:
      Did not match:
         - @ConditionalOnClass did not find required class 'org.apache.tomcat.jdbc.pool.DataSource' (OnClassCondition)

   DataSourceHealthContributorAutoConfiguration:
      Did not match:
         - @ConditionalOnClass did not find required class 'org.springframework.boot.health.autoconfigure.contributor.ConditionalOnEnabledHealthIndicator' (OnClassCondition)

   DataSourceJmxConfiguration:
      Did not match:
         - @ConditionalOnBooleanProperty (spring.jmx.enabled=true) found different value in property 'spring.jmx.enabled' (OnPropertyCondition)

   DataSourcePoolMetadataProvidersConfiguration.CommonsDbcp2PoolDataSourceMetadataProviderConfiguration:
      Did not match:
         - @ConditionalOnClass did not find required class 'org.apache.commons.dbcp2.BasicDataSource' (OnClassCondition)

   DataSourcePoolMetadataProvidersConfiguration.OracleUcpPoolDataSourceMetadataProviderConfiguration:
      Did not match:
         - @ConditionalOnClass did not find required classes 'oracle.ucp.jdbc.PoolDataSource', 'oracle.jdbc.OracleConnection' (OnClassCondition)

   DataSourcePoolMetadataProvidersConfiguration.TomcatDataSourcePoolMetadataProviderConfiguration:
      Did not match:
         - @ConditionalOnClass did not find required class 'org.apache.tomcat.jdbc.pool.DataSource' (OnClassCondition)

   DataSourcePoolMetricsAutoConfiguration:
      Did not match:
         - @ConditionalOnClass did not find required class 'io.micrometer.core.instrument.MeterRegistry' (OnClassCondition)

   DataSourceTransactionManagerAutoConfiguration.JdbcTransactionManagerConfiguration#transactionManager:
      Did not match:
         - @ConditionalOnMissingBean (types: org.springframework.transaction.TransactionManager; SearchStrategy: all) found beans of type 'org.springframework.transaction.TransactionManager' transactionManager (OnBeanCondition)

   DispatcherServletAutoConfiguration.DispatcherServletConfiguration#multipartResolver:
      Did not match:
         - @ConditionalOnBean (types: org.springframework.web.multipart.MultipartResolver; SearchStrategy: all) did not find any beans of type org.springframework.web.multipart.MultipartResolver (OnBeanCondition)

   GenericCacheConfiguration:
      Did not match:
         - Cache org.springframework.boot.cache.autoconfigure.GenericCacheConfiguration unknown cache type (CacheCondition)

   GsonHttpMessageConvertersConfiguration:
      Did not match:
         - @ConditionalOnClass did not find required class 'com.google.gson.Gson' (OnClassCondition)

   HazelcastCacheConfiguration:
      Did not match:
         - @ConditionalOnClass did not find required class 'com.hazelcast.core.HazelcastInstance' (OnClassCondition)

   HibernateMetricsAutoConfiguration:
      Did not match:
         - @ConditionalOnClass did not find required class 'io.micrometer.core.instrument.MeterRegistry' (OnClassCondition)

   InfinispanCacheConfiguration:
      Did not match:
         - @ConditionalOnClass did not find required class 'org.infinispan.spring.embedded.provider.SpringEmbeddedCacheManager' (OnClassCondition)

   JCacheCacheConfiguration:
      Did not match:
         - @ConditionalOnClass did not find required class 'javax.cache.Caching' (OnClassCondition)

   Jackson2HttpMessageConvertersConfiguration.MappingJackson2HttpMessageConverterConfiguration:
      Did not match:
         - AnyNestedCondition 0 matched 2 did not; NestedCondition on Jackson2HttpMessageConvertersConfiguration.PreferJackson2OrJacksonUnavailableCondition.JacksonUnavailable @ConditionalOnMissingBean (types: org.springframework.boot.http.converter.autoconfigure.JacksonHttpMessageConvertersConfiguration$JacksonJsonHttpMessageConvertersCustomizer; SearchStrategy: all) found beans of type 'org.springframework.boot.http.converter.autoconfigure.JacksonHttpMessageConvertersConfiguration$JacksonJsonHttpMessageConvertersCustomizer' jacksonJsonHttpMessageConvertersCustomizer; NestedCondition on Jackson2HttpMessageConvertersConfiguration.PreferJackson2OrJacksonUnavailableCondition.Jackson2Preferred @ConditionalOnProperty (spring.http.converters.preferred-json-mapper=jackson2) did not find property 'spring.http.converters.preferred-json-mapper' (Jackson2HttpMessageConvertersConfiguration.PreferJackson2OrJacksonUnavailableCondition)
      Matched:
         - @ConditionalOnClass found required class 'com.fasterxml.jackson.databind.ObjectMapper' (OnClassCondition)

   Jackson2HttpMessageConvertersConfiguration.MappingJackson2XmlHttpMessageConverterConfiguration:
      Did not match:
         - @ConditionalOnClass did not find required class 'com.fasterxml.jackson.dataformat.xml.XmlMapper' (OnClassCondition)

   JacksonAutoConfiguration.CborConfiguration:
      Did not match:
         - @ConditionalOnClass did not find required class 'tools.jackson.dataformat.cbor.CBORMapper' (OnClassCondition)

   JacksonAutoConfiguration.XmlConfiguration:
      Did not match:
         - @ConditionalOnClass did not find required class 'tools.jackson.dataformat.xml.XmlMapper' (OnClassCondition)

   JacksonHttpMessageConvertersConfiguration.JacksonXmlHttpMessageConverterConfiguration:
      Did not match:
         - @ConditionalOnClass did not find required class 'tools.jackson.dataformat.xml.XmlMapper' (OnClassCondition)

   JedisConnectionConfiguration:
      Did not match:
         - @ConditionalOnClass did not find required classes 'org.apache.commons.pool2.impl.GenericObjectPool', 'redis.clients.jedis.Jedis' (OnClassCondition)

   JmxAutoConfiguration:
      Did not match:
         - @ConditionalOnBooleanProperty (spring.jmx.enabled=true) found different value in property 'spring.jmx.enabled' (OnPropertyCondition)
      Matched:
         - @ConditionalOnClass found required class 'org.springframework.jmx.export.MBeanExporter' (OnClassCondition)

   JndiDataSourceAutoConfiguration:
      Did not match:
         - @ConditionalOnProperty (spring.datasource.jndi-name) did not find property 'spring.datasource.jndi-name' (OnPropertyCondition)
      Matched:
         - @ConditionalOnClass found required classes 'javax.sql.DataSource', 'org.springframework.jdbc.datasource.embedded.EmbeddedDatabaseType' (OnClassCondition)

   JndiJtaConfiguration:
      Did not match:
         - @ConditionalOnJndi JNDI environment is not available (OnJndiCondition)
      Matched:
         - @ConditionalOnClass found required class 'org.springframework.transaction.jta.JtaTransactionManager' (OnClassCondition)

   JsonbHttpMessageConvertersConfiguration:
      Did not match:
         - @ConditionalOnClass did not find required class 'jakarta.json.bind.Jsonb' (OnClassCondition)

   KotlinSerializationHttpMessageConvertersConfiguration:
      Did not match:
         - @ConditionalOnClass did not find required classes 'kotlinx.serialization.Serializable', 'kotlinx.serialization.json.Json' (OnClassCondition)

   LazyConnectionDataSourceConfiguration:
      Did not match:
         - @ConditionalOnProperty (spring.datasource.connection-fetch=lazy) did not find property 'spring.datasource.connection-fetch' (OnPropertyCondition)

   LettuceConnectionConfiguration#redisConnectionFactoryVirtualThreads:
      Did not match:
         - @ConditionalOnMissingBean (types: org.springframework.data.redis.connection.RedisConnectionFactory; SearchStrategy: all) found beans of type 'org.springframework.data.redis.connection.RedisConnectionFactory' redisConnectionFactory (OnBeanCondition)

   LettuceObservationAutoConfiguration:
      Did not match:
         - @ConditionalOnBean (types: io.micrometer.observation.ObservationRegistry; SearchStrategy: all) did not find any beans of type io.micrometer.observation.ObservationRegistry (OnBeanCondition)
      Matched:
         - @ConditionalOnClass found required classes 'io.lettuce.core.RedisClient', 'io.lettuce.core.tracing.MicrometerTracing', 'io.micrometer.observation.ObservationRegistry' (OnClassCondition)

   MessageSourceAutoConfiguration:
      Did not match:
         - ResourceBundle did not find bundle with basename messages (MessageSourceAutoConfiguration.ResourceBundleCondition)

   MultipleOpenApiSupportConfiguration:
      Did not match:
         - AnyNestedCondition 0 matched 2 did not; NestedCondition on MultipleOpenApiSupportCondition.OnActuatorDifferentPort @ConditionalOnProperty (springdoc.show-actuator) did not find property 'springdoc.show-actuator'; NestedCondition on MultipleOpenApiSupportCondition.OnMultipleOpenApiSupportCondition AnyNestedCondition 0 matched 3 did not; NestedCondition on MultipleOpenApiGroupsCondition.OnListGroupedOpenApiBean @ConditionalOnBean (types: org.springdoc.core.models.GroupedOpenApi; SearchStrategy: all) did not find any beans of type org.springdoc.core.models.GroupedOpenApi; NestedCondition on MultipleOpenApiGroupsCondition.OnGroupConfigProperty @ConditionalOnProperty (springdoc.group-configs[0].group) did not find property 'springdoc.group-configs[0].group'; NestedCondition on MultipleOpenApiGroupsCondition.OnGroupedOpenApiBean @ConditionalOnBean (types: org.springdoc.core.models.GroupedOpenApi; SearchStrategy: all) did not find any beans of type org.springdoc.core.models.GroupedOpenApi (MultipleOpenApiSupportCondition)
      Matched:
         - found 'session' scope (OnWebApplicationCondition)
         - @ConditionalOnProperty (springdoc.api-docs.enabled) matched (OnPropertyCondition)

   MultipleOpenApiSupportConfiguration.SpringDocWebMvcActuatorDifferentConfiguration:
      Did not match:
         - Ancestor org.springdoc.webmvc.core.configuration.MultipleOpenApiSupportConfiguration did not match (ConditionEvaluationReport.AncestorsMatchedCondition)
      Matched:
         - @ConditionalOnClass found required class 'org.springframework.boot.webmvc.actuate.endpoint.web.WebMvcEndpointHandlerMapping' (OnClassCondition)

   ProjectInfoAutoConfiguration#buildProperties:
      Did not match:
         - @ConditionalOnResource did not find resource '${spring.info.build.location:classpath:META-INF/build-info.properties}' (OnResourceCondition)

   ProjectInfoAutoConfiguration#gitProperties:
      Did not match:
         - GitResource did not find git info at classpath:git.properties (ProjectInfoAutoConfiguration.GitResourceAvailableCondition)

   RedisCacheConfiguration:
      Did not match:
         - Cache org.springframework.boot.cache.autoconfigure.RedisCacheConfiguration unknown cache type (CacheCondition)
      Matched:
         - @ConditionalOnClass found required class 'org.springframework.data.redis.connection.RedisConnectionFactory' (OnClassCondition)

   ServletHttpExchangesAutoConfiguration:
      Did not match:
         - @ConditionalOnBean did not find required type 'org.springframework.boot.actuate.web.exchanges.HttpExchangeRepository' (OnBeanCondition)

   ServletManagementContextAutoConfiguration:
      Did not match:
         - @ConditionalOnClass did not find required class 'org.springframework.boot.actuate.autoconfigure.endpoint.web.WebEndpointProperties' (OnClassCondition)

   ServletMappingsAutoConfiguration:
      Did not match:
         - @ConditionalOnClass did not find required class 'org.springframework.boot.actuate.autoconfigure.endpoint.condition.ConditionalOnAvailableEndpoint' (OnClassCondition)

   ServletWebServerConfiguration#forwardedHeaderFilter:
      Did not match:
         - @ConditionalOnProperty (server.forward-headers-strategy=framework) did not find property 'server.forward-headers-strategy' (OnPropertyCondition)

   SimpleCacheConfiguration:
      Did not match:
         - Cache org.springframework.boot.cache.autoconfigure.SimpleCacheConfiguration unknown cache type (CacheCondition)

   SpringApplicationAdminJmxAutoConfiguration:
      Did not match:
         - @ConditionalOnBooleanProperty (spring.application.admin.enabled=true) did not find property 'spring.application.admin.enabled' (OnPropertyCondition)

   SpringDocConfiguration#jsonNullableSupportConverter:
      Did not match:
         - @ConditionalOnClass did not find required class 'org.openapitools.jackson.nullable.JsonNullable' (OnClassCondition)

   SpringDocConfiguration#oas31ModelConverter:
      Did not match:
         - @ConditionalOnProperty (springdoc.explicit-object-schema=true) did not find property 'springdoc.explicit-object-schema' (OnPropertyCondition)

   SpringDocConfiguration#propertiesResolverForSchema:
      Did not match:
         - @ConditionalOnProperty (springdoc.api-docs.resolve-schema-properties) did not find property 'springdoc.api-docs.resolve-schema-properties' (OnPropertyCondition)

   SpringDocConfiguration#propertyCustomizingConverter:
      Did not match:
         - @ConditionalOnBean (types: org.springdoc.core.customizers.PropertyCustomizer; SearchStrategy: all) did not find any beans of type org.springdoc.core.customizers.PropertyCustomizer (OnBeanCondition)

   SpringDocConfiguration#springdocBeanFactoryPostProcessor:
      Did not match:
         - AnyNestedCondition 0 matched 2 did not; NestedCondition on CacheOrGroupedOpenApiCondition.OnCacheDisabled found non-matching nested conditions @ConditionalOnProperty (springdoc.cache.disabled) did not find property 'springdoc.cache.disabled'; NestedCondition on CacheOrGroupedOpenApiCondition.OnMultipleOpenApiSupportCondition AnyNestedCondition 0 matched 2 did not; NestedCondition on MultipleOpenApiSupportCondition.OnActuatorDifferentPort @ConditionalOnProperty (springdoc.show-actuator) did not find property 'springdoc.show-actuator'; NestedCondition on MultipleOpenApiSupportCondition.OnMultipleOpenApiSupportCondition AnyNestedCondition 0 matched 3 did not; NestedCondition on MultipleOpenApiGroupsCondition.OnListGroupedOpenApiBean @ConditionalOnBean (types: org.springdoc.core.models.GroupedOpenApi; SearchStrategy: all) did not find any beans of type org.springdoc.core.models.GroupedOpenApi; NestedCondition on MultipleOpenApiGroupsCondition.OnGroupConfigProperty @ConditionalOnProperty (springdoc.group-configs[0].group) did not find property 'springdoc.group-configs[0].group'; NestedCondition on MultipleOpenApiGroupsCondition.OnGroupedOpenApiBean @ConditionalOnBean (types: org.springdoc.core.models.GroupedOpenApi; SearchStrategy: all) did not find any beans of type org.springdoc.core.models.GroupedOpenApi (CacheOrGroupedOpenApiCondition)
      Matched:
         - @ConditionalOnClass found required class 'org.springframework.boot.context.properties.bind.BindResult' (OnClassCondition)

   SpringDocConfiguration#springdocBeanFactoryPostProcessor2:
      Did not match:
         - @ConditionalOnMissingClass found unwanted class 'org.springframework.boot.context.properties.bind.BindResult' (OnClassCondition)

   SpringDocConfiguration.SpringDocActuatorConfiguration:
      Did not match:
         - @ConditionalOnClass did not find required class 'org.springframework.boot.actuate.autoconfigure.endpoint.web.WebEndpointProperties' (OnClassCondition)

   SpringDocConfiguration.SpringDocRepositoryRestConfiguration:
      Did not match:
         - @ConditionalOnClass did not find required class 'org.springframework.data.rest.core.config.RepositoryRestConfiguration' (OnClassCondition)

   SpringDocDataRestConfiguration:
      Did not match:
         - @ConditionalOnClass did not find required class 'org.springframework.data.rest.core.config.RepositoryRestConfiguration' (OnClassCondition)

   SpringDocFunctionCatalogConfiguration:
      Did not match:
         - @ConditionalOnClass did not find required class 'org.springframework.cloud.function.web.function.FunctionEndpointInitializer' (OnClassCondition)

   SpringDocGroovyConfiguration:
      Did not match:
         - @ConditionalOnClass did not find required class 'groovy.lang.MetaClass' (OnClassCondition)

   SpringDocHateoasConfiguration:
      Did not match:
         - @ConditionalOnClass did not find required class 'org.springframework.hateoas.server.LinkRelationProvider' (OnClassCondition)

   SpringDocJacksonKotlinModuleConfiguration:
      Did not match:
         - @ConditionalOnClass did not find required class 'com.fasterxml.jackson.module.kotlin.KotlinModule' (OnClassCondition)

   SpringDocJavadocConfiguration:
      Did not match:
         - @ConditionalOnClass did not find required class 'com.github.therapi.runtimejavadoc.CommentFormatter' (OnClassCondition)

   SpringDocKotlinConfiguration:
      Did not match:
         - @ConditionalOnClass did not find required class 'kotlin.coroutines.Continuation' (OnClassCondition)

   SpringDocKotlinxConfiguration:
      Did not match:
         - @ConditionalOnClass did not find required class 'kotlinx.coroutines.flow.Flow' (OnClassCondition)

   SpringDocSecurityConfiguration:
      Did not match:
         - @ConditionalOnClass did not find required class 'org.springframework.security.web.SecurityFilterChain' (OnClassCondition)

   SpringDocSortConfiguration#dataRestDelegatingMethodParameterCustomizer:
      Did not match:
         - @ConditionalOnMissingBean (types: org.springdoc.core.customizers.DataRestDelegatingMethodParameterCustomizer; SearchStrategy: all) found beans of type 'org.springdoc.core.customizers.DataRestDelegatingMethodParameterCustomizer' dataRestDelegatingMethodParameterCustomizer (OnBeanCondition)

   SpringDocWebMvcConfiguration.SpringDocWebMvcActuatorConfiguration#actuatorProvider:
      Did not match:
         - @ConditionalOnExpression (#{${springdoc.show-actuator:false} or ${springdoc.use-management-port:false}}) resulted in false (OnExpressionCondition)

   SpringDocWebMvcConfiguration.SpringDocWebMvcActuatorConfiguration#openApiActuatorResource:
      Did not match:
         - @ConditionalOnExpression (#{${springdoc.use-management-port:false} and ${springdoc.enable-default-api-docs:true}}) resulted in false (OnExpressionCondition)

   SpringDocWebServerConfiguration.DeployedWebServerConfiguration:
      Did not match:
         - @ConditionalOnMissingClass found unwanted classes 'org.springframework.boot.web.server.context.WebServerInitializedEvent', 'org.springframework.boot.web.server.autoconfigure.ServerProperties' (OnClassCondition)

   SwaggerConfig#springWebProvider:
      Did not match:
         - @ConditionalOnMissingBean (types: org.springdoc.core.providers.SpringWebProvider; SearchStrategy: all) found beans of type 'org.springdoc.core.providers.SpringWebProvider' springWebProvider (OnBeanCondition)

   SwaggerConfig#swaggerUiHome:
      Did not match:
         - @ConditionalOnProperty (springdoc.swagger-ui.use-root-path=true) did not find property 'springdoc.swagger-ui.use-root-path' (OnPropertyCondition)

   SwaggerConfig.SwaggerActuatorWelcomeConfiguration:
      Did not match:
         - @ConditionalOnProperty (springdoc.use-management-port) did not find property 'springdoc.use-management-port' (OnPropertyCondition)
      Matched:
         - @ConditionalOnClass found required class 'org.springframework.boot.webmvc.actuate.endpoint.web.WebMvcEndpointHandlerMapping' (OnClassCondition)

   TaskExecutorConfigurations.AsyncConfigurerWrapperConfiguration:
      Did not match:
         - @ConditionalOnBean (types: org.springframework.scheduling.annotation.AsyncConfigurer; SearchStrategy: all) did not find any beans of type org.springframework.scheduling.annotation.AsyncConfigurer (OnBeanCondition)

   TaskExecutorConfigurations.SimpleAsyncTaskExecutorBuilderConfiguration#simpleAsyncTaskExecutorBuilderVirtualThreads:
      Did not match:
         - @ConditionalOnMissingBean (types: org.springframework.boot.task.SimpleAsyncTaskExecutorBuilder; SearchStrategy: all) found beans of type 'org.springframework.boot.task.SimpleAsyncTaskExecutorBuilder' simpleAsyncTaskExecutorBuilder (OnBeanCondition)

   TaskExecutorConfigurations.TaskExecutorConfiguration#applicationTaskExecutorVirtualThreads:
      Did not match:
         - @ConditionalOnThreading did not find VIRTUAL (OnThreadingCondition)

   TaskExecutorConfigurations.TaskExecutorContextPropagationConfiguration:
      Did not match:
         - @ConditionalOnClass did not find required class 'io.micrometer.context.ContextSnapshot' (OnClassCondition)

   TaskSchedulingAutoConfiguration#scheduledBeanLazyInitializationExcludeFilter:
      Did not match:
         - @ConditionalOnBean (names: org.springframework.scheduling.config.internalScheduledAnnotationProcessor; SearchStrategy: all) did not find any beans named org.springframework.scheduling.config.internalScheduledAnnotationProcessor (OnBeanCondition)

   TaskSchedulingConfigurations.SimpleAsyncTaskSchedulerBuilderConfiguration#simpleAsyncTaskSchedulerBuilderVirtualThreads:
      Did not match:
         - @ConditionalOnMissingBean (types: org.springframework.boot.task.SimpleAsyncTaskSchedulerBuilder; SearchStrategy: all) found beans of type 'org.springframework.boot.task.SimpleAsyncTaskSchedulerBuilder' simpleAsyncTaskSchedulerBuilder (OnBeanCondition)

   TaskSchedulingConfigurations.TaskSchedulerConfiguration:
      Did not match:
         - @ConditionalOnBean (names: org.springframework.scheduling.config.internalScheduledAnnotationProcessor; SearchStrategy: all) did not find any beans named org.springframework.scheduling.config.internalScheduledAnnotationProcessor (OnBeanCondition)

   TestcontainersPropertySourceAutoConfiguration#dynamicPropertyRegistrarBeanInitializer:
      Did not match:
         - @ConditionalOnMissingBean (types: org.springframework.test.context.support.DynamicPropertyRegistrarBeanInitializer; SearchStrategy: all) found beans of type 'org.springframework.test.context.support.DynamicPropertyRegistrarBeanInitializer' org.springframework.test.context.support.internalDynamicPropertyRegistrarBeanInitializer (OnBeanCondition)

   TomcatMetricsAutoConfiguration:
      Did not match:
         - @ConditionalOnClass did not find required class 'io.micrometer.core.instrument.binder.tomcat.TomcatMetrics' (OnClassCondition)

   TomcatReactiveManagementContextAutoConfiguration:
      Did not match:
         - @ConditionalOnClass did not find required class 'org.springframework.boot.actuate.autoconfigure.web.server.ManagementContextFactory' (OnClassCondition)

   TomcatReactiveWebServerAutoConfiguration:
      Did not match:
         - @ConditionalOnWebApplication did not find reactive web application classes (OnWebApplicationCondition)

   TomcatServletManagementContextAutoConfiguration:
      Did not match:
         - @ConditionalOnClass did not find required class 'org.springframework.boot.actuate.autoconfigure.web.server.ManagementContextFactory' (OnClassCondition)

   TomcatServletWebServerAutoConfiguration#tomcatForwardedHeaderFilterCustomizer:
      Did not match:
         - @ConditionalOnProperty (server.forward-headers-strategy=framework) did not find property 'server.forward-headers-strategy' (OnPropertyCondition)

   TomcatWebServerConfiguration:
      Did not match:
         - Application is deployed as a WAR file. (OnWarDeploymentCondition)

   TransactionAutoConfiguration#transactionalOperator:
      Did not match:
         - @ConditionalOnSingleCandidate (types: org.springframework.transaction.ReactiveTransactionManager; SearchStrategy: all) did not find any beans (OnBeanCondition)

   TransactionAutoConfiguration.AspectJTransactionManagementConfiguration:
      Did not match:
         - @ConditionalOnBean (types: org.springframework.transaction.aspectj.AbstractTransactionAspect; SearchStrategy: all) did not find any beans of type org.springframework.transaction.aspectj.AbstractTransactionAspect (OnBeanCondition)

   TransactionAutoConfiguration.EnableTransactionManagementConfiguration:
      Did not match:
         - @ConditionalOnMissingBean (types: org.springframework.transaction.annotation.AbstractTransactionManagementConfiguration; SearchStrategy: all) found beans of type 'org.springframework.transaction.annotation.AbstractTransactionManagementConfiguration' org.springframework.transaction.annotation.ProxyTransactionManagementConfiguration (OnBeanCondition)

   TransactionAutoConfiguration.EnableTransactionManagementConfiguration.CglibAutoProxyConfiguration:
      Did not match:
         - Ancestor org.springframework.boot.transaction.autoconfigure.TransactionAutoConfiguration$EnableTransactionManagementConfiguration did not match (ConditionEvaluationReport.AncestorsMatchedCondition)
      Matched:
         - @ConditionalOnBooleanProperty (spring.aop.proxy-target-class=true) matched (OnPropertyCondition)

   TransactionAutoConfiguration.EnableTransactionManagementConfiguration.JdkDynamicAutoProxyConfiguration:
      Did not match:
         - @ConditionalOnBooleanProperty (spring.aop.proxy-target-class=false) did not find property 'spring.aop.proxy-target-class' (OnPropertyCondition)
         - Ancestor org.springframework.boot.transaction.autoconfigure.TransactionAutoConfiguration$EnableTransactionManagementConfiguration did not match (ConditionEvaluationReport.AncestorsMatchedCondition)

   WebMvcAutoConfiguration#hiddenHttpMethodFilter:
      Did not match:
         - @ConditionalOnBooleanProperty (spring.mvc.hiddenmethod.filter.enabled=true) did not find property 'spring.mvc.hiddenmethod.filter.enabled' (OnPropertyCondition)

   WebMvcAutoConfiguration.ProblemDetailsErrorHandlingConfiguration:
      Did not match:
         - @ConditionalOnBooleanProperty (spring.mvc.problemdetails.enabled=true) did not find property 'spring.mvc.problemdetails.enabled' (OnPropertyCondition)

   WebMvcAutoConfiguration.WebMvcAutoConfigurationAdapter#beanNameViewResolver:
      Did not match:
         - @ConditionalOnMissingBean (types: org.springframework.web.servlet.view.BeanNameViewResolver; SearchStrategy: all) found beans of type 'org.springframework.web.servlet.view.BeanNameViewResolver' beanNameViewResolver (OnBeanCondition)

   WebMvcHealthEndpointExtensionAutoConfiguration:
      Did not match:
         - @ConditionalOnClass did not find required class 'org.springframework.boot.health.actuate.endpoint.HealthEndpoint' (OnClassCondition)

   WebMvcMappingsAutoConfiguration:
      Did not match:
         - @ConditionalOnClass did not find required class 'org.springframework.boot.actuate.autoconfigure.endpoint.condition.ConditionalOnAvailableEndpoint' (OnClassCondition)

   WebMvcObservationAutoConfiguration:
      Did not match:
         - @ConditionalOnClass did not find required class 'org.springframework.boot.micrometer.observation.autoconfigure.ObservationProperties' (OnClassCondition)

   XADataSourceAutoConfiguration:
      Did not match:
         - @ConditionalOnBean (types: org.springframework.boot.jdbc.XADataSourceWrapper; SearchStrategy: all) did not find any beans of type org.springframework.boot.jdbc.XADataSourceWrapper (OnBeanCondition)
      Matched:
         - @ConditionalOnClass found required classes 'javax.sql.DataSource', 'jakarta.transaction.TransactionManager', 'org.springframework.jdbc.datasource.embedded.EmbeddedDatabaseType' (OnClassCondition)


Exclusions:
-----------

    None


Unconditional classes:
----------------------

    org.springdoc.core.configuration.SpringDocWebServerConfiguration.EmbeddedWebServerConfiguration

    org.springframework.boot.autoconfigure.context.ConfigurationPropertiesAutoConfiguration

    org.springframework.boot.autoconfigure.ssl.SslAutoConfiguration

    org.springframework.boot.autoconfigure.context.PropertyPlaceholderAutoConfiguration

    org.springframework.boot.autoconfigure.context.LifecycleAutoConfiguration

    org.springdoc.core.configuration.SpringDocSpecPropertiesConfiguration

    org.springframework.boot.testcontainers.service.connection.ServiceConnectionAutoConfiguration

    org.springframework.boot.autoconfigure.availability.ApplicationAvailabilityAutoConfiguration

    org.springframework.boot.autoconfigure.info.ProjectInfoAutoConfiguration

    org.springdoc.core.configuration.SpringDocWebServerConfiguration.DeployedWebServerConfiguration



2026-10-04T16:23:11.060+07:00  INFO 17432 --- [           main] c.c.c.CourseManagementApplicationTests   : Started CourseManagementApplicationTests in 2.914 seconds (process running for 58.218)
2026-10-04T16:23:11.063+07:00 DEBUG 17432 --- [           main] o.s.b.a.ApplicationAvailabilityBean      : Application availability state LivenessState changed to CORRECT
2026-10-04T16:23:11.064+07:00  WARN 17432 --- [           main] o.s.core.events.SpringDocAppInitializer  : SpringDoc /v3/api-docs endpoint is enabled by default. To disable it in production, set the property 'springdoc.api-docs.enabled=false'
2026-10-04T16:23:11.064+07:00  WARN 17432 --- [           main] o.s.core.events.SpringDocAppInitializer  : SpringDoc /swagger-ui.html endpoint is enabled by default. To disable it in production, set the property 'springdoc.swagger-ui.enabled=false'
2026-10-04T16:23:11.064+07:00 DEBUG 17432 --- [           main] o.s.b.a.ApplicationAvailabilityBean      : Application availability state ReadinessState changed to ACCEPTING_TRAFFIC
2026-10-04T16:23:11.073+07:00  INFO 17432 --- [           main] o.s.b.t.m.w.SpringBootMockServletContext : Initializing Spring TestDispatcherServlet ''
2026-10-04T16:23:11.073+07:00  INFO 17432 --- [           main] o.s.t.web.servlet.TestDispatcherServlet  : Initializing Servlet ''
2026-10-04T16:23:11.074+07:00  INFO 17432 --- [           main] o.s.t.web.servlet.TestDispatcherServlet  : Completed initialization in 1 ms
2026-10-04T16:23:11.080+07:00 DEBUG 17432 --- [           main] o.s.w.s.handler.SimpleUrlHandlerMapping  : Mapped to ResourceHttpRequestHandler [classpath [META-INF/resources/], classpath [resources/], classpath [static/], classpath [public/], ServletContext [/]]
2026-10-04T16:23:11.088+07:00 DEBUG 17432 --- [           main] o.s.w.s.r.ResourceHttpRequestHandler     : Resource not found for path [api/does-not-exist]
2026-10-04T16:23:11.089+07:00 DEBUG 17432 --- [           main] .m.m.a.ExceptionHandlerExceptionResolver : Using @ExceptionHandler com.ccnlthd.course_management.exception.GlobalExceptionHandler#handleMissingResource(NoResourceFoundException)
2026-10-04T16:23:11.092+07:00 DEBUG 17432 --- [           main] o.s.w.s.m.m.a.HttpEntityMethodProcessor  : Using 'application/json', given [*/*] and supported [application/json, application/*+json, application/yaml]
2026-10-04T16:23:11.093+07:00 DEBUG 17432 --- [           main] o.s.w.s.m.m.a.HttpEntityMethodProcessor  : Writing [com.ccnlthd.course_management.dto.response.ApiResponse@42cc17fc]
2026-10-04T16:23:11.097+07:00 DEBUG 17432 --- [           main] .m.m.a.ExceptionHandlerExceptionResolver : Resolved [org.springframework.web.servlet.resource.NoResourceFoundException: No static resource api/does-not-exist for request '/api/does-not-exist'.]
[INFO] Tests run: 2, Failures: 0, Errors: 0, Skipped: 0, Time elapsed: 3.027 s -- in com.ccnlthd.course_management.CourseManagementApplicationTests
[INFO] Running com.ccnlthd.course_management.EnrollmentCrudTests
2026-10-04T16:23:11.269+07:00 DEBUG 17432 --- [           main] s.w.s.m.m.a.RequestMappingHandlerMapping : 5 mappings in org.springframework.web.servlet.mvc.method.annotation.RequestMappingHandlerMapping
2026-10-04T16:23:11.270+07:00 DEBUG 17432 --- [           main] s.w.s.m.m.a.RequestMappingHandlerAdapter : ControllerAdvice beans: 0 @ModelAttribute, 0 @InitBinder, 2 RequestBodyAdvice, 1 ResponseBodyAdvice
2026-10-04T16:23:11.271+07:00 DEBUG 17432 --- [           main] .m.m.a.ExceptionHandlerExceptionResolver : ControllerAdvice beans: 1 @ExceptionHandler, 1 ResponseBodyAdvice
2026-10-04T16:23:11.271+07:00  INFO 17432 --- [           main] o.s.mock.web.MockServletContext          : Initializing Spring TestDispatcherServlet ''
2026-10-04T16:23:11.271+07:00  INFO 17432 --- [           main] o.s.t.web.servlet.TestDispatcherServlet  : Initializing Servlet ''
2026-10-04T16:23:11.271+07:00  INFO 17432 --- [           main] o.s.t.web.servlet.TestDispatcherServlet  : Completed initialization in 0 ms
2026-10-04T16:23:11.273+07:00 DEBUG 17432 --- [           main] s.w.s.m.m.a.RequestMappingHandlerMapping : Mapped to com.ccnlthd.course_management.controller.EnrollmentController#createEnrollment(EnrollmentRequest)
2026-10-04T16:23:11.276+07:00 DEBUG 17432 --- [           main] m.m.a.RequestResponseBodyMethodProcessor : Read "application/json" to [com.ccnlthd.course_management.dto.request.EnrollmentRequest@75650906]
2026-10-04T16:23:11.281+07:00 DEBUG 17432 --- [           main] .m.m.a.ExceptionHandlerExceptionResolver : Using @ExceptionHandler com.ccnlthd.course_management.exception.GlobalExceptionHandler#handleAppException(AppException)
2026-10-04T16:23:11.284+07:00 DEBUG 17432 --- [           main] o.s.w.s.m.m.a.HttpEntityMethodProcessor  : Using 'application/json', given [*/*] and supported [application/json, application/*+json, application/yaml]
2026-10-04T16:23:11.284+07:00 DEBUG 17432 --- [           main] o.s.w.s.m.m.a.HttpEntityMethodProcessor  : Writing [com.ccnlthd.course_management.dto.response.ApiResponse@1342f774]
2026-10-04T16:23:11.289+07:00 DEBUG 17432 --- [           main] .m.m.a.ExceptionHandlerExceptionResolver : Resolved [com.ccnlthd.course_management.exception.AppException: Student already enrolled in this course]
2026-10-04T16:23:11.323+07:00 DEBUG 17432 --- [           main] s.w.s.m.m.a.RequestMappingHandlerMapping : 5 mappings in org.springframework.web.servlet.mvc.method.annotation.RequestMappingHandlerMapping
2026-10-04T16:23:11.324+07:00 DEBUG 17432 --- [           main] s.w.s.m.m.a.RequestMappingHandlerAdapter : ControllerAdvice beans: 0 @ModelAttribute, 0 @InitBinder, 2 RequestBodyAdvice, 1 ResponseBodyAdvice
2026-10-04T16:23:11.324+07:00 DEBUG 17432 --- [           main] .m.m.a.ExceptionHandlerExceptionResolver : ControllerAdvice beans: 1 @ExceptionHandler, 1 ResponseBodyAdvice
2026-10-04T16:23:11.325+07:00  INFO 17432 --- [           main] o.s.mock.web.MockServletContext          : Initializing Spring TestDispatcherServlet ''
2026-10-04T16:23:11.325+07:00  INFO 17432 --- [           main] o.s.t.web.servlet.TestDispatcherServlet  : Initializing Servlet ''
2026-10-04T16:23:11.328+07:00  INFO 17432 --- [           main] o.s.t.web.servlet.TestDispatcherServlet  : Completed initialization in 0 ms
2026-10-04T16:23:11.329+07:00 DEBUG 17432 --- [           main] s.w.s.m.m.a.RequestMappingHandlerMapping : Mapped to com.ccnlthd.course_management.controller.EnrollmentController#createEnrollment(EnrollmentRequest)
2026-10-04T16:23:11.332+07:00 DEBUG 17432 --- [           main] m.m.a.RequestResponseBodyMethodProcessor : Read "application/json" to [com.ccnlthd.course_management.dto.request.EnrollmentRequest@641ce81c]
2026-10-04T16:23:11.339+07:00 DEBUG 17432 --- [           main] .m.m.a.ExceptionHandlerExceptionResolver : Using @ExceptionHandler com.ccnlthd.course_management.exception.GlobalExceptionHandler#handleValidationException(MethodArgumentNotValidException)
2026-10-04T16:23:11.341+07:00 DEBUG 17432 --- [           main] o.s.w.s.m.m.a.HttpEntityMethodProcessor  : Using 'application/json', given [*/*] and supported [application/json, application/*+json, application/yaml]
2026-10-04T16:23:11.341+07:00 DEBUG 17432 --- [           main] o.s.w.s.m.m.a.HttpEntityMethodProcessor  : Writing [com.ccnlthd.course_management.dto.response.ApiResponse@1182bd1c]
2026-10-04T16:23:11.344+07:00 DEBUG 17432 --- [           main] .m.m.a.ExceptionHandlerExceptionResolver : Resolved [org.springframework.web.bind.MethodArgumentNotValidException: Validation failed for argument [0] in public org.springframework.http.ResponseEntity<com.ccnlthd.course_management.dto.response.EnrollmentResponse> com.ccnlthd.course_management.controller.EnrollmentController.createEnrollment(com.ccnlthd.course_management.dto.request.EnrollmentRequest) with 2 errors: [Field error in object 'enrollmentRequest' on field 'studentId': rejected value [null]; codes [NotNull.enrollmentRequest.studentId,NotNull.studentId,NotNull.java.lang.Long,NotNull]; arguments [org.springframework.context.support.DefaultMessageSourceResolvable: codes [enrollmentRequest.studentId,studentId]; arguments []; default message [studentId]]; default message [Student id is required]] [Field error in object 'enrollmentRequest' on field 'status': rejected value []; codes [NotBlank.enrollmentRequest.status,NotBlank.status,NotBlank.java.lang.String,NotBlank]; arguments [org.springframework.context.support.DefaultMessageSourceResolvable: codes [enrollmentRequest.status,status]; arguments []; default message [status]]; default message [Enrollment status is required]] ]
2026-10-04T16:23:11.346+07:00 DEBUG 17432 --- [           main] s.w.s.m.m.a.RequestMappingHandlerMapping : Mapped to com.ccnlthd.course_management.controller.EnrollmentController#updateEnrollment(Long, EnrollmentRequest)
2026-10-04T16:23:11.347+07:00 DEBUG 17432 --- [           main] m.m.a.RequestResponseBodyMethodProcessor : Read "application/json" to [com.ccnlthd.course_management.dto.request.EnrollmentRequest@45d952a1]
2026-10-04T16:23:11.349+07:00 DEBUG 17432 --- [           main] .m.m.a.ExceptionHandlerExceptionResolver : Using @ExceptionHandler com.ccnlthd.course_management.exception.GlobalExceptionHandler#handleValidationException(MethodArgumentNotValidException)
2026-10-04T16:23:11.349+07:00 DEBUG 17432 --- [           main] o.s.w.s.m.m.a.HttpEntityMethodProcessor  : Using 'application/json', given [*/*] and supported [application/json, application/*+json, application/yaml]
2026-10-04T16:23:11.349+07:00 DEBUG 17432 --- [           main] o.s.w.s.m.m.a.HttpEntityMethodProcessor  : Writing [com.ccnlthd.course_management.dto.response.ApiResponse@32d52900]
2026-10-04T16:23:11.350+07:00 DEBUG 17432 --- [           main] .m.m.a.ExceptionHandlerExceptionResolver : Resolved [org.springframework.web.bind.MethodArgumentNotValidException: Validation failed for argument [1] in public org.springframework.http.ResponseEntity<com.ccnlthd.course_management.dto.response.EnrollmentResponse> com.ccnlthd.course_management.controller.EnrollmentController.updateEnrollment(java.lang.Long,com.ccnlthd.course_management.dto.request.EnrollmentRequest) with 2 errors: [Field error in object 'enrollmentRequest' on field 'status': rejected value []; codes [NotBlank.enrollmentRequest.status,NotBlank.status,NotBlank.java.lang.String,NotBlank]; arguments [org.springframework.context.support.DefaultMessageSourceResolvable: codes [enrollmentRequest.status,status]; arguments []; default message [status]]; default message [Enrollment status is required]] [Field error in object 'enrollmentRequest' on field 'studentId': rejected value [null]; codes [NotNull.enrollmentRequest.studentId,NotNull.studentId,NotNull.java.lang.Long,NotNull]; arguments [org.springframework.context.support.DefaultMessageSourceResolvable: codes [enrollmentRequest.studentId,studentId]; arguments []; default message [studentId]]; default message [Student id is required]] ]
2026-10-04T16:23:11.395+07:00 DEBUG 17432 --- [           main] s.w.s.m.m.a.RequestMappingHandlerMapping : 5 mappings in org.springframework.web.servlet.mvc.method.annotation.RequestMappingHandlerMapping
2026-10-04T16:23:11.396+07:00 DEBUG 17432 --- [           main] s.w.s.m.m.a.RequestMappingHandlerAdapter : ControllerAdvice beans: 0 @ModelAttribute, 0 @InitBinder, 2 RequestBodyAdvice, 1 ResponseBodyAdvice
2026-10-04T16:23:11.397+07:00 DEBUG 17432 --- [           main] .m.m.a.ExceptionHandlerExceptionResolver : ControllerAdvice beans: 1 @ExceptionHandler, 1 ResponseBodyAdvice
2026-10-04T16:23:11.397+07:00  INFO 17432 --- [           main] o.s.mock.web.MockServletContext          : Initializing Spring TestDispatcherServlet ''
2026-10-04T16:23:11.397+07:00  INFO 17432 --- [           main] o.s.t.web.servlet.TestDispatcherServlet  : Initializing Servlet ''
2026-10-04T16:23:11.397+07:00  INFO 17432 --- [           main] o.s.t.web.servlet.TestDispatcherServlet  : Completed initialization in 0 ms
2026-10-04T16:23:11.399+07:00 DEBUG 17432 --- [           main] s.w.s.m.m.a.RequestMappingHandlerMapping : Mapped to com.ccnlthd.course_management.controller.EnrollmentController#getEnrollmentById(Long)
2026-10-04T16:23:11.401+07:00 DEBUG 17432 --- [           main] .m.m.a.ExceptionHandlerExceptionResolver : Using @ExceptionHandler com.ccnlthd.course_management.exception.GlobalExceptionHandler#handleAppException(AppException)
2026-10-04T16:23:11.403+07:00 DEBUG 17432 --- [           main] o.s.w.s.m.m.a.HttpEntityMethodProcessor  : Using 'application/json', given [*/*] and supported [application/json, application/*+json, application/yaml]
2026-10-04T16:23:11.404+07:00 DEBUG 17432 --- [           main] o.s.w.s.m.m.a.HttpEntityMethodProcessor  : Writing [com.ccnlthd.course_management.dto.response.ApiResponse@7c08cb77]
2026-10-04T16:23:11.406+07:00 DEBUG 17432 --- [           main] .m.m.a.ExceptionHandlerExceptionResolver : Resolved [com.ccnlthd.course_management.exception.AppException: Enrollment not found]
2026-10-04T16:23:11.407+07:00 DEBUG 17432 --- [           main] s.w.s.m.m.a.RequestMappingHandlerMapping : Mapped to com.ccnlthd.course_management.controller.EnrollmentController#updateEnrollment(Long, EnrollmentRequest)
2026-10-04T16:23:11.409+07:00 DEBUG 17432 --- [           main] m.m.a.RequestResponseBodyMethodProcessor : Read "application/json" to [com.ccnlthd.course_management.dto.request.EnrollmentRequest@55f9f89c]
2026-10-04T16:23:11.416+07:00 DEBUG 17432 --- [           main] .m.m.a.ExceptionHandlerExceptionResolver : Using @ExceptionHandler com.ccnlthd.course_management.exception.GlobalExceptionHandler#handleAppException(AppException)
2026-10-04T16:23:11.416+07:00 DEBUG 17432 --- [           main] o.s.w.s.m.m.a.HttpEntityMethodProcessor  : Using 'application/json', given [*/*] and supported [application/json, application/*+json, application/yaml]
2026-10-04T16:23:11.416+07:00 DEBUG 17432 --- [           main] o.s.w.s.m.m.a.HttpEntityMethodProcessor  : Writing [com.ccnlthd.course_management.dto.response.ApiResponse@35e53c7a]
2026-10-04T16:23:11.417+07:00 DEBUG 17432 --- [           main] .m.m.a.ExceptionHandlerExceptionResolver : Resolved [com.ccnlthd.course_management.exception.AppException: Student already enrolled in this course]
2026-10-04T16:23:11.418+07:00 DEBUG 17432 --- [           main] s.w.s.m.m.a.RequestMappingHandlerMapping : Mapped to com.ccnlthd.course_management.controller.EnrollmentController#deleteEnrollment(Long)
2026-10-04T16:23:11.419+07:00 DEBUG 17432 --- [           main] .m.m.a.ExceptionHandlerExceptionResolver : Using @ExceptionHandler com.ccnlthd.course_management.exception.GlobalExceptionHandler#handleAppException(AppException)
2026-10-04T16:23:11.419+07:00 DEBUG 17432 --- [           main] o.s.w.s.m.m.a.HttpEntityMethodProcessor  : Using 'application/json', given [*/*] and supported [application/json, application/*+json, application/yaml]
2026-10-04T16:23:11.419+07:00 DEBUG 17432 --- [           main] o.s.w.s.m.m.a.HttpEntityMethodProcessor  : Writing [com.ccnlthd.course_management.dto.response.ApiResponse@bf0568b]
2026-10-04T16:23:11.420+07:00 DEBUG 17432 --- [           main] .m.m.a.ExceptionHandlerExceptionResolver : Resolved [com.ccnlthd.course_management.exception.AppException: Enrollment not found]
2026-10-04T16:23:11.467+07:00 DEBUG 17432 --- [           main] s.w.s.m.m.a.RequestMappingHandlerMapping : 5 mappings in org.springframework.web.servlet.mvc.method.annotation.RequestMappingHandlerMapping
2026-10-04T16:23:11.468+07:00 DEBUG 17432 --- [           main] s.w.s.m.m.a.RequestMappingHandlerAdapter : ControllerAdvice beans: 0 @ModelAttribute, 0 @InitBinder, 2 RequestBodyAdvice, 1 ResponseBodyAdvice
2026-10-04T16:23:11.471+07:00 DEBUG 17432 --- [           main] .m.m.a.ExceptionHandlerExceptionResolver : ControllerAdvice beans: 1 @ExceptionHandler, 1 ResponseBodyAdvice
2026-10-04T16:23:11.472+07:00  INFO 17432 --- [           main] o.s.mock.web.MockServletContext          : Initializing Spring TestDispatcherServlet ''
2026-10-04T16:23:11.472+07:00  INFO 17432 --- [           main] o.s.t.web.servlet.TestDispatcherServlet  : Initializing Servlet ''
2026-10-04T16:23:11.472+07:00  INFO 17432 --- [           main] o.s.t.web.servlet.TestDispatcherServlet  : Completed initialization in 0 ms
2026-10-04T16:23:11.475+07:00 DEBUG 17432 --- [           main] s.w.s.m.m.a.RequestMappingHandlerMapping : Mapped to com.ccnlthd.course_management.controller.EnrollmentController#createEnrollment(EnrollmentRequest)
2026-10-04T16:23:11.479+07:00 DEBUG 17432 --- [           main] m.m.a.RequestResponseBodyMethodProcessor : Read "application/json" to [com.ccnlthd.course_management.dto.request.EnrollmentRequest@392aaeae]
2026-10-04T16:23:11.492+07:00 DEBUG 17432 --- [           main] o.s.w.s.m.m.a.HttpEntityMethodProcessor  : Using 'application/json', given [*/*] and supported [application/json, application/*+json, application/yaml]
2026-10-04T16:23:11.493+07:00 DEBUG 17432 --- [           main] o.s.w.s.m.m.a.HttpEntityMethodProcessor  : Writing [com.ccnlthd.course_management.dto.response.EnrollmentResponse@4b98d218]
2026-10-04T16:23:11.500+07:00 DEBUG 17432 --- [           main] s.w.s.m.m.a.RequestMappingHandlerMapping : Mapped to com.ccnlthd.course_management.controller.EnrollmentController#getAllEnrollments()
2026-10-04T16:23:11.503+07:00 DEBUG 17432 --- [           main] o.s.w.s.m.m.a.HttpEntityMethodProcessor  : Using 'application/json', given [*/*] and supported [application/json, application/*+json, application/yaml]
2026-10-04T16:23:11.504+07:00 DEBUG 17432 --- [           main] o.s.w.s.m.m.a.HttpEntityMethodProcessor  : Writing [[com.ccnlthd.course_management.dto.response.EnrollmentResponse@4b98d218]]
2026-10-04T16:23:11.507+07:00 DEBUG 17432 --- [           main] s.w.s.m.m.a.RequestMappingHandlerMapping : Mapped to com.ccnlthd.course_management.controller.EnrollmentController#getEnrollmentById(Long)
2026-10-04T16:23:11.508+07:00 DEBUG 17432 --- [           main] o.s.w.s.m.m.a.HttpEntityMethodProcessor  : Using 'application/json', given [*/*] and supported [application/json, application/*+json, application/yaml]
2026-10-04T16:23:11.508+07:00 DEBUG 17432 --- [           main] o.s.w.s.m.m.a.HttpEntityMethodProcessor  : Writing [com.ccnlthd.course_management.dto.response.EnrollmentResponse@4b98d218]
2026-10-04T16:23:11.510+07:00 DEBUG 17432 --- [           main] s.w.s.m.m.a.RequestMappingHandlerMapping : Mapped to com.ccnlthd.course_management.controller.EnrollmentController#updateEnrollment(Long, EnrollmentRequest)
2026-10-04T16:23:11.511+07:00 DEBUG 17432 --- [           main] m.m.a.RequestResponseBodyMethodProcessor : Read "application/json" to [com.ccnlthd.course_management.dto.request.EnrollmentRequest@21a9a01d]
2026-10-04T16:23:11.511+07:00 DEBUG 17432 --- [           main] o.s.w.s.m.m.a.HttpEntityMethodProcessor  : Using 'application/json', given [*/*] and supported [application/json, application/*+json, application/yaml]
2026-10-04T16:23:11.513+07:00 DEBUG 17432 --- [           main] o.s.w.s.m.m.a.HttpEntityMethodProcessor  : Writing [com.ccnlthd.course_management.dto.response.EnrollmentResponse@4b98d218]
2026-10-04T16:23:11.513+07:00 DEBUG 17432 --- [           main] s.w.s.m.m.a.RequestMappingHandlerMapping : Mapped to com.ccnlthd.course_management.controller.EnrollmentController#deleteEnrollment(Long)
2026-10-04T16:23:11.515+07:00 DEBUG 17432 --- [           main] o.s.w.s.m.m.a.HttpEntityMethodProcessor  : Using 'application/json', given [*/*] and supported [application/json, application/*+json, application/yaml]
2026-10-04T16:23:11.515+07:00 DEBUG 17432 --- [           main] o.s.w.s.m.m.a.HttpEntityMethodProcessor  : Nothing to write: null body
[INFO] Tests run: 14, Failures: 0, Errors: 0, Skipped: 0, Time elapsed: 0.422 s -- in com.ccnlthd.course_management.EnrollmentCrudTests
[INFO] Running com.ccnlthd.course_management.GlobalExceptionHandlerTests
2026-10-04T16:23:11.587+07:00 DEBUG 17432 --- [           main] s.w.s.m.m.a.RequestMappingHandlerMapping : 5 mappings in org.springframework.web.servlet.mvc.method.annotation.RequestMappingHandlerMapping
2026-10-04T16:23:11.587+07:00 DEBUG 17432 --- [           main] s.w.s.m.m.a.RequestMappingHandlerAdapter : ControllerAdvice beans: 0 @ModelAttribute, 0 @InitBinder, 2 RequestBodyAdvice, 1 ResponseBodyAdvice
2026-10-04T16:23:11.588+07:00 DEBUG 17432 --- [           main] .m.m.a.ExceptionHandlerExceptionResolver : ControllerAdvice beans: 1 @ExceptionHandler, 1 ResponseBodyAdvice
2026-10-04T16:23:11.588+07:00  INFO 17432 --- [           main] o.s.mock.web.MockServletContext          : Initializing Spring TestDispatcherServlet ''
2026-10-04T16:23:11.588+07:00  INFO 17432 --- [           main] o.s.t.web.servlet.TestDispatcherServlet  : Initializing Servlet ''
2026-10-04T16:23:11.589+07:00  INFO 17432 --- [           main] o.s.t.web.servlet.TestDispatcherServlet  : Completed initialization in 1 ms
2026-10-04T16:23:11.592+07:00 DEBUG 17432 --- [           main] s.w.s.m.m.a.RequestMappingHandlerMapping : Mapped to com.ccnlthd.course_management.controller.CourseController#createCourse(CourseRequest)
2026-10-04T16:23:11.597+07:00 DEBUG 17432 --- [           main] m.m.a.RequestResponseBodyMethodProcessor : Read "application/json" to [com.ccnlthd.course_management.dto.request.CourseRequest@2858d94d]
2026-10-04T16:23:11.610+07:00 DEBUG 17432 --- [           main] .m.m.a.ExceptionHandlerExceptionResolver : Using @ExceptionHandler com.ccnlthd.course_management.exception.GlobalExceptionHandler#handleDataConflict(DataIntegrityViolationException)
2026-10-04T16:23:11.614+07:00 DEBUG 17432 --- [           main] o.s.w.s.m.m.a.HttpEntityMethodProcessor  : Using 'application/json', given [*/*] and supported [application/json, application/*+json, application/yaml]
2026-10-04T16:23:11.615+07:00 DEBUG 17432 --- [           main] o.s.w.s.m.m.a.HttpEntityMethodProcessor  : Writing [com.ccnlthd.course_management.dto.response.ApiResponse@716c2a81]
2026-10-04T16:23:11.624+07:00 DEBUG 17432 --- [           main] .m.m.a.ExceptionHandlerExceptionResolver : Resolved [org.springframework.dao.DataIntegrityViolationException: Internal database detail]
2026-10-04T16:23:11.660+07:00 DEBUG 17432 --- [           main] s.w.s.m.m.a.RequestMappingHandlerMapping : 5 mappings in org.springframework.web.servlet.mvc.method.annotation.RequestMappingHandlerMapping
2026-10-04T16:23:11.661+07:00 DEBUG 17432 --- [           main] s.w.s.m.m.a.RequestMappingHandlerAdapter : ControllerAdvice beans: 0 @ModelAttribute, 0 @InitBinder, 2 RequestBodyAdvice, 1 ResponseBodyAdvice
2026-10-04T16:23:11.663+07:00 DEBUG 17432 --- [           main] .m.m.a.ExceptionHandlerExceptionResolver : ControllerAdvice beans: 1 @ExceptionHandler, 1 ResponseBodyAdvice
2026-10-04T16:23:11.663+07:00  INFO 17432 --- [           main] o.s.mock.web.MockServletContext          : Initializing Spring TestDispatcherServlet ''
2026-10-04T16:23:11.664+07:00  INFO 17432 --- [           main] o.s.t.web.servlet.TestDispatcherServlet  : Initializing Servlet ''
2026-10-04T16:23:11.664+07:00  INFO 17432 --- [           main] o.s.t.web.servlet.TestDispatcherServlet  : Completed initialization in 0 ms
2026-10-04T16:23:11.676+07:00 DEBUG 17432 --- [           main] s.w.s.m.m.a.RequestMappingHandlerMapping : Mapped to com.ccnlthd.course_management.controller.CourseController#createCourse(CourseRequest)
2026-10-04T16:23:11.684+07:00 DEBUG 17432 --- [           main] o.s.web.method.HandlerMethod             : Could not resolve parameter [0] in public org.springframework.http.ResponseEntity<com.ccnlthd.course_management.dto.response.CourseResponse> com.ccnlthd.course_management.controller.CourseController.createCourse(com.ccnlthd.course_management.dto.request.CourseRequest): JSON parse error: Unexpected character ('i' (code 105)): was expecting double-quote to start property name
2026-10-04T16:23:11.684+07:00 DEBUG 17432 --- [           main] .m.m.a.ExceptionHandlerExceptionResolver : Using @ExceptionHandler com.ccnlthd.course_management.exception.GlobalExceptionHandler#handleUnreadableRequest(HttpMessageNotReadableException)
2026-10-04T16:23:11.687+07:00 DEBUG 17432 --- [           main] o.s.w.s.m.m.a.HttpEntityMethodProcessor  : Using 'application/json', given [*/*] and supported [application/json, application/*+json, application/yaml]
2026-10-04T16:23:11.687+07:00 DEBUG 17432 --- [           main] o.s.w.s.m.m.a.HttpEntityMethodProcessor  : Writing [com.ccnlthd.course_management.dto.response.ApiResponse@7974417e]
2026-10-04T16:23:11.689+07:00 DEBUG 17432 --- [           main] .m.m.a.ExceptionHandlerExceptionResolver : Resolved [org.springframework.http.converter.HttpMessageNotReadableException: JSON parse error: Unexpected character ('i' (code 105)): was expecting double-quote to start property name]
2026-10-04T16:23:11.719+07:00 DEBUG 17432 --- [           main] s.w.s.m.m.a.RequestMappingHandlerMapping : 5 mappings in org.springframework.web.servlet.mvc.method.annotation.RequestMappingHandlerMapping
2026-10-04T16:23:11.721+07:00 DEBUG 17432 --- [           main] s.w.s.m.m.a.RequestMappingHandlerAdapter : ControllerAdvice beans: 0 @ModelAttribute, 0 @InitBinder, 2 RequestBodyAdvice, 1 ResponseBodyAdvice
2026-10-04T16:23:11.723+07:00 DEBUG 17432 --- [           main] .m.m.a.ExceptionHandlerExceptionResolver : ControllerAdvice beans: 1 @ExceptionHandler, 1 ResponseBodyAdvice
2026-10-04T16:23:11.723+07:00  INFO 17432 --- [           main] o.s.mock.web.MockServletContext          : Initializing Spring TestDispatcherServlet ''
2026-10-04T16:23:11.723+07:00  INFO 17432 --- [           main] o.s.t.web.servlet.TestDispatcherServlet  : Initializing Servlet ''
2026-10-04T16:23:11.723+07:00  INFO 17432 --- [           main] o.s.t.web.servlet.TestDispatcherServlet  : Completed initialization in 0 ms
2026-10-04T16:23:11.724+07:00 DEBUG 17432 --- [           main] s.w.s.m.m.a.RequestMappingHandlerMapping : Mapped to com.ccnlthd.course_management.controller.CourseController#createCourse(CourseRequest)
2026-10-04T16:23:11.728+07:00 DEBUG 17432 --- [           main] m.m.a.RequestResponseBodyMethodProcessor : Read "application/json" to [com.ccnlthd.course_management.dto.request.CourseRequest@2bcbc231]
2026-10-04T16:23:11.737+07:00 DEBUG 17432 --- [           main] .m.m.a.ExceptionHandlerExceptionResolver : Using @ExceptionHandler com.ccnlthd.course_management.exception.GlobalExceptionHandler#handleValidationException(MethodArgumentNotValidException)
2026-10-04T16:23:11.739+07:00 DEBUG 17432 --- [           main] o.s.w.s.m.m.a.HttpEntityMethodProcessor  : Using 'application/json', given [*/*] and supported [application/json, application/*+json, application/yaml]
2026-10-04T16:23:11.739+07:00 DEBUG 17432 --- [           main] o.s.w.s.m.m.a.HttpEntityMethodProcessor  : Writing [com.ccnlthd.course_management.dto.response.ApiResponse@1a4451cb]
2026-10-04T16:23:11.744+07:00 DEBUG 17432 --- [           main] .m.m.a.ExceptionHandlerExceptionResolver : Resolved [org.springframework.web.bind.MethodArgumentNotValidException: Validation failed for argument [0] in public org.springframework.http.ResponseEntity<com.ccnlthd.course_management.dto.response.CourseResponse> com.ccnlthd.course_management.controller.CourseController.createCourse(com.ccnlthd.course_management.dto.request.CourseRequest) with 5 errors: [Field error in object 'courseRequest' on field 'level': rejected value []; codes [NotBlank.courseRequest.level,NotBlank.level,NotBlank.java.lang.String,NotBlank]; arguments [org.springframework.context.support.DefaultMessageSourceResolvable: codes [courseRequest.level,level]; arguments []; default message [level]]; default message [Course level is required]] [Field error in object 'courseRequest' on field 'price': rejected value [-1]; codes [PositiveOrZero.courseRequest.price,PositiveOrZero.price,PositiveOrZero.java.math.BigDecimal,PositiveOrZero]; arguments [org.springframework.context.support.DefaultMessageSourceResolvable: codes [courseRequest.price,price]; arguments []; default message [price]]; default message [Course price must be zero or positive]] [Field error in object 'courseRequest' on field 'title': rejected value []; codes [NotBlank.courseRequest.title,NotBlank.title,NotBlank.java.lang.String,NotBlank]; arguments [org.springframework.context.support.DefaultMessageSourceResolvable: codes [courseRequest.title,title]; arguments []; default message [title]]; default message [Course title is required]] [Field error in object 'courseRequest' on field 'status': rejected value []; codes [NotBlank.courseRequest.status,NotBlank.status,NotBlank.java.lang.String,NotBlank]; arguments [org.springframework.context.support.DefaultMessageSourceResolvable: codes [courseRequest.status,status]; arguments []; default message [status]]; default message [Course status is required]] [Field error in object 'courseRequest' on field 'categoryId': rejected value [null]; codes [NotNull.courseRequest.categoryId,NotNull.categoryId,NotNull.java.lang.Long,NotNull]; arguments [org.springframework.context.support.DefaultMessageSourceResolvable: codes [courseRequest.categoryId,categoryId]; arguments []; default message [categoryId]]; default message [Category id is required]] ]
2026-10-04T16:23:11.776+07:00 DEBUG 17432 --- [           main] s.w.s.m.m.a.RequestMappingHandlerMapping : 5 mappings in org.springframework.web.servlet.mvc.method.annotation.RequestMappingHandlerMapping
2026-10-04T16:23:11.777+07:00 DEBUG 17432 --- [           main] s.w.s.m.m.a.RequestMappingHandlerAdapter : ControllerAdvice beans: 0 @ModelAttribute, 0 @InitBinder, 2 RequestBodyAdvice, 1 ResponseBodyAdvice
2026-10-04T16:23:11.782+07:00 DEBUG 17432 --- [           main] .m.m.a.ExceptionHandlerExceptionResolver : ControllerAdvice beans: 1 @ExceptionHandler, 1 ResponseBodyAdvice
2026-10-04T16:23:11.783+07:00  INFO 17432 --- [           main] o.s.mock.web.MockServletContext          : Initializing Spring TestDispatcherServlet ''
2026-10-04T16:23:11.783+07:00  INFO 17432 --- [           main] o.s.t.web.servlet.TestDispatcherServlet  : Initializing Servlet ''
2026-10-04T16:23:11.783+07:00  INFO 17432 --- [           main] o.s.t.web.servlet.TestDispatcherServlet  : Completed initialization in 0 ms
2026-10-04T16:23:11.784+07:00 DEBUG 17432 --- [           main] s.w.s.m.m.a.RequestMappingHandlerMapping : Mapped to com.ccnlthd.course_management.controller.CourseController#createCourse(CourseRequest)
2026-10-04T16:23:11.787+07:00 DEBUG 17432 --- [           main] m.m.a.RequestResponseBodyMethodProcessor : Read "application/json" to [com.ccnlthd.course_management.dto.request.CourseRequest@702ce4b0]
2026-10-04T16:23:11.796+07:00 DEBUG 17432 --- [           main] .m.m.a.ExceptionHandlerExceptionResolver : Using @ExceptionHandler com.ccnlthd.course_management.exception.GlobalExceptionHandler#handleUncategorizedException(Exception)
2026-10-04T16:23:11.796+07:00 ERROR 17432 --- [           main] c.c.c.exception.GlobalExceptionHandler   : Unhandled request exception

java.lang.RuntimeException: Database is unavailable
	at com.ccnlthd.course_management.controller.CourseController.createCourse(CourseController.java:51) ~[classes/:na]
	at java.base/jdk.internal.reflect.DirectMethodHandleAccessor.invoke(DirectMethodHandleAccessor.java:103) ~[na:na]
	at java.base/java.lang.reflect.Method.invoke(Method.java:580) ~[na:na]
	at org.springframework.web.method.support.InvocableHandlerMethod.doInvoke(InvocableHandlerMethod.java:252) ~[spring-web-7.0.9.jar:7.0.9]
	at org.springframework.web.method.support.InvocableHandlerMethod.invokeForRequest(InvocableHandlerMethod.java:184) ~[spring-web-7.0.9.jar:7.0.9]
	at org.springframework.web.servlet.mvc.method.annotation.ServletInvocableHandlerMethod.invokeAndHandle(ServletInvocableHandlerMethod.java:117) ~[spring-webmvc-7.0.9.jar:7.0.9]
	at org.springframework.web.servlet.mvc.method.annotation.RequestMappingHandlerAdapter.invokeHandlerMethod(RequestMappingHandlerAdapter.java:934) ~[spring-webmvc-7.0.9.jar:7.0.9]
	at org.springframework.web.servlet.mvc.method.annotation.RequestMappingHandlerAdapter.handleInternal(RequestMappingHandlerAdapter.java:853) ~[spring-webmvc-7.0.9.jar:7.0.9]
	at org.springframework.web.servlet.mvc.method.AbstractHandlerMethodAdapter.handle(AbstractHandlerMethodAdapter.java:86) ~[spring-webmvc-7.0.9.jar:7.0.9]
	at org.springframework.web.servlet.DispatcherServlet.doDispatch(DispatcherServlet.java:963) ~[spring-webmvc-7.0.9.jar:7.0.9]
	at org.springframework.web.servlet.DispatcherServlet.doService(DispatcherServlet.java:866) ~[spring-webmvc-7.0.9.jar:7.0.9]
	at org.springframework.web.servlet.FrameworkServlet.processRequest(FrameworkServlet.java:1000) ~[spring-webmvc-7.0.9.jar:7.0.9]
	at org.springframework.web.servlet.FrameworkServlet.doPost(FrameworkServlet.java:903) ~[spring-webmvc-7.0.9.jar:7.0.9]
	at jakarta.servlet.http.HttpServlet.service(HttpServlet.java:649) ~[tomcat-embed-core-11.0.24.jar:6.1]
	at org.springframework.web.servlet.FrameworkServlet.service(FrameworkServlet.java:874) ~[spring-webmvc-7.0.9.jar:7.0.9]
	at org.springframework.test.web.servlet.TestDispatcherServlet.service(TestDispatcherServlet.java:72) ~[spring-test-7.0.9.jar:7.0.9]
	at jakarta.servlet.http.HttpServlet.service(HttpServlet.java:710) ~[tomcat-embed-core-11.0.24.jar:6.1]
	at org.springframework.mock.web.MockFilterChain$ServletFilterProxy.doFilter(MockFilterChain.java:160) ~[spring-test-7.0.9.jar:7.0.9]
	at org.springframework.mock.web.MockFilterChain.doFilter(MockFilterChain.java:127) ~[spring-test-7.0.9.jar:7.0.9]
	at org.springframework.test.web.servlet.MockMvc.perform(MockMvc.java:199) ~[spring-test-7.0.9.jar:7.0.9]
	at com.ccnlthd.course_management.GlobalExceptionHandlerTests.shouldReturnStandardResponseWhenUnexpectedExceptionOccurs(GlobalExceptionHandlerTests.java:149) ~[test-classes/:na]
	at java.base/jdk.internal.reflect.DirectMethodHandleAccessor.invoke(DirectMethodHandleAccessor.java:103) ~[na:na]
	at java.base/java.lang.reflect.Method.invoke(Method.java:580) ~[na:na]
	at org.junit.platform.commons.util.ReflectionUtils.invokeMethod(ReflectionUtils.java:701) ~[junit-platform-commons-6.0.3.jar:6.0.3]
	at org.junit.platform.commons.support.ReflectionSupport.invokeMethod(ReflectionSupport.java:502) ~[junit-platform-commons-6.0.3.jar:6.0.3]
	at org.junit.jupiter.engine.support.MethodReflectionUtils.invoke(MethodReflectionUtils.java:45) ~[junit-jupiter-engine-6.0.3.jar:6.0.3]
	at org.junit.jupiter.engine.execution.MethodInvocation.proceed(MethodInvocation.java:61) ~[junit-jupiter-engine-6.0.3.jar:6.0.3]
	at org.junit.jupiter.engine.execution.InvocationInterceptorChain$ValidatingInvocation.proceed(InvocationInterceptorChain.java:124) ~[junit-jupiter-engine-6.0.3.jar:6.0.3]
	at org.junit.jupiter.engine.extension.TimeoutExtension.intercept(TimeoutExtension.java:163) ~[junit-jupiter-engine-6.0.3.jar:6.0.3]
	at org.junit.jupiter.engine.extension.TimeoutExtension.interceptTestableMethod(TimeoutExtension.java:148) ~[junit-jupiter-engine-6.0.3.jar:6.0.3]
	at org.junit.jupiter.engine.extension.TimeoutExtension.interceptTestMethod(TimeoutExtension.java:86) ~[junit-jupiter-engine-6.0.3.jar:6.0.3]
	at org.junit.jupiter.engine.execution.InterceptingExecutableInvoker$ReflectiveInterceptorCall.lambda$ofVoidMethod$0(InterceptingExecutableInvoker.java:123) ~[junit-jupiter-engine-6.0.3.jar:6.0.3]
	at org.junit.jupiter.engine.execution.InterceptingExecutableInvoker.lambda$invoke$0(InterceptingExecutableInvoker.java:105) ~[junit-jupiter-engine-6.0.3.jar:6.0.3]
	at org.junit.jupiter.engine.execution.InvocationInterceptorChain$InterceptedInvocation.proceed(InvocationInterceptorChain.java:99) ~[junit-jupiter-engine-6.0.3.jar:6.0.3]
	at org.junit.jupiter.engine.execution.InvocationInterceptorChain.proceed(InvocationInterceptorChain.java:66) ~[junit-jupiter-engine-6.0.3.jar:6.0.3]
	at org.junit.jupiter.engine.execution.InvocationInterceptorChain.chainAndInvoke(InvocationInterceptorChain.java:47) ~[junit-jupiter-engine-6.0.3.jar:6.0.3]
	at org.junit.jupiter.engine.execution.InvocationInterceptorChain.invoke(InvocationInterceptorChain.java:39) ~[junit-jupiter-engine-6.0.3.jar:6.0.3]
	at org.junit.jupiter.engine.execution.InterceptingExecutableInvoker.invoke(InterceptingExecutableInvoker.java:104) ~[junit-jupiter-engine-6.0.3.jar:6.0.3]
	at org.junit.jupiter.engine.execution.InterceptingExecutableInvoker.invoke(InterceptingExecutableInvoker.java:98) ~[junit-jupiter-engine-6.0.3.jar:6.0.3]
	at org.junit.jupiter.engine.execution.InterceptingExecutableInvoker.invokeVoid(InterceptingExecutableInvoker.java:71) ~[junit-jupiter-engine-6.0.3.jar:6.0.3]
	at org.junit.jupiter.engine.descriptor.TestMethodTestDescriptor.lambda$invokeTestMethod$0(TestMethodTestDescriptor.java:219) ~[junit-jupiter-engine-6.0.3.jar:6.0.3]
	at org.junit.platform.engine.support.hierarchical.ThrowableCollector.execute(ThrowableCollector.java:74) ~[junit-platform-engine-6.0.3.jar:6.0.3]
	at org.junit.jupiter.engine.descriptor.TestMethodTestDescriptor.invokeTestMethod(TestMethodTestDescriptor.java:215) ~[junit-jupiter-engine-6.0.3.jar:6.0.3]
	at org.junit.jupiter.engine.descriptor.TestMethodTestDescriptor.execute(TestMethodTestDescriptor.java:157) ~[junit-jupiter-engine-6.0.3.jar:6.0.3]
	at org.junit.jupiter.engine.descriptor.TestMethodTestDescriptor.execute(TestMethodTestDescriptor.java:70) ~[junit-jupiter-engine-6.0.3.jar:6.0.3]
	at org.junit.platform.engine.support.hierarchical.NodeTestTask.lambda$executeRecursively$2(NodeTestTask.java:176) ~[junit-platform-engine-6.0.3.jar:6.0.3]
	at org.junit.platform.engine.support.hierarchical.ThrowableCollector.execute(ThrowableCollector.java:74) ~[junit-platform-engine-6.0.3.jar:6.0.3]
	at org.junit.platform.engine.support.hierarchical.NodeTestTask.lambda$executeRecursively$1(NodeTestTask.java:166) ~[junit-platform-engine-6.0.3.jar:6.0.3]
	at org.junit.platform.engine.support.hierarchical.Node.around(Node.java:138) ~[junit-platform-engine-6.0.3.jar:6.0.3]
	at org.junit.platform.engine.support.hierarchical.NodeTestTask.lambda$executeRecursively$0(NodeTestTask.java:164) ~[junit-platform-engine-6.0.3.jar:6.0.3]
	at org.junit.platform.engine.support.hierarchical.ThrowableCollector.execute(ThrowableCollector.java:74) ~[junit-platform-engine-6.0.3.jar:6.0.3]
	at org.junit.platform.engine.support.hierarchical.NodeTestTask.executeRecursively(NodeTestTask.java:163) ~[junit-platform-engine-6.0.3.jar:6.0.3]
	at org.junit.platform.engine.support.hierarchical.NodeTestTask.execute(NodeTestTask.java:116) ~[junit-platform-engine-6.0.3.jar:6.0.3]
	at java.base/java.util.ArrayList.forEach(ArrayList.java:1597) ~[na:na]
	at org.junit.platform.engine.support.hierarchical.SameThreadHierarchicalTestExecutorService.invokeAll(SameThreadHierarchicalTestExecutorService.java:42) ~[junit-platform-engine-6.0.3.jar:6.0.3]
	at org.junit.platform.engine.support.hierarchical.NodeTestTask.lambda$executeRecursively$2(NodeTestTask.java:180) ~[junit-platform-engine-6.0.3.jar:6.0.3]
	at org.junit.platform.engine.support.hierarchical.ThrowableCollector.execute(ThrowableCollector.java:74) ~[junit-platform-engine-6.0.3.jar:6.0.3]
	at org.junit.platform.engine.support.hierarchical.NodeTestTask.lambda$executeRecursively$1(NodeTestTask.java:166) ~[junit-platform-engine-6.0.3.jar:6.0.3]
	at org.junit.platform.engine.support.hierarchical.Node.around(Node.java:138) ~[junit-platform-engine-6.0.3.jar:6.0.3]
	at org.junit.platform.engine.support.hierarchical.NodeTestTask.lambda$executeRecursively$0(NodeTestTask.java:164) ~[junit-platform-engine-6.0.3.jar:6.0.3]
	at org.junit.platform.engine.support.hierarchical.ThrowableCollector.execute(ThrowableCollector.java:74) ~[junit-platform-engine-6.0.3.jar:6.0.3]
	at org.junit.platform.engine.support.hierarchical.NodeTestTask.executeRecursively(NodeTestTask.java:163) ~[junit-platform-engine-6.0.3.jar:6.0.3]
	at org.junit.platform.engine.support.hierarchical.NodeTestTask.execute(NodeTestTask.java:116) ~[junit-platform-engine-6.0.3.jar:6.0.3]
	at java.base/java.util.ArrayList.forEach(ArrayList.java:1597) ~[na:na]
	at org.junit.platform.engine.support.hierarchical.SameThreadHierarchicalTestExecutorService.invokeAll(SameThreadHierarchicalTestExecutorService.java:42) ~[junit-platform-engine-6.0.3.jar:6.0.3]
	at org.junit.platform.engine.support.hierarchical.NodeTestTask.lambda$executeRecursively$2(NodeTestTask.java:180) ~[junit-platform-engine-6.0.3.jar:6.0.3]
	at org.junit.platform.engine.support.hierarchical.ThrowableCollector.execute(ThrowableCollector.java:74) ~[junit-platform-engine-6.0.3.jar:6.0.3]
	at org.junit.platform.engine.support.hierarchical.NodeTestTask.lambda$executeRecursively$1(NodeTestTask.java:166) ~[junit-platform-engine-6.0.3.jar:6.0.3]
	at org.junit.platform.engine.support.hierarchical.Node.around(Node.java:138) ~[junit-platform-engine-6.0.3.jar:6.0.3]
	at org.junit.platform.engine.support.hierarchical.NodeTestTask.lambda$executeRecursively$0(NodeTestTask.java:164) ~[junit-platform-engine-6.0.3.jar:6.0.3]
	at org.junit.platform.engine.support.hierarchical.ThrowableCollector.execute(ThrowableCollector.java:74) ~[junit-platform-engine-6.0.3.jar:6.0.3]
	at org.junit.platform.engine.support.hierarchical.NodeTestTask.executeRecursively(NodeTestTask.java:163) ~[junit-platform-engine-6.0.3.jar:6.0.3]
	at org.junit.platform.engine.support.hierarchical.NodeTestTask.execute(NodeTestTask.java:116) ~[junit-platform-engine-6.0.3.jar:6.0.3]
	at org.junit.platform.engine.support.hierarchical.SameThreadHierarchicalTestExecutorService.submit(SameThreadHierarchicalTestExecutorService.java:36) ~[junit-platform-engine-6.0.3.jar:6.0.3]
	at org.junit.platform.engine.support.hierarchical.HierarchicalTestExecutor.execute(HierarchicalTestExecutor.java:52) ~[junit-platform-engine-6.0.3.jar:6.0.3]
	at org.junit.platform.engine.support.hierarchical.HierarchicalTestEngine.execute(HierarchicalTestEngine.java:58) ~[junit-platform-engine-6.0.3.jar:6.0.3]
	at org.junit.platform.launcher.core.EngineExecutionOrchestrator.executeEngine(EngineExecutionOrchestrator.java:246) ~[junit-platform-launcher-6.0.3.jar:6.0.3]
	at org.junit.platform.launcher.core.EngineExecutionOrchestrator.failOrExecuteEngine(EngineExecutionOrchestrator.java:218) ~[junit-platform-launcher-6.0.3.jar:6.0.3]
	at org.junit.platform.launcher.core.EngineExecutionOrchestrator.execute(EngineExecutionOrchestrator.java:179) ~[junit-platform-launcher-6.0.3.jar:6.0.3]
	at org.junit.platform.launcher.core.EngineExecutionOrchestrator.execute(EngineExecutionOrchestrator.java:108) ~[junit-platform-launcher-6.0.3.jar:6.0.3]
	at org.junit.platform.launcher.core.EngineExecutionOrchestrator.lambda$execute$0(EngineExecutionOrchestrator.java:66) ~[junit-platform-launcher-6.0.3.jar:6.0.3]
	at org.junit.platform.launcher.core.EngineExecutionOrchestrator.withInterceptedStreams(EngineExecutionOrchestrator.java:157) ~[junit-platform-launcher-6.0.3.jar:6.0.3]
	at org.junit.platform.launcher.core.EngineExecutionOrchestrator.execute(EngineExecutionOrchestrator.java:65) ~[junit-platform-launcher-6.0.3.jar:6.0.3]
	at org.junit.platform.launcher.core.DefaultLauncher.execute(DefaultLauncher.java:125) ~[junit-platform-launcher-6.0.3.jar:6.0.3]
	at org.junit.platform.launcher.core.DefaultLauncher.execute(DefaultLauncher.java:114) ~[junit-platform-launcher-6.0.3.jar:6.0.3]
	at org.junit.platform.launcher.core.DelegatingLauncher.execute(DelegatingLauncher.java:58) ~[junit-platform-launcher-6.0.3.jar:6.0.3]
	at org.junit.platform.launcher.core.InterceptingLauncher.lambda$execute$2(InterceptingLauncher.java:57) ~[junit-platform-launcher-6.0.3.jar:6.0.3]
	at org.junit.platform.launcher.core.ClasspathAlignmentCheckingLauncherInterceptor.intercept(ClasspathAlignmentCheckingLauncherInterceptor.java:25) ~[junit-platform-launcher-6.0.3.jar:6.0.3]
	at org.junit.platform.launcher.core.InterceptingLauncher.execute(InterceptingLauncher.java:56) ~[junit-platform-launcher-6.0.3.jar:6.0.3]
	at org.junit.platform.launcher.core.DelegatingLauncher.execute(DelegatingLauncher.java:58) ~[junit-platform-launcher-6.0.3.jar:6.0.3]
	at java.base/jdk.internal.reflect.DirectMethodHandleAccessor.invoke(DirectMethodHandleAccessor.java:103) ~[na:na]
	at java.base/java.lang.reflect.Method.invoke(Method.java:580) ~[na:na]
	at org.apache.maven.surefire.api.util.ReflectionUtils.invokeMethodWithArray(ReflectionUtils.java:125) ~[surefire-api-3.5.6.jar:3.5.6]
	at org.apache.maven.surefire.junitplatform.LauncherAdapter.executeWithCancellationToken(LauncherAdapter.java:68) ~[surefire-junit-platform-3.5.6.jar:3.5.6]
	at org.apache.maven.surefire.junitplatform.LauncherAdapter.execute(LauncherAdapter.java:54) ~[surefire-junit-platform-3.5.6.jar:3.5.6]
	at org.apache.maven.surefire.junitplatform.JUnitPlatformProvider.execute(JUnitPlatformProvider.java:203) ~[surefire-junit-platform-3.5.6.jar:3.5.6]
	at org.apache.maven.surefire.junitplatform.JUnitPlatformProvider.invokeAllTests(JUnitPlatformProvider.java:168) ~[surefire-junit-platform-3.5.6.jar:3.5.6]
	at org.apache.maven.surefire.junitplatform.JUnitPlatformProvider.invoke(JUnitPlatformProvider.java:136) ~[surefire-junit-platform-3.5.6.jar:3.5.6]
	at org.apache.maven.surefire.booter.ForkedBooter.runSuitesInProcess(ForkedBooter.java:385) ~[surefire-booter-3.5.6.jar:3.5.6]
	at org.apache.maven.surefire.booter.ForkedBooter.execute(ForkedBooter.java:162) ~[surefire-booter-3.5.6.jar:3.5.6]
	at org.apache.maven.surefire.booter.ForkedBooter.run(ForkedBooter.java:507) ~[surefire-booter-3.5.6.jar:3.5.6]
	at org.apache.maven.surefire.booter.ForkedBooter.main(ForkedBooter.java:495) ~[surefire-booter-3.5.6.jar:3.5.6]

2026-10-04T16:23:11.802+07:00 DEBUG 17432 --- [           main] o.s.w.s.m.m.a.HttpEntityMethodProcessor  : Using 'application/json', given [*/*] and supported [application/json, application/*+json, application/yaml]
2026-10-04T16:23:11.803+07:00 DEBUG 17432 --- [           main] o.s.w.s.m.m.a.HttpEntityMethodProcessor  : Writing [com.ccnlthd.course_management.dto.response.ApiResponse@282ded42]
2026-10-04T16:23:11.804+07:00 DEBUG 17432 --- [           main] .m.m.a.ExceptionHandlerExceptionResolver : Resolved [java.lang.RuntimeException: Database is unavailable]
2026-10-04T16:23:11.827+07:00 DEBUG 17432 --- [           main] s.w.s.m.m.a.RequestMappingHandlerMapping : 5 mappings in org.springframework.web.servlet.mvc.method.annotation.RequestMappingHandlerMapping
2026-10-04T16:23:11.827+07:00 DEBUG 17432 --- [           main] s.w.s.m.m.a.RequestMappingHandlerAdapter : ControllerAdvice beans: 0 @ModelAttribute, 0 @InitBinder, 2 RequestBodyAdvice, 1 ResponseBodyAdvice
2026-10-04T16:23:11.828+07:00 DEBUG 17432 --- [           main] .m.m.a.ExceptionHandlerExceptionResolver : ControllerAdvice beans: 1 @ExceptionHandler, 1 ResponseBodyAdvice
2026-10-04T16:23:11.828+07:00  INFO 17432 --- [           main] o.s.mock.web.MockServletContext          : Initializing Spring TestDispatcherServlet ''
2026-10-04T16:23:11.828+07:00  INFO 17432 --- [           main] o.s.t.web.servlet.TestDispatcherServlet  : Initializing Servlet ''
2026-10-04T16:23:11.829+07:00  INFO 17432 --- [           main] o.s.t.web.servlet.TestDispatcherServlet  : Completed initialization in 1 ms
2026-10-04T16:23:11.830+07:00 DEBUG 17432 --- [           main] s.w.s.m.m.a.RequestMappingHandlerMapping : Mapped to com.ccnlthd.course_management.controller.CourseController#deleteCourse(Long)
2026-10-04T16:23:11.832+07:00 DEBUG 17432 --- [           main] .m.m.a.ExceptionHandlerExceptionResolver : Using @ExceptionHandler com.ccnlthd.course_management.exception.GlobalExceptionHandler#handleAppException(AppException)
2026-10-04T16:23:11.834+07:00 DEBUG 17432 --- [           main] o.s.w.s.m.m.a.HttpEntityMethodProcessor  : Using 'application/json', given [*/*] and supported [application/json, application/*+json, application/yaml]
2026-10-04T16:23:11.834+07:00 DEBUG 17432 --- [           main] o.s.w.s.m.m.a.HttpEntityMethodProcessor  : Writing [com.ccnlthd.course_management.dto.response.ApiResponse@1a29018]
2026-10-04T16:23:11.837+07:00 DEBUG 17432 --- [           main] .m.m.a.ExceptionHandlerExceptionResolver : Resolved [com.ccnlthd.course_management.exception.AppException: Course has enrollments]
2026-10-04T16:23:11.863+07:00 DEBUG 17432 --- [           main] s.w.s.m.m.a.RequestMappingHandlerMapping : 5 mappings in org.springframework.web.servlet.mvc.method.annotation.RequestMappingHandlerMapping
2026-10-04T16:23:11.864+07:00 DEBUG 17432 --- [           main] s.w.s.m.m.a.RequestMappingHandlerAdapter : ControllerAdvice beans: 0 @ModelAttribute, 0 @InitBinder, 2 RequestBodyAdvice, 1 ResponseBodyAdvice
2026-10-04T16:23:11.865+07:00 DEBUG 17432 --- [           main] .m.m.a.ExceptionHandlerExceptionResolver : ControllerAdvice beans: 1 @ExceptionHandler, 1 ResponseBodyAdvice
2026-10-04T16:23:11.865+07:00  INFO 17432 --- [           main] o.s.mock.web.MockServletContext          : Initializing Spring TestDispatcherServlet ''
2026-10-04T16:23:11.865+07:00  INFO 17432 --- [           main] o.s.t.web.servlet.TestDispatcherServlet  : Initializing Servlet ''
2026-10-04T16:23:11.865+07:00  INFO 17432 --- [           main] o.s.t.web.servlet.TestDispatcherServlet  : Completed initialization in 0 ms
2026-10-04T16:23:11.867+07:00 DEBUG 17432 --- [           main] s.w.s.m.m.a.RequestMappingHandlerMapping : Mapped to com.ccnlthd.course_management.controller.CourseController#getCourseById(Long)
2026-10-04T16:23:11.870+07:00 DEBUG 17432 --- [           main] .m.m.a.ExceptionHandlerExceptionResolver : Using @ExceptionHandler com.ccnlthd.course_management.exception.GlobalExceptionHandler#handleAppException(AppException)
2026-10-04T16:23:11.873+07:00 DEBUG 17432 --- [           main] o.s.w.s.m.m.a.HttpEntityMethodProcessor  : Using 'application/json', given [*/*] and supported [application/json, application/*+json, application/yaml]
2026-10-04T16:23:11.874+07:00 DEBUG 17432 --- [           main] o.s.w.s.m.m.a.HttpEntityMethodProcessor  : Writing [com.ccnlthd.course_management.dto.response.ApiResponse@158047e6]
2026-10-04T16:23:11.878+07:00 DEBUG 17432 --- [           main] .m.m.a.ExceptionHandlerExceptionResolver : Resolved [com.ccnlthd.course_management.exception.AppException: Course not found]
2026-10-04T16:23:11.899+07:00 DEBUG 17432 --- [           main] s.w.s.m.m.a.RequestMappingHandlerMapping : 5 mappings in org.springframework.web.servlet.mvc.method.annotation.RequestMappingHandlerMapping
2026-10-04T16:23:11.900+07:00 DEBUG 17432 --- [           main] s.w.s.m.m.a.RequestMappingHandlerAdapter : ControllerAdvice beans: 0 @ModelAttribute, 0 @InitBinder, 2 RequestBodyAdvice, 1 ResponseBodyAdvice
2026-10-04T16:23:11.901+07:00 DEBUG 17432 --- [           main] .m.m.a.ExceptionHandlerExceptionResolver : ControllerAdvice beans: 1 @ExceptionHandler, 1 ResponseBodyAdvice
2026-10-04T16:23:11.901+07:00  INFO 17432 --- [           main] o.s.mock.web.MockServletContext          : Initializing Spring TestDispatcherServlet ''
2026-10-04T16:23:11.901+07:00  INFO 17432 --- [           main] o.s.t.web.servlet.TestDispatcherServlet  : Initializing Servlet ''
2026-10-04T16:23:11.901+07:00  INFO 17432 --- [           main] o.s.t.web.servlet.TestDispatcherServlet  : Completed initialization in 0 ms
2026-10-04T16:23:11.902+07:00 DEBUG 17432 --- [           main] s.w.s.m.m.a.RequestMappingHandlerMapping : Mapped to com.ccnlthd.course_management.controller.CourseController#getCourseById(Long)
2026-10-04T16:23:11.909+07:00 DEBUG 17432 --- [           main] o.s.web.method.HandlerMethod             : Could not resolve parameter [0] in public org.springframework.http.ResponseEntity<com.ccnlthd.course_management.dto.response.CourseResponse> com.ccnlthd.course_management.controller.CourseController.getCourseById(java.lang.Long): Method parameter 'id': Failed to convert value of type 'java.lang.String' to required type 'java.lang.Long'; For input string: "not-a-number"
2026-10-04T16:23:11.910+07:00 DEBUG 17432 --- [           main] .m.m.a.ExceptionHandlerExceptionResolver : Using @ExceptionHandler com.ccnlthd.course_management.exception.GlobalExceptionHandler#handleTypeMismatch(MethodArgumentTypeMismatchException)
2026-10-04T16:23:11.912+07:00 DEBUG 17432 --- [           main] o.s.w.s.m.m.a.HttpEntityMethodProcessor  : Using 'application/json', given [*/*] and supported [application/json, application/*+json, application/yaml]
2026-10-04T16:23:11.913+07:00 DEBUG 17432 --- [           main] o.s.w.s.m.m.a.HttpEntityMethodProcessor  : Writing [com.ccnlthd.course_management.dto.response.ApiResponse@cbcec62]
2026-10-04T16:23:11.916+07:00 DEBUG 17432 --- [           main] .m.m.a.ExceptionHandlerExceptionResolver : Resolved [org.springframework.web.method.annotation.MethodArgumentTypeMismatchException: Method parameter 'id': Failed to convert value of type 'java.lang.String' to required type 'java.lang.Long'; For input string: "not-a-number"]
[INFO] Tests run: 7, Failures: 0, Errors: 0, Skipped: 0, Time elapsed: 0.371 s -- in com.ccnlthd.course_management.GlobalExceptionHandlerTests
[INFO] Running com.ccnlthd.course_management.RepositoryIntegrationTests
2026-10-04T16:23:11.936+07:00  INFO 17432 --- [           main] t.c.s.AnnotationConfigContextLoaderUtils : Could not detect default configuration classes for test class [com.ccnlthd.course_management.RepositoryIntegrationTests]: RepositoryIntegrationTests does not declare any static, non-private, non-final, nested classes annotated with @Configuration.
2026-10-04T16:23:11.939+07:00 DEBUG 17432 --- [           main] .b.t.c.SpringBootTestContextBootstrapper : Using ContextCustomizerFactory implementations for test class [RepositoryIntegrationTests]: [SpringBootTestRandomPortContextCustomizerFactory, ImportsContextCustomizerFactory, PropertyMappingContextCustomizerFactory, ExcludeFilterContextCustomizerFactory, TypeExcludeFiltersContextCustomizerFactory, DisableReactorResourceFactoryGlobalResourcesContextCustomizerFactory, DuplicateJsonObjectContextCustomizerFactory, OnFailureConditionReportContextCustomizerFactory, OverrideAutoConfigurationContextCustomizerFactory, BeanOverrideContextCustomizerFactory, MockServerContainerContextCustomizerFactory, DynamicPropertiesContextCustomizerFactory, WebDriverContextCustomizerFactory, ServiceConnectionContextCustomizerFactory]
2026-10-04T16:23:11.955+07:00 DEBUG 17432 --- [           main] .b.t.c.SpringBootTestContextBootstrapper : Using ContextCustomizers for test class [RepositoryIntegrationTests]: [SpringBootTestRandomPortContextCustomizer, PropertyMappingContextCustomizer, ExcludeFilterContextCustomizer, DuplicateJsonObjectContextCustomizer, OnFailureConditionReportContextCustomizer, DynamicPropertiesContextCustomizer, WebDriverContextCustomizer, ServiceConnectionContextCustomizer]
2026-10-04T16:23:11.956+07:00  INFO 17432 --- [           main] .b.t.c.SpringBootTestContextBootstrapper : Found @SpringBootConfiguration com.ccnlthd.course_management.CourseManagementApplication for test class com.ccnlthd.course_management.RepositoryIntegrationTests
2026-10-04T16:23:11.957+07:00  INFO 17432 --- [           main] t.c.s.AnnotationConfigContextLoaderUtils : Could not detect default configuration classes for test class [com.ccnlthd.course_management.RepositoryIntegrationTests]: RepositoryIntegrationTests does not declare any static, non-private, non-final, nested classes annotated with @Configuration.
2026-10-04T16:23:11.958+07:00 DEBUG 17432 --- [           main] .b.t.c.SpringBootTestContextBootstrapper : Using ContextCustomizerFactory implementations for test class [RepositoryIntegrationTests]: [SpringBootTestRandomPortContextCustomizerFactory, ImportsContextCustomizerFactory, PropertyMappingContextCustomizerFactory, ExcludeFilterContextCustomizerFactory, TypeExcludeFiltersContextCustomizerFactory, DisableReactorResourceFactoryGlobalResourcesContextCustomizerFactory, DuplicateJsonObjectContextCustomizerFactory, OnFailureConditionReportContextCustomizerFactory, OverrideAutoConfigurationContextCustomizerFactory, BeanOverrideContextCustomizerFactory, MockServerContainerContextCustomizerFactory, DynamicPropertiesContextCustomizerFactory, WebDriverContextCustomizerFactory, ServiceConnectionContextCustomizerFactory]
2026-10-04T16:23:11.970+07:00 DEBUG 17432 --- [           main] .b.t.c.SpringBootTestContextBootstrapper : Using ContextCustomizers for test class [RepositoryIntegrationTests]: [SpringBootTestRandomPortContextCustomizer, PropertyMappingContextCustomizer, ExcludeFilterContextCustomizer, DuplicateJsonObjectContextCustomizer, OnFailureConditionReportContextCustomizer, DynamicPropertiesContextCustomizer, WebDriverContextCustomizer, ServiceConnectionContextCustomizer]
2026-10-04T16:23:11.971+07:00  INFO 17432 --- [           main] .b.t.c.SpringBootTestContextBootstrapper : Found @SpringBootConfiguration com.ccnlthd.course_management.CourseManagementApplication for test class com.ccnlthd.course_management.RepositoryIntegrationTests
2026-10-04T16:23:11.971+07:00 DEBUG 17432 --- [           main] .b.t.c.SpringBootTestContextBootstrapper : Neither @ContextConfiguration nor @ContextHierarchy found for test class [RepositoryIntegrationTests]: using SpringBootContextLoader
2026-10-04T16:23:11.972+07:00 DEBUG 17432 --- [           main] .b.t.c.SpringBootTestContextBootstrapper : Using TestExecutionListeners for test class [RepositoryIntegrationTests]: [ServletTestExecutionListener, DirtiesContextBeforeModesTestExecutionListener, ApplicationEventsTestExecutionListener, BeanOverrideTestExecutionListener, DependencyInjectionTestExecutionListener, DirtiesContextTestExecutionListener, CommonCachesTestExecutionListener, TransactionalTestExecutionListener, SqlScriptsTestExecutionListener, EventPublishingTestExecutionListener, MockitoResetTestExecutionListener, MockMvcPrintOnlyOnFailureTestExecutionListener, WebDriverTestExecutionListener]
2026-10-04T16:23:12.267+07:00 DEBUG 17432 --- [           main] org.hibernate.SQL                        : select c1_0.id,c1_0.created_at,c1_0.description,c1_0.name,c1_0.updated_at from categories c1_0 where upper(c1_0.name)=upper(?)
2026-10-04T16:23:12.285+07:00 DEBUG 17432 --- [           main] org.hibernate.SQL                        : select s1_0.id,s1_0.created_at,s1_0.email,s1_0.full_name,s1_0.phone,s1_0.updated_at from students s1_0 where upper(s1_0.email)=upper(?)
2026-10-04T16:23:12.293+07:00 DEBUG 17432 --- [           main] org.hibernate.SQL                        : select c1_0.id,c1_0.category_id,c1_0.created_at,c1_0.description,c1_0.level,c1_0.price,c1_0.status,c1_0.title,c1_0.updated_at from courses c1_0 where c1_0.category_id=?
2026-10-04T16:23:12.305+07:00 DEBUG 17432 --- [           main] org.hibernate.SQL                        : select c1_0.id,c1_0.category_id,c1_0.created_at,c1_0.description,c1_0.level,c1_0.price,c1_0.status,c1_0.title,c1_0.updated_at from courses c1_0 where upper(c1_0.status)=upper(?)
2026-10-04T16:23:12.326+07:00 DEBUG 17432 --- [           main] org.hibernate.SQL                        : select c1_0.id,c1_0.category_id,c1_0.created_at,c1_0.description,c1_0.level,c1_0.price,c1_0.status,c1_0.title,c1_0.updated_at from courses c1_0 where c1_0.price between ? and ?
2026-10-04T16:23:12.348+07:00 DEBUG 17432 --- [           main] org.hibernate.SQL                        : select c1_0.id,c1_0.category_id,c1_0.created_at,c1_0.description,c1_0.level,c1_0.price,c1_0.status,c1_0.title,c1_0.updated_at from courses c1_0 where lower(c1_0.title) like lower(('%'||?||'%')) escape '' or lower(c1_0.description) like lower(('%'||?||'%')) escape ''
2026-10-04T16:23:12.378+07:00 DEBUG 17432 --- [           main] org.hibernate.SQL                        : select e1_0.id,e1_0.completed_at,e1_0.course_id,c1_0.id,c1_0.category_id,c1_0.created_at,c1_0.description,c1_0.level,c1_0.price,c1_0.status,c1_0.title,c1_0.updated_at,e1_0.enrolled_at,e1_0.status,e1_0.student_id from enrollments e1_0 join courses c1_0 on c1_0.id=e1_0.course_id where e1_0.student_id=?
2026-10-04T16:23:12.392+07:00 DEBUG 17432 --- [           main] org.hibernate.SQL                        : select e1_0.id,e1_0.completed_at,e1_0.course_id,e1_0.enrolled_at,e1_0.status,e1_0.student_id from enrollments e1_0 where e1_0.student_id=? and e1_0.course_id=?
2026-10-04T16:23:12.411+07:00 DEBUG 17432 --- [           main] org.hibernate.SQL                        : select s1_0.id,s1_0.created_at,s1_0.email,s1_0.full_name,s1_0.phone,s1_0.updated_at from students s1_0 where upper(s1_0.email)=upper(?)
2026-10-04T16:23:12.418+07:00 DEBUG 17432 --- [           main] org.hibernate.SQL                        : select c1_0.id,c1_0.category_id,c1_0.created_at,c1_0.description,c1_0.level,c1_0.price,c1_0.status,c1_0.title,c1_0.updated_at from courses c1_0 where c1_0.id=?
2026-10-04T16:23:12.425+07:00 DEBUG 17432 --- [           main] org.hibernate.SQL                        : insert into enrollments (completed_at,course_id,enrolled_at,status,student_id,id) values (?,?,?,?,?,default)
2026-10-04T16:23:12.438+07:00  WARN 17432 --- [           main] org.hibernate.orm.jdbc.error             : HHH000247: ErrorCode: 23505, SQLState: 23505
2026-10-04T16:23:12.439+07:00  WARN 17432 --- [           main] org.hibernate.orm.jdbc.error             : Unique index or primary key violation: "public.uk_enrollment_student_course INDEX public.uk_enrollment_student_course_INDEX_D ON public.enrollments(student_id NULLS FIRST, course_id NULLS FIRST) VALUES ( /* key:1 */ CAST(1 AS BIGINT), CAST(1 AS BIGINT))"; SQL statement:
insert into enrollments (completed_at,course_id,enrolled_at,status,student_id,id) values (?,?,?,?,?,default) [23505-240]
[INFO] Tests run: 2, Failures: 0, Errors: 0, Skipped: 0, Time elapsed: 0.534 s -- in com.ccnlthd.course_management.RepositoryIntegrationTests
[INFO] Running com.ccnlthd.course_management.RequestDtoValidationTests
[INFO] Tests run: 3, Failures: 0, Errors: 0, Skipped: 0, Time elapsed: 0.077 s -- in com.ccnlthd.course_management.RequestDtoValidationTests
[INFO] Running com.ccnlthd.course_management.StudentCrudTests
2026-10-04T16:23:12.749+07:00 DEBUG 17432 --- [           main] s.w.s.m.m.a.RequestMappingHandlerMapping : 5 mappings in org.springframework.web.servlet.mvc.method.annotation.RequestMappingHandlerMapping
2026-10-04T16:23:12.749+07:00 DEBUG 17432 --- [           main] s.w.s.m.m.a.RequestMappingHandlerAdapter : ControllerAdvice beans: 0 @ModelAttribute, 0 @InitBinder, 2 RequestBodyAdvice, 1 ResponseBodyAdvice
2026-10-04T16:23:12.750+07:00 DEBUG 17432 --- [           main] .m.m.a.ExceptionHandlerExceptionResolver : ControllerAdvice beans: 1 @ExceptionHandler, 1 ResponseBodyAdvice
2026-10-04T16:23:12.750+07:00  INFO 17432 --- [           main] o.s.mock.web.MockServletContext          : Initializing Spring TestDispatcherServlet ''
2026-10-04T16:23:12.750+07:00  INFO 17432 --- [           main] o.s.t.web.servlet.TestDispatcherServlet  : Initializing Servlet ''
2026-10-04T16:23:12.751+07:00  INFO 17432 --- [           main] o.s.t.web.servlet.TestDispatcherServlet  : Completed initialization in 1 ms
2026-10-04T16:23:12.754+07:00 DEBUG 17432 --- [           main] s.w.s.m.m.a.RequestMappingHandlerMapping : Mapped to com.ccnlthd.course_management.controller.StudentController#getStudentById(Long)
2026-10-04T16:23:12.757+07:00 DEBUG 17432 --- [           main] .m.m.a.ExceptionHandlerExceptionResolver : Using @ExceptionHandler com.ccnlthd.course_management.exception.GlobalExceptionHandler#handleAppException(AppException)
2026-10-04T16:23:12.761+07:00 DEBUG 17432 --- [           main] o.s.w.s.m.m.a.HttpEntityMethodProcessor  : Using 'application/json', given [*/*] and supported [application/json, application/*+json, application/yaml]
2026-10-04T16:23:12.761+07:00 DEBUG 17432 --- [           main] o.s.w.s.m.m.a.HttpEntityMethodProcessor  : Writing [com.ccnlthd.course_management.dto.response.ApiResponse@34199d1c]
2026-10-04T16:23:12.762+07:00 DEBUG 17432 --- [           main] .m.m.a.ExceptionHandlerExceptionResolver : Resolved [com.ccnlthd.course_management.exception.AppException: Student not found]
2026-10-04T16:23:12.764+07:00 DEBUG 17432 --- [           main] s.w.s.m.m.a.RequestMappingHandlerMapping : Mapped to com.ccnlthd.course_management.controller.StudentController#createStudent(StudentRequest)
2026-10-04T16:23:12.765+07:00 DEBUG 17432 --- [           main] m.m.a.RequestResponseBodyMethodProcessor : Read "application/json" to [com.ccnlthd.course_management.dto.request.StudentRequest@6b8db497]
2026-10-04T16:23:12.780+07:00 DEBUG 17432 --- [           main] .m.m.a.ExceptionHandlerExceptionResolver : Using @ExceptionHandler com.ccnlthd.course_management.exception.GlobalExceptionHandler#handleAppException(AppException)
2026-10-04T16:23:12.780+07:00 DEBUG 17432 --- [           main] o.s.w.s.m.m.a.HttpEntityMethodProcessor  : Using 'application/json', given [*/*] and supported [application/json, application/*+json, application/yaml]
2026-10-04T16:23:12.783+07:00 DEBUG 17432 --- [           main] o.s.w.s.m.m.a.HttpEntityMethodProcessor  : Writing [com.ccnlthd.course_management.dto.response.ApiResponse@1d4aa278]
2026-10-04T16:23:12.783+07:00 DEBUG 17432 --- [           main] .m.m.a.ExceptionHandlerExceptionResolver : Resolved [com.ccnlthd.course_management.exception.AppException: Student email already exists]
2026-10-04T16:23:12.785+07:00 DEBUG 17432 --- [           main] s.w.s.m.m.a.RequestMappingHandlerMapping : Mapped to com.ccnlthd.course_management.controller.StudentController#deleteStudent(Long)
2026-10-04T16:23:12.786+07:00 DEBUG 17432 --- [           main] .m.m.a.ExceptionHandlerExceptionResolver : Using @ExceptionHandler com.ccnlthd.course_management.exception.GlobalExceptionHandler#handleAppException(AppException)
2026-10-04T16:23:12.786+07:00 DEBUG 17432 --- [           main] o.s.w.s.m.m.a.HttpEntityMethodProcessor  : Using 'application/json', given [*/*] and supported [application/json, application/*+json, application/yaml]
2026-10-04T16:23:12.786+07:00 DEBUG 17432 --- [           main] o.s.w.s.m.m.a.HttpEntityMethodProcessor  : Writing [com.ccnlthd.course_management.dto.response.ApiResponse@26be4917]
2026-10-04T16:23:12.788+07:00 DEBUG 17432 --- [           main] .m.m.a.ExceptionHandlerExceptionResolver : Resolved [com.ccnlthd.course_management.exception.AppException: Student has enrollments]
2026-10-04T16:23:12.830+07:00 DEBUG 17432 --- [           main] s.w.s.m.m.a.RequestMappingHandlerMapping : 5 mappings in org.springframework.web.servlet.mvc.method.annotation.RequestMappingHandlerMapping
2026-10-04T16:23:12.830+07:00 DEBUG 17432 --- [           main] s.w.s.m.m.a.RequestMappingHandlerAdapter : ControllerAdvice beans: 0 @ModelAttribute, 0 @InitBinder, 2 RequestBodyAdvice, 1 ResponseBodyAdvice
2026-10-04T16:23:12.831+07:00 DEBUG 17432 --- [           main] .m.m.a.ExceptionHandlerExceptionResolver : ControllerAdvice beans: 1 @ExceptionHandler, 1 ResponseBodyAdvice
2026-10-04T16:23:12.831+07:00  INFO 17432 --- [           main] o.s.mock.web.MockServletContext          : Initializing Spring TestDispatcherServlet ''
2026-10-04T16:23:12.831+07:00  INFO 17432 --- [           main] o.s.t.web.servlet.TestDispatcherServlet  : Initializing Servlet ''
2026-10-04T16:23:12.831+07:00  INFO 17432 --- [           main] o.s.t.web.servlet.TestDispatcherServlet  : Completed initialization in 0 ms
2026-10-04T16:23:12.835+07:00 DEBUG 17432 --- [           main] s.w.s.m.m.a.RequestMappingHandlerMapping : Mapped to com.ccnlthd.course_management.controller.StudentController#createStudent(StudentRequest)
2026-10-04T16:23:12.839+07:00 DEBUG 17432 --- [           main] m.m.a.RequestResponseBodyMethodProcessor : Read "application/json" to [com.ccnlthd.course_management.dto.request.StudentRequest@2bd46f9b]
2026-10-04T16:23:12.846+07:00 DEBUG 17432 --- [           main] o.s.w.s.m.m.a.HttpEntityMethodProcessor  : Using 'application/json', given [*/*] and supported [application/json, application/*+json, application/yaml]
2026-10-04T16:23:12.846+07:00 DEBUG 17432 --- [           main] o.s.w.s.m.m.a.HttpEntityMethodProcessor  : Writing [com.ccnlthd.course_management.dto.response.StudentResponse@38c55d27]
2026-10-04T16:23:12.850+07:00 DEBUG 17432 --- [           main] s.w.s.m.m.a.RequestMappingHandlerMapping : Mapped to com.ccnlthd.course_management.controller.StudentController#getAllStudents()
2026-10-04T16:23:12.853+07:00 DEBUG 17432 --- [           main] o.s.w.s.m.m.a.HttpEntityMethodProcessor  : Using 'application/json', given [*/*] and supported [application/json, application/*+json, application/yaml]
2026-10-04T16:23:12.853+07:00 DEBUG 17432 --- [           main] o.s.w.s.m.m.a.HttpEntityMethodProcessor  : Writing [[com.ccnlthd.course_management.dto.response.StudentResponse@38c55d27]]
2026-10-04T16:23:12.855+07:00 DEBUG 17432 --- [           main] s.w.s.m.m.a.RequestMappingHandlerMapping : Mapped to com.ccnlthd.course_management.controller.StudentController#getStudentById(Long)
2026-10-04T16:23:12.856+07:00 DEBUG 17432 --- [           main] o.s.w.s.m.m.a.HttpEntityMethodProcessor  : Using 'application/json', given [*/*] and supported [application/json, application/*+json, application/yaml]
2026-10-04T16:23:12.857+07:00 DEBUG 17432 --- [           main] o.s.w.s.m.m.a.HttpEntityMethodProcessor  : Writing [com.ccnlthd.course_management.dto.response.StudentResponse@38c55d27]
2026-10-04T16:23:12.860+07:00 DEBUG 17432 --- [           main] s.w.s.m.m.a.RequestMappingHandlerMapping : Mapped to com.ccnlthd.course_management.controller.StudentController#updateStudent(Long, StudentRequest)
2026-10-04T16:23:12.861+07:00 DEBUG 17432 --- [           main] m.m.a.RequestResponseBodyMethodProcessor : Read "application/json" to [com.ccnlthd.course_management.dto.request.StudentRequest@4137d7a8]
2026-10-04T16:23:12.862+07:00 DEBUG 17432 --- [           main] o.s.w.s.m.m.a.HttpEntityMethodProcessor  : Using 'application/json', given [*/*] and supported [application/json, application/*+json, application/yaml]
2026-10-04T16:23:12.862+07:00 DEBUG 17432 --- [           main] o.s.w.s.m.m.a.HttpEntityMethodProcessor  : Writing [com.ccnlthd.course_management.dto.response.StudentResponse@38c55d27]
2026-10-04T16:23:12.863+07:00 DEBUG 17432 --- [           main] s.w.s.m.m.a.RequestMappingHandlerMapping : Mapped to com.ccnlthd.course_management.controller.StudentController#deleteStudent(Long)
2026-10-04T16:23:12.864+07:00 DEBUG 17432 --- [           main] o.s.w.s.m.m.a.HttpEntityMethodProcessor  : Using 'application/json', given [*/*] and supported [application/json, application/*+json, application/yaml]
2026-10-04T16:23:12.864+07:00 DEBUG 17432 --- [           main] o.s.w.s.m.m.a.HttpEntityMethodProcessor  : Nothing to write: null body
2026-10-04T16:23:12.904+07:00 DEBUG 17432 --- [           main] s.w.s.m.m.a.RequestMappingHandlerMapping : 5 mappings in org.springframework.web.servlet.mvc.method.annotation.RequestMappingHandlerMapping
2026-10-04T16:23:12.904+07:00 DEBUG 17432 --- [           main] s.w.s.m.m.a.RequestMappingHandlerAdapter : ControllerAdvice beans: 0 @ModelAttribute, 0 @InitBinder, 2 RequestBodyAdvice, 1 ResponseBodyAdvice
2026-10-04T16:23:12.906+07:00 DEBUG 17432 --- [           main] .m.m.a.ExceptionHandlerExceptionResolver : ControllerAdvice beans: 1 @ExceptionHandler, 1 ResponseBodyAdvice
2026-10-04T16:23:12.906+07:00  INFO 17432 --- [           main] o.s.mock.web.MockServletContext          : Initializing Spring TestDispatcherServlet ''
2026-10-04T16:23:12.906+07:00  INFO 17432 --- [           main] o.s.t.web.servlet.TestDispatcherServlet  : Initializing Servlet ''
2026-10-04T16:23:12.906+07:00  INFO 17432 --- [           main] o.s.t.web.servlet.TestDispatcherServlet  : Completed initialization in 0 ms
2026-10-04T16:23:12.907+07:00 DEBUG 17432 --- [           main] s.w.s.m.m.a.RequestMappingHandlerMapping : Mapped to com.ccnlthd.course_management.controller.StudentController#createStudent(StudentRequest)
2026-10-04T16:23:12.909+07:00 DEBUG 17432 --- [           main] m.m.a.RequestResponseBodyMethodProcessor : Read "application/json" to [com.ccnlthd.course_management.dto.request.StudentRequest@2960dfb7]
2026-10-04T16:23:12.915+07:00 DEBUG 17432 --- [           main] .m.m.a.ExceptionHandlerExceptionResolver : Using @ExceptionHandler com.ccnlthd.course_management.exception.GlobalExceptionHandler#handleValidationException(MethodArgumentNotValidException)
2026-10-04T16:23:12.916+07:00 DEBUG 17432 --- [           main] o.s.w.s.m.m.a.HttpEntityMethodProcessor  : Using 'application/json', given [*/*] and supported [application/json, application/*+json, application/yaml]
2026-10-04T16:23:12.916+07:00 DEBUG 17432 --- [           main] o.s.w.s.m.m.a.HttpEntityMethodProcessor  : Writing [com.ccnlthd.course_management.dto.response.ApiResponse@7b10299c]
2026-10-04T16:23:12.920+07:00 DEBUG 17432 --- [           main] .m.m.a.ExceptionHandlerExceptionResolver : Resolved [org.springframework.web.bind.MethodArgumentNotValidException: Validation failed for argument [0] in public org.springframework.http.ResponseEntity<com.ccnlthd.course_management.dto.response.StudentResponse> com.ccnlthd.course_management.controller.StudentController.createStudent(com.ccnlthd.course_management.dto.request.StudentRequest) with 2 errors: [Field error in object 'studentRequest' on field 'email': rejected value [invalid]; codes [Email.studentRequest.email,Email.email,Email.java.lang.String,Email]; arguments [org.springframework.context.support.DefaultMessageSourceResolvable: codes [studentRequest.email,email]; arguments []; default message [email],[Ljakarta.validation.constraints.Pattern$Flag;@687f2d84,.*]; default message [Student email must be valid]] [Field error in object 'studentRequest' on field 'fullName': rejected value []; codes [NotBlank.studentRequest.fullName,NotBlank.fullName,NotBlank.java.lang.String,NotBlank]; arguments [org.springframework.context.support.DefaultMessageSourceResolvable: codes [studentRequest.fullName,fullName]; arguments []; default message [fullName]]; default message [Student full name is required]] ]
2026-10-04T16:23:12.921+07:00 DEBUG 17432 --- [           main] s.w.s.m.m.a.RequestMappingHandlerMapping : Mapped to com.ccnlthd.course_management.controller.StudentController#updateStudent(Long, StudentRequest)
2026-10-04T16:23:12.922+07:00 DEBUG 17432 --- [           main] m.m.a.RequestResponseBodyMethodProcessor : Read "application/json" to [com.ccnlthd.course_management.dto.request.StudentRequest@2628f294]
2026-10-04T16:23:12.923+07:00 DEBUG 17432 --- [           main] .m.m.a.ExceptionHandlerExceptionResolver : Using @ExceptionHandler com.ccnlthd.course_management.exception.GlobalExceptionHandler#handleValidationException(MethodArgumentNotValidException)
2026-10-04T16:23:12.923+07:00 DEBUG 17432 --- [           main] o.s.w.s.m.m.a.HttpEntityMethodProcessor  : Using 'application/json', given [*/*] and supported [application/json, application/*+json, application/yaml]
2026-10-04T16:23:12.923+07:00 DEBUG 17432 --- [           main] o.s.w.s.m.m.a.HttpEntityMethodProcessor  : Writing [com.ccnlthd.course_management.dto.response.ApiResponse@20c2da14]
2026-10-04T16:23:12.925+07:00 DEBUG 17432 --- [           main] .m.m.a.ExceptionHandlerExceptionResolver : Resolved [org.springframework.web.bind.MethodArgumentNotValidException: Validation failed for argument [1] in public org.springframework.http.ResponseEntity<com.ccnlthd.course_management.dto.response.StudentResponse> com.ccnlthd.course_management.controller.StudentController.updateStudent(java.lang.Long,com.ccnlthd.course_management.dto.request.StudentRequest): [Field error in object 'studentRequest' on field 'email': rejected value [invalid]; codes [Email.studentRequest.email,Email.email,Email.java.lang.String,Email]; arguments [org.springframework.context.support.DefaultMessageSourceResolvable: codes [studentRequest.email,email]; arguments []; default message [email],[Ljakarta.validation.constraints.Pattern$Flag;@687f2d84,.*]; default message [Student email must be valid]] ]
[INFO] Tests run: 11, Failures: 0, Errors: 0, Skipped: 0, Time elapsed: 0.390 s -- in com.ccnlthd.course_management.StudentCrudTests
[INFO] 
[INFO] Results:
[INFO] 
[INFO] Tests run: 71, Failures: 0, Errors: 0, Skipped: 0
[INFO] 
[INFO] ------------------------------------------------------------------------
[INFO] BUILD SUCCESS
[INFO] ------------------------------------------------------------------------
[INFO] Total time:  01:33 min
[INFO] Finished at: 2026-10-04T16:23:13+07:00
[INFO] ------------------------------------------------------------------------
