[INFO] Scanning for projects...
[INFO] 
[INFO] -------------------< com.ccnlthd:course-management >--------------------
[INFO] Building  0.0.1-SNAPSHOT
[INFO]   from pom.xml
[INFO] --------------------------------[ jar ]---------------------------------
[INFO] 
[INFO] --- clean:3.5.0:clean (default-clean) @ course-management ---
[INFO] Deleting C:\Users\user\Desktop\Code\visual code\CCNLTHD\spring-boot-course-management\backend\target
[INFO] 
[INFO] --- resources:3.5.0:resources (default-resources) @ course-management ---
[INFO] Copying 1 resource from src\main\resources to target\classes
[INFO] Copying 1 resource from src\main\resources to target\classes
[INFO] 
[INFO] --- compiler:3.15.0:compile (default-compile) @ course-management ---
[INFO] Recompiling the module because of changed source code.
[INFO] Compiling 38 source files with javac [debug parameters release 21] to target\classes
[INFO] 
[INFO] --- resources:3.5.0:testResources (default-testResources) @ course-management ---
[INFO] Copying 2 resources from src\test\resources to target\test-classes
[INFO] 
[INFO] --- compiler:3.15.0:testCompile (default-testCompile) @ course-management ---
[INFO] Recompiling the module because of changed dependency.
[INFO] Compiling 11 source files with javac [debug parameters release 21] to target\test-classes
[INFO] 
[INFO] --- surefire:3.5.6:test (default-test) @ course-management ---
[INFO] Using auto detected provider org.apache.maven.surefire.junitplatform.JUnitPlatformProvider
[INFO] 
[INFO] -------------------------------------------------------
[INFO]  T E S T S
[INFO] -------------------------------------------------------
[INFO] Running com.ccnlthd.course_management.BusinessExceptionTests
Mockito is currently self-attaching to enable the inline-mock-maker. This will no longer work in future releases of the JDK. Please add Mockito as an agent to your build as described in Mockito's documentation: https://javadoc.io/doc/org.mockito/mockito-core/latest/org.mockito/org/mockito/Mockito.html#0.3
WARNING: A Java agent has been loaded dynamically (C:\Users\user\.m2\repository\net\bytebuddy\byte-buddy-agent\1.18.11\byte-buddy-agent-1.18.11.jar)
WARNING: If a serviceability tool is in use, please run with -XX:+EnableDynamicAgentLoading to hide this warning
WARNING: If a serviceability tool is not in use, please run with -Djdk.instrument.traceUsage for more information
WARNING: Dynamic loading of agents will be disallowed by default in a future release
Java HotSpot(TM) 64-Bit Server VM warning: Sharing is only supported for boot loader classes because bootstrap classpath has been appended
[INFO] Tests run: 3, Failures: 0, Errors: 0, Skipped: 0, Time elapsed: 1.573 s -- in com.ccnlthd.course_management.BusinessExceptionTests
[INFO] Running com.ccnlthd.course_management.CategoryCrudTests
17:07:12.432 [main] INFO org.hibernate.validator.internal.util.Version -- HV000001: Hibernate Validator 9.1.3.Final
17:07:15.459 [main] INFO org.springframework.mock.web.MockServletContext -- Initializing Spring TestDispatcherServlet ''
17:07:15.464 [main] INFO org.springframework.test.web.servlet.TestDispatcherServlet -- Initializing Servlet ''
17:07:15.478 [main] INFO org.springframework.test.web.servlet.TestDispatcherServlet -- Completed initialization in 7 ms
17:07:16.473 [main] INFO org.springframework.mock.web.MockServletContext -- Initializing Spring TestDispatcherServlet ''
17:07:16.474 [main] INFO org.springframework.test.web.servlet.TestDispatcherServlet -- Initializing Servlet ''
17:07:16.474 [main] INFO org.springframework.test.web.servlet.TestDispatcherServlet -- Completed initialization in 0 ms
17:07:16.576 [main] INFO org.springframework.mock.web.MockServletContext -- Initializing Spring TestDispatcherServlet ''
17:07:16.576 [main] INFO org.springframework.test.web.servlet.TestDispatcherServlet -- Initializing Servlet ''
17:07:16.578 [main] INFO org.springframework.test.web.servlet.TestDispatcherServlet -- Completed initialization in 2 ms
[INFO] Tests run: 11, Failures: 0, Errors: 0, Skipped: 0, Time elapsed: 4.528 s -- in com.ccnlthd.course_management.CategoryCrudTests
[INFO] Running com.ccnlthd.course_management.CourseCacheIntegrationTests
17:07:16.832 [main] INFO org.springframework.test.context.support.AnnotationConfigContextLoaderUtils -- Could not detect default configuration classes for test class [com.ccnlthd.course_management.CourseCacheIntegrationTests]: CourseCacheIntegrationTests does not declare any static, non-private, non-final, nested classes annotated with @Configuration.
17:07:16.980 [main] INFO org.testcontainers.images.PullPolicy -- Image pull policy will be performed by: DefaultPullPolicy()
17:07:16.986 [main] INFO org.testcontainers.utility.ImageNameSubstitutor -- Image name substitution will be performed by: DefaultImageNameSubstitutor (composite of 'ConfigurationFileImageNameSubstitutor' and 'PrefixingImageNameSubstitutor')
17:07:17.038 [main] INFO org.testcontainers.DockerClientFactory -- Testcontainers version: 2.0.5
17:07:17.717 [main] INFO org.testcontainers.dockerclient.DockerClientProviderStrategy -- Loaded org.testcontainers.dockerclient.NpipeSocketClientProviderStrategy from ~/.testcontainers.properties, will try it first
17:07:19.218 [main] INFO org.testcontainers.dockerclient.DockerClientProviderStrategy -- Found Docker environment with local Npipe socket (npipe:////./pipe/docker_engine)
17:07:19.221 [main] INFO org.testcontainers.DockerClientFactory -- Docker host IP address is localhost
17:07:19.257 [main] INFO org.testcontainers.DockerClientFactory -- Connected to docker: 
  Server Version: 28.4.0
  API Version: 1.51
  Operating System: Docker Desktop
  Total Memory: 7791 MB
  Labels: 
    com.docker.desktop.address=npipe://\\.\pipe\docker_cli
17:07:19.379 [main] INFO tc.testcontainers/ryuk:0.14.0 -- Creating container for image: testcontainers/ryuk:0.14.0
17:07:19.528 [main] INFO org.testcontainers.utility.RegistryAuthLocator -- Credential helper/store (docker-credential-desktop) does not have credentials for https://index.docker.io/v1/
17:07:19.863 [main] INFO tc.testcontainers/ryuk:0.14.0 -- Container testcontainers/ryuk:0.14.0 is starting: 64016fe139fca51001b1317a91536c5b75a93f44e663945e5ddb744f1f1b3a20
17:07:20.409 [main] INFO tc.testcontainers/ryuk:0.14.0 -- Container testcontainers/ryuk:0.14.0 started in PT1.0303847S
17:07:20.425 [main] INFO org.testcontainers.utility.RyukResourceReaper -- Ryuk started - will monitor and terminate Testcontainers containers on JVM exit
17:07:20.425 [main] INFO org.testcontainers.DockerClientFactory -- Checking the system...
17:07:20.426 [main] INFO org.testcontainers.DockerClientFactory -- ?? Docker server version should be at least 1.6.0
17:07:20.837 [main] INFO org.springframework.boot.test.context.SpringBootTestContextBootstrapper -- Found @SpringBootConfiguration com.ccnlthd.course_management.CourseManagementApplication for test class com.ccnlthd.course_management.CourseCacheIntegrationTests
17:07:20.924 [main] INFO org.springframework.test.context.support.AnnotationConfigContextLoaderUtils -- Could not detect default configuration classes for test class [com.ccnlthd.course_management.CourseCacheIntegrationTests]: CourseCacheIntegrationTests does not declare any static, non-private, non-final, nested classes annotated with @Configuration.
17:07:20.936 [main] INFO org.springframework.boot.test.context.SpringBootTestContextBootstrapper -- Found @SpringBootConfiguration com.ccnlthd.course_management.CourseManagementApplication for test class com.ccnlthd.course_management.CourseCacheIntegrationTests
17:07:20.987 [main] INFO tc.redis:7.4-alpine -- Creating container for image: redis:7.4-alpine
17:07:21.070 [main] INFO tc.redis:7.4-alpine -- Container redis:7.4-alpine is starting: db0eb20e0514b9ded2143e7897c4f8e4b4b2a685c284cc1403f5eeefcf889b19
17:07:21.463 [main] INFO tc.redis:7.4-alpine -- Container redis:7.4-alpine started in PT0.4760356S

  .   ____          _            __ _ _
 /\\ / ___'_ __ _ _(_)_ __  __ _ \ \ \ \
( ( )\___ | '_ | '_| | '_ \/ _` | \ \ \ \
 \\/  ___)| |_)| | | | | || (_| |  ) ) ) )
  '  |____| .__|_| |_|_| |_\__, | / / / /
 =========|_|==============|___/=/_/_/_/

 :: Spring Boot ::                (v4.1.1)

2026-10-04T17:07:22.594+07:00 DEBUG 25480 --- [           main] o.s.b.t.s.c.ConnectionDetailsRegistrar   : Registering 'redisContainerConnectionDetailsForTest' for @ServiceConnection source for CourseCacheIntegrationTests.redis
2026-10-04T17:07:22.645+07:00  INFO 25480 --- [           main] c.c.c.CourseCacheIntegrationTests        : Starting CourseCacheIntegrationTests using Java 22.0.2 with PID 25480 (started by user in C:\Users\user\Desktop\Code\visual code\CCNLTHD\spring-boot-course-management\backend)
2026-10-04T17:07:22.648+07:00  INFO 25480 --- [           main] c.c.c.CourseCacheIntegrationTests        : No active profile set, falling back to 1 default profile: "default"
2026-10-04T17:07:22.650+07:00 DEBUG 25480 --- [           main] o.s.boot.SpringApplication               : Loading source class com.ccnlthd.course_management.CourseManagementApplication
2026-10-04T17:07:22.742+07:00 DEBUG 25480 --- [           main] o.s.w.c.s.GenericWebApplicationContext   : Refreshing org.springframework.web.context.support.GenericWebApplicationContext@568e2d65
2026-10-04T17:07:24.766+07:00  INFO 25480 --- [           main] .s.d.r.c.RepositoryConfigurationDelegate : Multiple Spring Data modules found, entering strict repository configuration mode
2026-10-04T17:07:24.772+07:00  INFO 25480 --- [           main] .s.d.r.c.RepositoryConfigurationDelegate : Bootstrapping Spring Data JPA repositories in DEFAULT mode.
2026-10-04T17:07:24.848+07:00 DEBUG 25480 --- [           main] o.s.b.a.AutoConfigurationPackages        : @EnableAutoConfiguration was declared on a class in the package 'com.ccnlthd.course_management'. Automatic @Repository and @Entity scanning is enabled.
2026-10-04T17:07:25.008+07:00  INFO 25480 --- [           main] .s.d.r.c.RepositoryConfigurationDelegate : Finished Spring Data repository scanning in 204 ms. Found 4 JPA repository interfaces.
2026-10-04T17:07:25.093+07:00  INFO 25480 --- [           main] .s.d.r.c.RepositoryConfigurationDelegate : Multiple Spring Data modules found, entering strict repository configuration mode
2026-10-04T17:07:25.096+07:00  INFO 25480 --- [           main] .s.d.r.c.RepositoryConfigurationDelegate : Bootstrapping Spring Data Redis repositories in DEFAULT mode.
2026-10-04T17:07:25.179+07:00  INFO 25480 --- [           main] .RepositoryConfigurationExtensionSupport : Spring Data Redis - Could not safely identify store assignment for repository candidate interface com.ccnlthd.course_management.repository.CategoryRepository; If you want this repository to be a Redis repository, consider annotating your entities with one of these annotations: org.springframework.data.redis.core.RedisHash (preferred), or consider extending one of the following types with your repository: org.springframework.data.keyvalue.repository.KeyValueRepository
2026-10-04T17:07:25.180+07:00  INFO 25480 --- [           main] .RepositoryConfigurationExtensionSupport : Spring Data Redis - Could not safely identify store assignment for repository candidate interface com.ccnlthd.course_management.repository.CourseRepository; If you want this repository to be a Redis repository, consider annotating your entities with one of these annotations: org.springframework.data.redis.core.RedisHash (preferred), or consider extending one of the following types with your repository: org.springframework.data.keyvalue.repository.KeyValueRepository
2026-10-04T17:07:25.182+07:00  INFO 25480 --- [           main] .RepositoryConfigurationExtensionSupport : Spring Data Redis - Could not safely identify store assignment for repository candidate interface com.ccnlthd.course_management.repository.EnrollmentRepository; If you want this repository to be a Redis repository, consider annotating your entities with one of these annotations: org.springframework.data.redis.core.RedisHash (preferred), or consider extending one of the following types with your repository: org.springframework.data.keyvalue.repository.KeyValueRepository
2026-10-04T17:07:25.183+07:00  INFO 25480 --- [           main] .RepositoryConfigurationExtensionSupport : Spring Data Redis - Could not safely identify store assignment for repository candidate interface com.ccnlthd.course_management.repository.StudentRepository; If you want this repository to be a Redis repository, consider annotating your entities with one of these annotations: org.springframework.data.redis.core.RedisHash (preferred), or consider extending one of the following types with your repository: org.springframework.data.keyvalue.repository.KeyValueRepository
2026-10-04T17:07:25.183+07:00  INFO 25480 --- [           main] .s.d.r.c.RepositoryConfigurationDelegate : Finished Spring Data repository scanning in 60 ms. Found 0 Redis repository interfaces.
2026-10-04T17:07:28.795+07:00  INFO 25480 --- [           main] org.hibernate.orm.jpa                    : HHH008540: Processing PersistenceUnitInfo [name: default]
2026-10-04T17:07:28.953+07:00  INFO 25480 --- [           main] org.hibernate.orm.core                   : HHH000001: Hibernate ORM core version 7.4.5.Final
2026-10-04T17:07:29.692+07:00  INFO 25480 --- [           main] o.s.o.j.p.SpringPersistenceUnitInfo      : No LoadTimeWeaver setup: ignoring JPA class transformer
2026-10-04T17:07:29.810+07:00  INFO 25480 --- [           main] com.zaxxer.hikari.HikariDataSource       : HikariPool-1 - Starting...
2026-10-04T17:07:30.610+07:00  INFO 25480 --- [           main] com.zaxxer.hikari.pool.HikariPool        : HikariPool-1 - Added connection conn0: url=jdbc:h2:mem:course_management user=SA
2026-10-04T17:07:30.619+07:00  INFO 25480 --- [           main] com.zaxxer.hikari.HikariDataSource       : HikariPool-1 - Start completed.
2026-10-04T17:07:30.796+07:00  INFO 25480 --- [           main] org.hibernate.orm.connections.pooling    : HHH10001005: Database info:
	Database JDBC URL [jdbc:h2:mem:course_management]
	Database driver: H2 JDBC Driver
	Database dialect: H2Dialect
	Database version: 2.4.240
	Default catalog/schema: course_management/public
	Autocommit mode: undefined/unknown
	Isolation level: READ_COMMITTED [default READ_COMMITTED]
	JDBC fetch size: 100
	Pool: DataSourceConnectionProvider
	Minimum pool size: undefined/unknown
	Maximum pool size: undefined/unknown
2026-10-04T17:07:33.355+07:00  INFO 25480 --- [           main] org.hibernate.orm.core                   : HHH000489: No JTA platform available (set 'hibernate.transaction.jta.platform' to enable JTA platform integration)
2026-10-04T17:07:33.422+07:00 DEBUG 25480 --- [           main] org.hibernate.SQL                        : drop table if exists categories cascade 
2026-10-04T17:07:33.430+07:00 DEBUG 25480 --- [           main] org.hibernate.SQL                        : drop table if exists courses cascade 
2026-10-04T17:07:33.431+07:00 DEBUG 25480 --- [           main] org.hibernate.SQL                        : drop table if exists enrollments cascade 
2026-10-04T17:07:33.431+07:00 DEBUG 25480 --- [           main] org.hibernate.SQL                        : drop table if exists students cascade 
2026-10-04T17:07:33.459+07:00 DEBUG 25480 --- [           main] org.hibernate.SQL                        : create table categories (created_at timestamp(6) not null, id bigint generated by default as identity, updated_at timestamp(6) not null, name varchar(100) not null unique, description varchar(500), primary key (id))
2026-10-04T17:07:33.520+07:00 DEBUG 25480 --- [           main] org.hibernate.SQL                        : create table courses (price numeric(12,2) not null, category_id bigint not null, created_at timestamp(6) not null, id bigint generated by default as identity, updated_at timestamp(6) not null, level varchar(50), status varchar(50) not null, title varchar(150) not null, description TEXT, primary key (id))
2026-10-04T17:07:33.532+07:00 DEBUG 25480 --- [           main] org.hibernate.SQL                        : create table enrollments (completed_at timestamp(6), course_id bigint not null, enrolled_at timestamp(6) not null, id bigint generated by default as identity, student_id bigint not null, status varchar(50) not null, primary key (id), constraint uk_enrollment_student_course unique (student_id, course_id))
2026-10-04T17:07:33.539+07:00 DEBUG 25480 --- [           main] org.hibernate.SQL                        : create table students (created_at timestamp(6) not null, id bigint generated by default as identity, updated_at timestamp(6) not null, phone varchar(20), email varchar(150) not null unique, full_name varchar(150) not null, primary key (id))
2026-10-04T17:07:33.543+07:00 DEBUG 25480 --- [           main] org.hibernate.SQL                        : alter table if exists courses add constraint FK72l5dj585nq7i6xxv1vj51lyn foreign key (category_id) references categories
2026-10-04T17:07:33.581+07:00 DEBUG 25480 --- [           main] org.hibernate.SQL                        : alter table if exists enrollments add constraint FKho8mcicp4196ebpltdn9wl6co foreign key (course_id) references courses
2026-10-04T17:07:33.585+07:00 DEBUG 25480 --- [           main] org.hibernate.SQL                        : alter table if exists enrollments add constraint FK8kf1u1857xgo56xbfmnif2c51 foreign key (student_id) references students
2026-10-04T17:07:33.592+07:00  INFO 25480 --- [           main] j.LocalContainerEntityManagerFactoryBean : Initialized JPA EntityManagerFactory for persistence unit 'default'
2026-10-04T17:07:34.387+07:00  INFO 25480 --- [           main] o.s.d.j.r.query.QueryEnhancerFactories   : Hibernate is in classpath; If applicable, HQL parser will be used.
2026-10-04T17:07:38.225+07:00  WARN 25480 --- [           main] JpaBaseConfiguration$JpaWebConfiguration : spring.jpa.open-in-view is enabled by default. Therefore, database queries may be performed during view rendering. Explicitly configure spring.jpa.open-in-view to disable this warning
2026-10-04T17:07:38.903+07:00 DEBUG 25480 --- [           main] s.w.s.m.m.a.RequestMappingHandlerMapping : 27 mappings in 'requestMappingHandlerMapping'
2026-10-04T17:07:38.990+07:00 DEBUG 25480 --- [           main] o.s.w.s.handler.SimpleUrlHandlerMapping  : Patterns [/webjars/**, /**, /swagger-ui/**, /swagger-ui/*index.html, /swagger-ui/*swagger-initializer.js, /webjars/*swagger-ui/**, /webjars/*swagger-ui/*index.html, /webjars/*swagger-ui/5.32.14/*index.html, /webjars/*swagger-ui/*swagger-initializer.js, /webjars/*swagger-ui/5.32.14/*swagger-initializer.js] in 'resourceHandlerMapping'
2026-10-04T17:07:39.028+07:00 DEBUG 25480 --- [           main] s.w.s.m.m.a.RequestMappingHandlerAdapter : ControllerAdvice beans: 0 @ModelAttribute, 0 @InitBinder, 2 RequestBodyAdvice, 1 ResponseBodyAdvice
2026-10-04T17:07:39.075+07:00 DEBUG 25480 --- [           main] .m.m.a.ExceptionHandlerExceptionResolver : ControllerAdvice beans: 2 @ExceptionHandler, 1 ResponseBodyAdvice
2026-10-04T17:07:40.346+07:00 DEBUG 25480 --- [           main] .s.b.a.l.ConditionEvaluationReportLogger : 


============================
CONDITIONS EVALUATION REPORT
============================


Positive matches:
-----------------

   AopAutoConfiguration matched:
      - @ConditionalOnBooleanProperty (spring.aop.auto=true) matched (OnPropertyCondition)

   AopAutoConfiguration.AspectJAutoProxyingConfiguration matched:
      - @ConditionalOnClass found required class 'org.aspectj.weaver.Advice' (OnClassCondition)

   AopAutoConfiguration.AspectJAutoProxyingConfiguration.CglibAutoProxyConfiguration matched:
      - @ConditionalOnBooleanProperty (spring.aop.proxy-target-class=true) matched (OnPropertyCondition)

   ApplicationAvailabilityAutoConfiguration#applicationAvailability matched:
      - @ConditionalOnMissingBean (types: org.springframework.boot.availability.ApplicationAvailability; SearchStrategy: all) did not find any beans (OnBeanCondition)

   CacheAutoConfiguration matched:
      - @ConditionalOnClass found required class 'org.springframework.cache.CacheManager' (OnClassCondition)
      - @ConditionalOnBean (types: org.springframework.cache.interceptor.CacheAspectSupport; SearchStrategy: all) found bean 'cacheInterceptor'; @ConditionalOnMissingBean (names: cacheResolver types: org.springframework.cache.CacheManager; SearchStrategy: all) did not find any beans (OnBeanCondition)

   CacheAutoConfiguration#cacheManagerCustomizers matched:
      - @ConditionalOnMissingBean (types: org.springframework.boot.cache.autoconfigure.CacheManagerCustomizers; SearchStrategy: all) did not find any beans (OnBeanCondition)

   CacheAutoConfiguration.CacheManagerEntityManagerFactoryDependsOnConfiguration matched:
      - @ConditionalOnClass found required classes 'org.springframework.boot.jpa.autoconfigure.EntityManagerFactoryDependsOnPostProcessor', 'org.springframework.orm.jpa.LocalContainerEntityManagerFactoryBean' (OnClassCondition)
      - @ConditionalOnBean (types: org.springframework.orm.jpa.AbstractEntityManagerFactoryBean; SearchStrategy: all) found bean '&entityManagerFactory' (OnBeanCondition)

   DataJpaRepositoriesAutoConfiguration matched:
      - @ConditionalOnClass found required class 'org.springframework.data.jpa.repository.JpaRepository' (OnClassCondition)
      - @ConditionalOnBooleanProperty (spring.data.jpa.repositories.enabled=true) matched (OnPropertyCondition)
      - @ConditionalOnBean (types: javax.sql.DataSource; SearchStrategy: all) found bean 'dataSource'; @ConditionalOnMissingBean (types: org.springframework.data.jpa.repository.support.JpaRepositoryFactoryBean,org.springframework.data.jpa.repository.config.JpaRepositoryConfigExtension; SearchStrategy: all) did not find any beans (OnBeanCondition)

   DataRedisAnnotationDrivenConfiguration matched:
      - @ConditionalOnClass found required classes 'org.springframework.data.redis.annotation.EnableRedisListeners', 'org.springframework.messaging.Message' (OnClassCondition)

   DataRedisAnnotationDrivenConfiguration#redisMessageListenerContainer matched:
      - @ConditionalOnSingleCandidate (types: org.springframework.data.redis.connection.RedisConnectionFactory; SearchStrategy: all) found a single bean 'redisConnectionFactory'; @ConditionalOnMissingBean (names: redisMessageListenerContainer; SearchStrategy: all) did not find any beans (OnBeanCondition)
      - @ConditionalOnThreading found PLATFORM (OnThreadingCondition)

   DataRedisAnnotationDrivenConfiguration#redisMessageListenerContainerConfigurer matched:
      - @ConditionalOnMissingBean (types: org.springframework.boot.data.redis.autoconfigure.RedisMessageListenerContainerConfigurer; SearchStrategy: all) did not find any beans (OnBeanCondition)

   DataRedisAnnotationDrivenConfiguration.EnableRedisListenersConfiguration matched:
      - @ConditionalOnMissingBean (names: org.springframework.data.redis.config.internalRedisListenerAnnotationProcessor; SearchStrategy: all) did not find any beans (OnBeanCondition)

   DataRedisAutoConfiguration matched:
      - @ConditionalOnClass found required class 'org.springframework.data.redis.core.RedisOperations' (OnClassCondition)

   DataRedisAutoConfiguration#redisTemplate matched:
      - @ConditionalOnSingleCandidate (types: org.springframework.data.redis.connection.RedisConnectionFactory; SearchStrategy: all) found a single bean 'redisConnectionFactory'; @ConditionalOnMissingBean (names: redisTemplate; SearchStrategy: all) did not find any beans (OnBeanCondition)

   DataRedisAutoConfiguration#stringRedisTemplate matched:
      - @ConditionalOnSingleCandidate (types: org.springframework.data.redis.connection.RedisConnectionFactory; SearchStrategy: all) found a single bean 'redisConnectionFactory'; @ConditionalOnMissingBean (types: org.springframework.data.redis.core.StringRedisTemplate; SearchStrategy: all) did not find any beans (OnBeanCondition)

   DataRedisReactiveAutoConfiguration matched:
      - @ConditionalOnClass found required classes 'org.springframework.data.redis.connection.ReactiveRedisConnectionFactory', 'org.springframework.data.redis.core.ReactiveRedisTemplate', 'reactor.core.publisher.Flux' (OnClassCondition)

   DataRedisReactiveAutoConfiguration#reactiveRedisTemplate matched:
      - @ConditionalOnBean (types: org.springframework.data.redis.connection.ReactiveRedisConnectionFactory; SearchStrategy: all) found bean 'redisConnectionFactory'; @ConditionalOnMissingBean (names: reactiveRedisTemplate; SearchStrategy: all) did not find any beans (OnBeanCondition)

   DataRedisReactiveAutoConfiguration#reactiveStringRedisTemplate matched:
      - @ConditionalOnBean (types: org.springframework.data.redis.connection.ReactiveRedisConnectionFactory; SearchStrategy: all) found bean 'redisConnectionFactory'; @ConditionalOnMissingBean (names: reactiveStringRedisTemplate; SearchStrategy: all) did not find any beans (OnBeanCondition)

   DataRedisRepositoriesAutoConfiguration matched:
      - @ConditionalOnClass found required class 'org.springframework.data.redis.repository.configuration.EnableRedisRepositories' (OnClassCondition)
      - @ConditionalOnBooleanProperty (spring.data.redis.repositories.enabled=true) matched (OnPropertyCondition)
      - @ConditionalOnBean (types: org.springframework.data.redis.connection.RedisConnectionFactory; SearchStrategy: all) found bean 'redisConnectionFactory'; @ConditionalOnMissingBean (types: org.springframework.data.redis.repository.support.RedisRepositoryFactoryBean; SearchStrategy: all) did not find any beans (OnBeanCondition)

   DataSourceAutoConfiguration matched:
      - @ConditionalOnClass found required classes 'javax.sql.DataSource', 'org.springframework.jdbc.datasource.embedded.EmbeddedDatabaseType' (OnClassCondition)
      - @ConditionalOnMissingBean (types: io.r2dbc.spi.ConnectionFactory; SearchStrategy: all) did not find any beans (OnBeanCondition)

   DataSourceAutoConfiguration.PooledDataSourceConfiguration matched:
      - AnyNestedCondition 1 matched 1 did not; NestedCondition on DataSourceAutoConfiguration.PooledDataSourceCondition.PooledDataSourceAvailable PooledDataSource found supported DataSource; NestedCondition on DataSourceAutoConfiguration.PooledDataSourceCondition.ExplicitType @ConditionalOnProperty (spring.datasource.type) did not find property 'spring.datasource.type' (DataSourceAutoConfiguration.PooledDataSourceCondition)
      - @ConditionalOnMissingBean (types: javax.sql.DataSource,javax.sql.XADataSource; SearchStrategy: all) did not find any beans (OnBeanCondition)

   DataSourceAutoConfiguration.PooledDataSourceConfiguration#jdbcConnectionDetails matched:
      - @ConditionalOnMissingBean (types: org.springframework.boot.jdbc.autoconfigure.JdbcConnectionDetails; SearchStrategy: all) did not find any beans (OnBeanCondition)

   DataSourceConfiguration.Hikari matched:
      - @ConditionalOnClass found required class 'com.zaxxer.hikari.HikariDataSource' (OnClassCondition)
      - @ConditionalOnProperty (spring.datasource.type=com.zaxxer.hikari.HikariDataSource) matched (OnPropertyCondition)
      - @ConditionalOnMissingBean (types: javax.sql.DataSource; SearchStrategy: all) did not find any beans (OnBeanCondition)

   DataSourceInitializationAutoConfiguration matched:
      - @ConditionalOnClass found required class 'org.springframework.jdbc.datasource.init.DatabasePopulator' (OnClassCondition)
      - SQL InitializationDatabase Initialization spring.sql.init.mode is ALWAYS (OnSqlInitializationCondition)
      - @ConditionalOnSingleCandidate (types: javax.sql.DataSource; SearchStrategy: all) found a single bean 'dataSource'; @ConditionalOnMissingBean (types: org.springframework.boot.sql.autoconfigure.init.ApplicationScriptDatabaseInitializer; SearchStrategy: all) did not find any beans (OnBeanCondition)

   DataSourcePoolMetadataProvidersConfiguration.HikariPoolDataSourceMetadataProviderConfiguration matched:
      - @ConditionalOnClass found required class 'com.zaxxer.hikari.HikariDataSource' (OnClassCondition)

   DataSourceTransactionManagerAutoConfiguration matched:
      - @ConditionalOnClass found required classes 'javax.sql.DataSource', 'org.springframework.jdbc.core.JdbcTemplate', 'org.springframework.transaction.TransactionManager' (OnClassCondition)

   DataSourceTransactionManagerAutoConfiguration.JdbcTransactionManagerConfiguration matched:
      - @ConditionalOnSingleCandidate (types: javax.sql.DataSource; SearchStrategy: all) found a single bean 'dataSource' (OnBeanCondition)

   DataWebAutoConfiguration matched:
      - @ConditionalOnClass found required classes 'org.springframework.data.web.PageableHandlerMethodArgumentResolver', 'org.springframework.web.servlet.config.annotation.WebMvcConfigurer' (OnClassCondition)
      - found 'session' scope (OnWebApplicationCondition)
      - @ConditionalOnMissingBean (types: org.springframework.data.web.PageableHandlerMethodArgumentResolver; SearchStrategy: all) did not find any beans (OnBeanCondition)

   DataWebAutoConfiguration#pageableCustomizer matched:
      - @ConditionalOnMissingBean (types: org.springframework.data.web.config.PageableHandlerMethodArgumentResolverCustomizer; SearchStrategy: all) did not find any beans (OnBeanCondition)

   DataWebAutoConfiguration#sortCustomizer matched:
      - @ConditionalOnMissingBean (types: org.springframework.data.web.config.SortHandlerMethodArgumentResolverCustomizer; SearchStrategy: all) did not find any beans (OnBeanCondition)

   DataWebAutoConfiguration#springDataWebSettings matched:
      - @ConditionalOnMissingBean (types: org.springframework.data.web.config.SpringDataWebSettings; SearchStrategy: all) did not find any beans (OnBeanCondition)

   DispatcherServletAutoConfiguration matched:
      - @ConditionalOnClass found required class 'org.springframework.web.servlet.DispatcherServlet' (OnClassCondition)
      - found 'session' scope (OnWebApplicationCondition)

   DispatcherServletAutoConfiguration.DispatcherServletConfiguration matched:
      - @ConditionalOnClass found required class 'jakarta.servlet.ServletRegistration' (OnClassCondition)
      - Default DispatcherServlet did not find dispatcher servlet beans (DispatcherServletAutoConfiguration.DefaultDispatcherServletCondition)

   DispatcherServletAutoConfiguration.DispatcherServletRegistrationConfiguration matched:
      - @ConditionalOnClass found required class 'jakarta.servlet.ServletRegistration' (OnClassCondition)
      - DispatcherServlet Registration did not find servlet registration bean (DispatcherServletAutoConfiguration.DispatcherServletRegistrationCondition)

   DispatcherServletAutoConfiguration.DispatcherServletRegistrationConfiguration#dispatcherServletRegistration matched:
      - @ConditionalOnBean (names: dispatcherServlet types: org.springframework.web.servlet.DispatcherServlet; SearchStrategy: all) found bean 'dispatcherServlet' (OnBeanCondition)

   ErrorMvcAutoConfiguration matched:
      - @ConditionalOnClass found required classes 'jakarta.servlet.Servlet', 'org.springframework.web.servlet.DispatcherServlet' (OnClassCondition)
      - found 'session' scope (OnWebApplicationCondition)

   ErrorMvcAutoConfiguration#basicErrorController matched:
      - @ConditionalOnMissingBean (types: org.springframework.boot.webmvc.error.ErrorController; SearchStrategy: current) did not find any beans (OnBeanCondition)

   ErrorMvcAutoConfiguration#errorAttributes matched:
      - @ConditionalOnMissingBean (types: org.springframework.boot.webmvc.error.ErrorAttributes; SearchStrategy: current) did not find any beans (OnBeanCondition)

   ErrorMvcAutoConfiguration.DefaultErrorViewResolverConfiguration#conventionErrorViewResolver matched:
      - @ConditionalOnBean (types: org.springframework.web.servlet.DispatcherServlet; SearchStrategy: all) found bean 'dispatcherServlet'; @ConditionalOnMissingBean (types: org.springframework.boot.webmvc.autoconfigure.error.ErrorViewResolver; SearchStrategy: all) did not find any beans (OnBeanCondition)

   ErrorMvcAutoConfiguration.WhitelabelErrorViewConfiguration matched:
      - @ConditionalOnBooleanProperty (spring.web.error.whitelabel.enabled=true) matched (OnPropertyCondition)
      - ErrorTemplate Missing did not find error template view (ErrorMvcAutoConfiguration.ErrorTemplateMissingCondition)

   ErrorMvcAutoConfiguration.WhitelabelErrorViewConfiguration#beanNameViewResolver matched:
      - @ConditionalOnMissingBean (types: org.springframework.web.servlet.view.BeanNameViewResolver; SearchStrategy: all) did not find any beans (OnBeanCondition)

   ErrorMvcAutoConfiguration.WhitelabelErrorViewConfiguration#defaultErrorView matched:
      - @ConditionalOnMissingBean (names: error; SearchStrategy: all) did not find any beans (OnBeanCondition)

   HibernateJpaAutoConfiguration matched:
      - @ConditionalOnClass found required classes 'org.springframework.orm.jpa.LocalContainerEntityManagerFactoryBean', 'jakarta.persistence.EntityManager', 'org.hibernate.engine.spi.SessionImplementor' (OnClassCondition)

   HibernateJpaConfiguration matched:
      - @ConditionalOnSingleCandidate (types: javax.sql.DataSource; SearchStrategy: all) found a single bean 'dataSource' (OnBeanCondition)

   HttpEncodingAutoConfiguration matched:
      - @ConditionalOnClass found required class 'org.springframework.web.filter.CharacterEncodingFilter' (OnClassCondition)
      - found 'session' scope (OnWebApplicationCondition)
      - @ConditionalOnBooleanProperty (spring.servlet.encoding.enabled=true) matched (OnPropertyCondition)

   HttpEncodingAutoConfiguration#characterEncodingFilter matched:
      - @ConditionalOnMissingBean (types: org.springframework.web.filter.CharacterEncodingFilter; SearchStrategy: all) did not find any beans (OnBeanCondition)

   HttpMessageConvertersAutoConfiguration matched:
      - @ConditionalOnClass found required class 'org.springframework.http.converter.HttpMessageConverter' (OnClassCondition)
      - NoneNestedConditions 0 matched 1 did not; NestedCondition on HttpMessageConvertersAutoConfiguration.NotReactiveWebApplicationCondition.ReactiveWebApplication did not find reactive web application classes (HttpMessageConvertersAutoConfiguration.NotReactiveWebApplicationCondition)

   HttpMessageConvertersAutoConfiguration.StringHttpMessageConverterConfiguration#stringHttpMessageConvertersCustomizer matched:
      - @ConditionalOnMissingBean (types: org.springframework.http.converter.StringHttpMessageConverter; SearchStrategy: all) did not find any beans (OnBeanCondition)

   JacksonAutoConfiguration matched:
      - @ConditionalOnClass found required class 'tools.jackson.databind.json.JsonMapper' (OnClassCondition)

   JacksonAutoConfiguration#jacksonJsonMapper matched:
      - @ConditionalOnMissingBean (types: tools.jackson.databind.json.JsonMapper; SearchStrategy: all) did not find any beans (OnBeanCondition)

   JacksonAutoConfiguration#jsonFactory matched:
      - @ConditionalOnMissingBean (types: tools.jackson.core.json.JsonFactory; SearchStrategy: all) did not find any beans (OnBeanCondition)

   JacksonAutoConfiguration#jsonMapperBuilder matched:
      - @ConditionalOnMissingBean (types: tools.jackson.databind.json.JsonMapper$Builder; SearchStrategy: all) did not find any beans (OnBeanCondition)

   JacksonAutoConfiguration.JsonProblemDetailsConfiguration matched:
      - @ConditionalOnClass found required class 'org.springframework.http.ProblemDetail' (OnClassCondition)

   JacksonHttpMessageConvertersConfiguration.JacksonJsonHttpMessageConverterConfiguration matched:
      - @ConditionalOnClass found required class 'tools.jackson.databind.json.JsonMapper' (OnClassCondition)
      - @ConditionalOnProperty (spring.http.converters.preferred-json-mapper=jackson) matched (OnPropertyCondition)
      - @ConditionalOnBean (types: tools.jackson.databind.json.JsonMapper; SearchStrategy: all) found bean 'jacksonJsonMapper' (OnBeanCondition)

   JacksonHttpMessageConvertersConfiguration.JacksonJsonHttpMessageConverterConfiguration#jacksonJsonHttpMessageConvertersCustomizer matched:
      - @ConditionalOnMissingBean (types: org.springframework.http.converter.json.JacksonJsonHttpMessageConverter ignored: org.springframework.hateoas.server.mvc.TypeConstrainedJacksonJsonHttpMessageConverter,org.springframework.data.rest.webmvc.alps.AlpsJacksonJsonHttpMessageConverter; SearchStrategy: all) did not find any beans (OnBeanCondition)

   JdbcClientAutoConfiguration matched:
      - @ConditionalOnSingleCandidate (types: org.springframework.jdbc.core.namedparam.NamedParameterJdbcTemplate; SearchStrategy: all) found a single bean 'namedParameterJdbcTemplate'; @ConditionalOnMissingBean (types: org.springframework.jdbc.core.simple.JdbcClient; SearchStrategy: all) did not find any beans (OnBeanCondition)

   JdbcTemplateAutoConfiguration matched:
      - @ConditionalOnClass found required classes 'javax.sql.DataSource', 'org.springframework.jdbc.core.JdbcTemplate' (OnClassCondition)
      - @ConditionalOnSingleCandidate (types: javax.sql.DataSource; SearchStrategy: all) found a single bean 'dataSource' (OnBeanCondition)

   JdbcTemplateConfiguration matched:
      - @ConditionalOnMissingBean (types: org.springframework.jdbc.core.JdbcOperations; SearchStrategy: all) did not find any beans (OnBeanCondition)

   JpaBaseConfiguration#entityManagerFactory matched:
      - @ConditionalOnMissingBean (types: org.springframework.orm.jpa.LocalContainerEntityManagerFactoryBean,jakarta.persistence.EntityManagerFactory; SearchStrategy: all) did not find any beans (OnBeanCondition)

   JpaBaseConfiguration#entityManagerFactoryBuilder matched:
      - @ConditionalOnMissingBean (types: org.springframework.boot.jpa.EntityManagerFactoryBuilder; SearchStrategy: all) did not find any beans (OnBeanCondition)

   JpaBaseConfiguration#jpaVendorAdapter matched:
      - @ConditionalOnMissingBean (types: org.springframework.orm.jpa.JpaVendorAdapter; SearchStrategy: all) did not find any beans (OnBeanCondition)

   JpaBaseConfiguration#transactionManager matched:
      - @ConditionalOnMissingBean (types: org.springframework.transaction.TransactionManager; SearchStrategy: all) did not find any beans (OnBeanCondition)

   JpaBaseConfiguration.JpaWebConfiguration matched:
      - @ConditionalOnClass found required class 'org.springframework.web.servlet.config.annotation.WebMvcConfigurer' (OnClassCondition)
      - found 'session' scope (OnWebApplicationCondition)
      - @ConditionalOnBooleanProperty (spring.jpa.open-in-view=true) matched (OnPropertyCondition)
      - @ConditionalOnMissingBean (types: org.springframework.orm.jpa.support.OpenEntityManagerInViewInterceptor,org.springframework.orm.jpa.support.OpenEntityManagerInViewFilter; SearchStrategy: all) did not find any beans (OnBeanCondition)

   JpaBaseConfiguration.PersistenceManagedTypesConfiguration matched:
      - @ConditionalOnMissingBean (types: org.springframework.orm.jpa.LocalContainerEntityManagerFactoryBean,jakarta.persistence.EntityManagerFactory; SearchStrategy: all) did not find any beans (OnBeanCondition)

   JpaBaseConfiguration.PersistenceManagedTypesConfiguration#persistenceManagedTypes matched:
      - @ConditionalOnMissingBean (types: org.springframework.orm.jpa.persistenceunit.PersistenceManagedTypes; SearchStrategy: all) did not find any beans (OnBeanCondition)

   JtaAutoConfiguration matched:
      - @ConditionalOnClass found required class 'jakarta.transaction.Transaction' (OnClassCondition)
      - @ConditionalOnBooleanProperty (spring.jta.enabled=true) matched (OnPropertyCondition)

   LettuceConnectionConfiguration matched:
      - @ConditionalOnClass found required class 'io.lettuce.core.RedisClient' (OnClassCondition)
      - @ConditionalOnProperty (spring.data.redis.client-type=lettuce) matched (OnPropertyCondition)

   LettuceConnectionConfiguration#lettuceClientResources matched:
      - @ConditionalOnMissingBean (types: io.lettuce.core.resource.ClientResources; SearchStrategy: all) did not find any beans (OnBeanCondition)

   LettuceConnectionConfiguration#redisConnectionFactory matched:
      - @ConditionalOnMissingBean (types: org.springframework.data.redis.connection.RedisConnectionFactory; SearchStrategy: all) did not find any beans (OnBeanCondition)
      - @ConditionalOnThreading found PLATFORM (OnThreadingCondition)

   LifecycleAutoConfiguration#defaultLifecycleProcessor matched:
      - @ConditionalOnMissingBean (names: lifecycleProcessor; SearchStrategy: current) did not find any beans (OnBeanCondition)

   MultipartAutoConfiguration matched:
      - @ConditionalOnClass found required classes 'jakarta.servlet.Servlet', 'org.springframework.web.multipart.support.StandardServletMultipartResolver', 'jakarta.servlet.MultipartConfigElement' (OnClassCondition)
      - found 'session' scope (OnWebApplicationCondition)
      - @ConditionalOnBooleanProperty (spring.servlet.multipart.enabled=true) matched (OnPropertyCondition)

   MultipartAutoConfiguration#multipartConfigElement matched:
      - @ConditionalOnMissingBean (types: jakarta.servlet.MultipartConfigElement; SearchStrategy: all) did not find any beans (OnBeanCondition)

   MultipartAutoConfiguration#multipartResolver matched:
      - @ConditionalOnMissingBean (types: org.springframework.web.multipart.MultipartResolver; SearchStrategy: all) did not find any beans (OnBeanCondition)

   NamedParameterJdbcTemplateConfiguration matched:
      - @ConditionalOnSingleCandidate (types: org.springframework.jdbc.core.JdbcTemplate; SearchStrategy: all) found a single bean 'jdbcTemplate'; @ConditionalOnMissingBean (types: org.springframework.jdbc.core.namedparam.NamedParameterJdbcOperations; SearchStrategy: all) did not find any beans (OnBeanCondition)

   NettyAutoConfiguration matched:
      - @ConditionalOnClass found required class 'io.netty.util.NettyRuntime' (OnClassCondition)

   PersistenceExceptionTranslationAutoConfiguration matched:
      - @ConditionalOnClass found required class 'org.springframework.dao.annotation.PersistenceExceptionTranslationPostProcessor' (OnClassCondition)

   PersistenceExceptionTranslationAutoConfiguration#persistenceExceptionTranslationPostProcessor matched:
      - @ConditionalOnBooleanProperty (spring.persistence.exceptiontranslation.enabled=true) matched (OnPropertyCondition)
      - @ConditionalOnMissingBean (types: org.springframework.dao.annotation.PersistenceExceptionTranslationPostProcessor; SearchStrategy: all) did not find any beans (OnBeanCondition)

   PropertyPlaceholderAutoConfiguration#propertySourcesPlaceholderConfigurer matched:
      - @ConditionalOnMissingBean (types: org.springframework.context.support.PropertySourcesPlaceholderConfigurer; SearchStrategy: current) did not find any beans (OnBeanCondition)

   RedisCacheConfiguration matched:
      - @ConditionalOnClass found required class 'org.springframework.data.redis.connection.RedisConnectionFactory' (OnClassCondition)
      - Cache org.springframework.boot.cache.autoconfigure.RedisCacheConfiguration REDIS cache type (CacheCondition)
      - @ConditionalOnBean (types: org.springframework.data.redis.connection.RedisConnectionFactory; SearchStrategy: all) found bean 'redisConnectionFactory'; @ConditionalOnMissingBean (types: org.springframework.cache.CacheManager; SearchStrategy: all) did not find any beans (OnBeanCondition)

   SpringDocConfigProperties matched:
      - @ConditionalOnProperty (springdoc.api-docs.enabled) matched (OnPropertyCondition)
      - @ConditionalOnBean (types: org.springdoc.core.configuration.SpringDocConfiguration; SearchStrategy: all) found bean 'org.springdoc.core.configuration.SpringDocConfiguration' (OnBeanCondition)

   SpringDocConfiguration matched:
      - @ConditionalOnWebApplication (required) found 'session' scope (OnWebApplicationCondition)
      - @ConditionalOnProperty (springdoc.api-docs.enabled) matched (OnPropertyCondition)

   SpringDocConfiguration#fileSupportConverter matched:
      - @ConditionalOnMissingBean (types: org.springdoc.core.converters.FileSupportConverter; SearchStrategy: all) did not find any beans (OnBeanCondition)

   SpringDocConfiguration#globalOpenApiCustomizer matched:
      - @ConditionalOnMissingBean (names: globalOpenApiCustomizer; SearchStrategy: all) did not find any beans (OnBeanCondition)

   SpringDocConfiguration#initExtraSchemas matched:
      - @ConditionalOnProperty (springdoc.enable-extra-schemas) matched (OnPropertyCondition)

   SpringDocConfiguration#methodParameterPojoExtractor matched:
      - @ConditionalOnMissingBean (types: org.springdoc.core.extractor.MethodParameterPojoExtractor; SearchStrategy: all) did not find any beans (OnBeanCondition)

   SpringDocConfiguration#openAPIBuilder matched:
      - @ConditionalOnMissingBean (types: org.springdoc.core.service.OpenAPIService; SearchStrategy: all) did not find any beans (OnBeanCondition)

   SpringDocConfiguration#operationBuilder matched:
      - @ConditionalOnMissingBean (types: org.springdoc.core.service.OperationService; SearchStrategy: all) did not find any beans (OnBeanCondition)

   SpringDocConfiguration#parameterBuilder matched:
      - @ConditionalOnMissingBean (types: org.springdoc.core.service.GenericParameterService; SearchStrategy: all) did not find any beans (OnBeanCondition)

   SpringDocConfiguration#parameterObjectNamingStrategyCustomizer matched:
      - @ConditionalOnMissingBean (types: org.springdoc.core.customizers.ParameterObjectNamingStrategyCustomizer; SearchStrategy: all) did not find any beans (OnBeanCondition)

   SpringDocConfiguration#polymorphicModelConverter matched:
      - @ConditionalOnProperty (springdoc.model-converters.polymorphic-converter.enabled) matched (OnPropertyCondition)
      - @ConditionalOnMissingBean (types: org.springdoc.core.converters.PolymorphicModelConverter; SearchStrategy: all) did not find any beans (OnBeanCondition)

   SpringDocConfiguration#requestBodyBuilder matched:
      - @ConditionalOnMissingBean (types: org.springdoc.core.service.RequestBodyService; SearchStrategy: all) did not find any beans (OnBeanCondition)

   SpringDocConfiguration#responseSupportConverter matched:
      - @ConditionalOnMissingBean (types: org.springdoc.core.converters.ResponseSupportConverter; SearchStrategy: all) did not find any beans (OnBeanCondition)

   SpringDocConfiguration#schemaPropertyDeprecatingConverter matched:
      - @ConditionalOnProperty (springdoc.model-converters.deprecating-converter.enabled) matched (OnPropertyCondition)
      - @ConditionalOnMissingBean (types: org.springdoc.core.converters.SchemaPropertyDeprecatingConverter; SearchStrategy: all) did not find any beans (OnBeanCondition)

   SpringDocConfiguration#schemaUtils matched:
      - @ConditionalOnMissingBean (types: org.springdoc.core.utils.SchemaUtils; SearchStrategy: all) did not find any beans (OnBeanCondition)

   SpringDocConfiguration#securityParser matched:
      - @ConditionalOnMissingBean (types: org.springdoc.core.service.SecurityService; SearchStrategy: all) did not find any beans (OnBeanCondition)

   SpringDocConfiguration#springDocAppInitializer matched:
      - @ConditionalOnMissingBean (names: springDocAppInitializer; SearchStrategy: all) did not find any beans (OnBeanCondition)

   SpringDocConfiguration#springDocCustomizers matched:
      - @ConditionalOnMissingBean (types: org.springdoc.core.customizers.SpringDocCustomizers; SearchStrategy: all) did not find any beans (OnBeanCondition)

   SpringDocConfiguration#springDocProviders matched:
      - @ConditionalOnMissingBean (types: org.springdoc.core.providers.SpringDocProviders; SearchStrategy: all) did not find any beans (OnBeanCondition)

   SpringDocConfiguration#springdocObjectMapperProvider matched:
      - @ConditionalOnMissingBean (types: org.springdoc.core.providers.ObjectMapperProvider; SearchStrategy: all) did not find any beans (OnBeanCondition)

   SpringDocConfiguration.QuerydslProvider matched:
      - @ConditionalOnClass found required class 'org.springframework.data.querydsl.binding.QuerydslBindingsFactory' (OnClassCondition)

   SpringDocConfiguration.QuerydslProvider#queryDslQuerydslPredicateOperationCustomizer matched:
      - @ConditionalOnMissingBean (types: org.springdoc.core.customizers.QuerydslPredicateOperationCustomizer; SearchStrategy: all) did not find any beans (OnBeanCondition)

   SpringDocConfiguration.SpringDocSpringDataWebPropertiesProvider matched:
      - @ConditionalOnClass found required class 'org.springframework.boot.data.autoconfigure.web.DataWebProperties' (OnClassCondition)

   SpringDocConfiguration.SpringDocSpringDataWebPropertiesProvider#springDataWebPropertiesProvider matched:
      - @ConditionalOnMissingBean (types: org.springdoc.core.providers.SpringDataWebPropertiesProvider; SearchStrategy: all) did not find any beans (OnBeanCondition)

   SpringDocConfiguration.SpringDocWebFluxSupportConfiguration matched:
      - @ConditionalOnClass found required class 'reactor.core.publisher.Flux' (OnClassCondition)

   SpringDocConfiguration.SpringDocWebFluxSupportConfiguration#webFluxSupportConverter matched:
      - @ConditionalOnMissingBean (types: org.springdoc.core.converters.WebFluxSupportConverter; SearchStrategy: all) did not find any beans (OnBeanCondition)

   SpringDocConfiguration.WebConversionServiceConfiguration matched:
      - @ConditionalOnClass found required class 'org.springframework.boot.autoconfigure.web.format.WebConversionService' (OnClassCondition)

   SpringDocPageableConfiguration matched:
      - @ConditionalOnClass found required class 'org.springframework.data.domain.Pageable' (OnClassCondition)
      - @ConditionalOnWebApplication (required) found 'session' scope (OnWebApplicationCondition)
      - @ConditionalOnProperty (springdoc.api-docs.enabled) matched (OnPropertyCondition)
      - @ConditionalOnBean (types: org.springdoc.core.configuration.SpringDocConfiguration; SearchStrategy: all) found bean 'org.springdoc.core.configuration.SpringDocConfiguration' (OnBeanCondition)

   SpringDocPageableConfiguration#dataRestDelegatingMethodParameterCustomizer matched:
      - @ConditionalOnMissingBean (types: org.springdoc.core.customizers.DataRestDelegatingMethodParameterCustomizer; SearchStrategy: all) did not find any beans (OnBeanCondition)

   SpringDocPageableConfiguration#pageOpenAPIConverter matched:
      - @ConditionalOnClass found required classes 'org.springframework.data.web.PagedModel', 'org.springframework.data.web.config.SpringDataWebSettings' (OnClassCondition)
      - @ConditionalOnMissingBean (types: org.springdoc.core.converters.PageOpenAPIConverter; SearchStrategy: all) did not find any beans (OnBeanCondition)

   SpringDocPageableConfiguration#pageableOpenAPIConverter matched:
      - @ConditionalOnProperty (springdoc.model-converters.pageable-converter.enabled) matched (OnPropertyCondition)
      - @ConditionalOnMissingBean (types: org.springdoc.core.converters.PageableOpenAPIConverter; SearchStrategy: all) did not find any beans (OnBeanCondition)

   SpringDocSortConfiguration matched:
      - @ConditionalOnClass found required class 'org.springframework.data.domain.Sort' (OnClassCondition)
      - @ConditionalOnWebApplication (required) found 'session' scope (OnWebApplicationCondition)
      - @ConditionalOnProperty (springdoc.api-docs.enabled) matched (OnPropertyCondition)
      - @ConditionalOnBean (types: org.springdoc.core.configuration.SpringDocConfiguration; SearchStrategy: all) found bean 'org.springdoc.core.configuration.SpringDocConfiguration' (OnBeanCondition)

   SpringDocSortConfiguration#sortOpenAPIConverter matched:
      - @ConditionalOnProperty (springdoc.sort-converter.enabled) matched (OnPropertyCondition)
      - @ConditionalOnMissingBean (types: org.springdoc.core.converters.SortOpenAPIConverter; SearchStrategy: all) did not find any beans (OnBeanCondition)

   SpringDocWebMvcConfiguration matched:
      - found 'session' scope (OnWebApplicationCondition)
      - @ConditionalOnProperty (springdoc.api-docs.enabled) matched (OnPropertyCondition)
      - @ConditionalOnBean (types: org.springdoc.core.configuration.SpringDocConfiguration; SearchStrategy: all) found bean 'org.springdoc.core.configuration.SpringDocConfiguration' (OnBeanCondition)

   SpringDocWebMvcConfiguration#openApiResource matched:
      - @ConditionalOnExpression (#{(${springdoc.use-management-port:false} == false ) and ${springdoc.enable-default-api-docs:true}}) resulted in true (OnExpressionCondition)
      - @ConditionalOnMissingBean (types: org.springdoc.webmvc.api.OpenApiWebMvcResource; SearchStrategy: all) did not find any beans (OnBeanCondition)

   SpringDocWebMvcConfiguration#requestBuilder matched:
      - @ConditionalOnMissingBean (types: org.springdoc.webmvc.core.service.RequestService; SearchStrategy: all) did not find any beans (OnBeanCondition)

   SpringDocWebMvcConfiguration#responseBuilder matched:
      - @ConditionalOnMissingBean (types: org.springdoc.core.service.GenericResponseService; SearchStrategy: all) did not find any beans (OnBeanCondition)

   SpringDocWebMvcConfiguration#springWebProvider matched:
      - @ConditionalOnMissingBean (types: org.springdoc.core.providers.SpringWebProvider; SearchStrategy: all) did not find any beans (OnBeanCondition)

   SpringDocWebMvcConfiguration.SpringDocWebMvcActuatorConfiguration matched:
      - @ConditionalOnClass found required class 'org.springframework.boot.webmvc.actuate.endpoint.web.WebMvcEndpointHandlerMapping' (OnClassCondition)

   SpringDocWebMvcConfiguration.SpringDocWebMvcRouterConfiguration matched:
      - @ConditionalOnClass found required class 'org.springframework.web.servlet.function.RouterFunction' (OnClassCondition)

   SpringDocWebMvcConfiguration.SpringDocWebMvcRouterConfiguration#routerFunctionProvider matched:
      - @ConditionalOnMissingBean (types: org.springdoc.webmvc.core.providers.RouterFunctionWebMvcProvider; SearchStrategy: all) did not find any beans (OnBeanCondition)

   SpringDocWebServerConfiguration.EmbeddedWebServerConfiguration matched:
      - @ConditionalOnClass found required classes 'org.springframework.boot.web.server.context.WebServerInitializedEvent', 'org.springframework.boot.web.server.autoconfigure.ServerProperties' (OnClassCondition)

   SslAutoConfiguration#sslBundleRegistry matched:
      - @ConditionalOnMissingBean (types: org.springframework.boot.ssl.SslBundleRegistry,org.springframework.boot.ssl.SslBundles; SearchStrategy: all) did not find any beans (OnBeanCondition)

   SwaggerConfig matched:
      - found 'session' scope (OnWebApplicationCondition)
      - @ConditionalOnProperty (springdoc.swagger-ui.enabled) matched (OnPropertyCondition)
      - @ConditionalOnBean (types: org.springdoc.core.configuration.SpringDocConfiguration; SearchStrategy: all) found bean 'org.springdoc.core.configuration.SpringDocConfiguration' (OnBeanCondition)

   SwaggerConfig#indexPageTransformer matched:
      - @ConditionalOnMissingBean (types: org.springdoc.webmvc.ui.SwaggerIndexTransformer; SearchStrategy: all) did not find any beans (OnBeanCondition)

   SwaggerConfig#springDocSwaggerInitializer matched:
      - @ConditionalOnProperty (springdoc.use-management-port=false) matched (OnPropertyCondition)
      - @ConditionalOnMissingBean (names: springDocSwaggerInitializer; SearchStrategy: all) did not find any beans (OnBeanCondition)

   SwaggerConfig#swaggerConfigResource matched:
      - @ConditionalOnProperty (springdoc.use-management-port=false) matched (OnPropertyCondition)
      - @ConditionalOnMissingBean (types: org.springdoc.webmvc.ui.SwaggerConfigResource; SearchStrategy: all) did not find any beans (OnBeanCondition)

   SwaggerConfig#swaggerResourceResolver matched:
      - @ConditionalOnMissingBean (types: org.springdoc.webmvc.ui.SwaggerResourceResolver; SearchStrategy: all) did not find any beans (OnBeanCondition)

   SwaggerConfig#swaggerWebMvcConfigurer matched:
      - @ConditionalOnMissingBean (types: org.springdoc.webmvc.ui.SwaggerWebMvcConfigurer; SearchStrategy: all) did not find any beans (OnBeanCondition)

   SwaggerConfig#swaggerWelcome matched:
      - @ConditionalOnProperty (springdoc.use-management-port=false) matched (OnPropertyCondition)
      - @ConditionalOnMissingBean (types: org.springdoc.webmvc.ui.SwaggerWelcomeWebMvc; SearchStrategy: all) did not find any beans (OnBeanCondition)

   SwaggerUiConfigProperties matched:
      - @ConditionalOnProperty (springdoc.swagger-ui.enabled) matched (OnPropertyCondition)
      - @ConditionalOnBean (types: org.springdoc.core.configuration.SpringDocConfiguration; SearchStrategy: all) found bean 'org.springdoc.core.configuration.SpringDocConfiguration' (OnBeanCondition)

   SwaggerUiOAuthProperties matched:
      - @ConditionalOnProperty (springdoc.swagger-ui.enabled) matched (OnPropertyCondition)
      - @ConditionalOnBean (types: org.springdoc.core.configuration.SpringDocConfiguration; SearchStrategy: all) found bean 'org.springdoc.core.configuration.SpringDocConfiguration' (OnBeanCondition)

   TaskExecutionAutoConfiguration matched:
      - @ConditionalOnClass found required class 'org.springframework.scheduling.concurrent.ThreadPoolTaskExecutor' (OnClassCondition)

   TaskExecutorConfigurations.AsyncConfigurerConfiguration matched:
      - @ConditionalOnMissingBean (types: org.springframework.scheduling.annotation.AsyncConfigurer; SearchStrategy: all) did not find any beans (OnBeanCondition)

   TaskExecutorConfigurations.SimpleAsyncTaskExecutorBuilderConfiguration#simpleAsyncTaskExecutorBuilder matched:
      - @ConditionalOnMissingBean (types: org.springframework.boot.task.SimpleAsyncTaskExecutorBuilder; SearchStrategy: all) did not find any beans (OnBeanCondition)
      - @ConditionalOnThreading found PLATFORM (OnThreadingCondition)

   TaskExecutorConfigurations.TaskExecutorConfiguration matched:
      - AnyNestedCondition 1 matched 1 did not; NestedCondition on TaskExecutorConfigurations.OnExecutorCondition.ModelCondition @ConditionalOnProperty (spring.task.execution.mode=force) did not find property 'spring.task.execution.mode'; NestedCondition on TaskExecutorConfigurations.OnExecutorCondition.ExecutorBeanCondition @ConditionalOnMissingBean (types: java.util.concurrent.Executor; SearchStrategy: all) did not find any beans (TaskExecutorConfigurations.OnExecutorCondition)

   TaskExecutorConfigurations.TaskExecutorConfiguration#applicationTaskExecutor matched:
      - @ConditionalOnThreading found PLATFORM (OnThreadingCondition)

   TaskExecutorConfigurations.ThreadPoolTaskExecutorBuilderConfiguration#threadPoolTaskExecutorBuilder matched:
      - @ConditionalOnMissingBean (types: org.springframework.boot.task.ThreadPoolTaskExecutorBuilder; SearchStrategy: all) did not find any beans (OnBeanCondition)

   TaskSchedulingAutoConfiguration matched:
      - @ConditionalOnClass found required class 'org.springframework.scheduling.concurrent.ThreadPoolTaskScheduler' (OnClassCondition)

   TaskSchedulingConfigurations.SimpleAsyncTaskSchedulerBuilderConfiguration#simpleAsyncTaskSchedulerBuilder matched:
      - @ConditionalOnMissingBean (types: org.springframework.boot.task.SimpleAsyncTaskSchedulerBuilder; SearchStrategy: all) did not find any beans (OnBeanCondition)
      - @ConditionalOnThreading found PLATFORM (OnThreadingCondition)

   TaskSchedulingConfigurations.ThreadPoolTaskSchedulerBuilderConfiguration#threadPoolTaskSchedulerBuilder matched:
      - @ConditionalOnMissingBean (types: org.springframework.boot.task.ThreadPoolTaskSchedulerBuilder; SearchStrategy: all) did not find any beans (OnBeanCondition)

   TestcontainersPropertySourceAutoConfiguration matched:
      - @ConditionalOnClass found required class 'org.springframework.test.context.DynamicPropertyRegistry' (OnClassCondition)

   TomcatServletWebServerAutoConfiguration matched:
      - @ConditionalOnClass found required classes 'jakarta.servlet.ServletRequest', 'org.apache.catalina.startup.Tomcat', 'org.apache.coyote.UpgradeProtocol', 'org.springframework.boot.tomcat.servlet.TomcatServletWebServerFactory' (OnClassCondition)
      - found 'session' scope (OnWebApplicationCondition)

   TomcatServletWebServerAutoConfiguration#tomcatServletWebServerFactory matched:
      - @ConditionalOnMissingBean (types: org.springframework.boot.web.server.servlet.ServletWebServerFactory; SearchStrategy: current) did not find any beans (OnBeanCondition)

   TransactionAutoConfiguration matched:
      - @ConditionalOnClass found required class 'org.springframework.transaction.PlatformTransactionManager' (OnClassCondition)

   TransactionAutoConfiguration.TransactionTemplateConfiguration matched:
      - @ConditionalOnSingleCandidate (types: org.springframework.transaction.PlatformTransactionManager; SearchStrategy: all) found a single bean 'transactionManager' (OnBeanCondition)

   TransactionAutoConfiguration.TransactionTemplateConfiguration#transactionTemplate matched:
      - @ConditionalOnMissingBean (types: org.springframework.transaction.support.TransactionOperations; SearchStrategy: all) did not find any beans (OnBeanCondition)

   TransactionManagerCustomizationAutoConfiguration matched:
      - @ConditionalOnClass found required class 'org.springframework.transaction.PlatformTransactionManager' (OnClassCondition)

   TransactionManagerCustomizationAutoConfiguration#platformTransactionManagerCustomizers matched:
      - @ConditionalOnMissingBean (types: org.springframework.boot.transaction.autoconfigure.TransactionManagerCustomizers; SearchStrategy: all) did not find any beans (OnBeanCondition)

   ValidationAutoConfiguration matched:
      - @ConditionalOnClass found required class 'jakarta.validation.executable.ExecutableValidator' (OnClassCondition)
      - @ConditionalOnResource found location classpath:META-INF/services/jakarta.validation.spi.ValidationProvider (OnResourceCondition)

   ValidationAutoConfiguration#defaultValidator matched:
      - @ConditionalOnMissingBean (types: jakarta.validation.Validator; SearchStrategy: all) did not find any beans (OnBeanCondition)

   ValidationAutoConfiguration#methodValidationPostProcessor matched:
      - @ConditionalOnMissingBean (types: org.springframework.validation.beanvalidation.MethodValidationPostProcessor; SearchStrategy: current) did not find any beans (OnBeanCondition)

   WebMvcAutoConfiguration matched:
      - @ConditionalOnClass found required classes 'jakarta.servlet.Servlet', 'org.springframework.web.servlet.DispatcherServlet', 'org.springframework.web.servlet.config.annotation.WebMvcConfigurer' (OnClassCondition)
      - found 'session' scope (OnWebApplicationCondition)
      - @ConditionalOnMissingBean (types: org.springframework.web.servlet.config.annotation.WebMvcConfigurationSupport; SearchStrategy: all) did not find any beans (OnBeanCondition)

   WebMvcAutoConfiguration#formContentFilter matched:
      - @ConditionalOnBooleanProperty (spring.mvc.formcontent.filter.enabled=true) matched (OnPropertyCondition)
      - @ConditionalOnMissingBean (types: org.springframework.web.filter.FormContentFilter; SearchStrategy: all) did not find any beans (OnBeanCondition)

   WebMvcAutoConfiguration.EnableWebMvcConfiguration#flashMapManager matched:
      - @ConditionalOnMissingBean (names: flashMapManager; SearchStrategy: all) did not find any beans (OnBeanCondition)

   WebMvcAutoConfiguration.EnableWebMvcConfiguration#localeResolver matched:
      - @ConditionalOnMissingBean (names: localeResolver; SearchStrategy: all) did not find any beans (OnBeanCondition)

   WebMvcAutoConfiguration.EnableWebMvcConfiguration#viewNameTranslator matched:
      - @ConditionalOnMissingBean (names: viewNameTranslator; SearchStrategy: all) did not find any beans (OnBeanCondition)

   WebMvcAutoConfiguration.ResourceChainCustomizerConfiguration matched:
      - @ConditionalOnEnabledResourceChain found class org.webjars.WebJarVersionLocator (OnEnabledResourceChainCondition)

   WebMvcAutoConfiguration.WebMvcAutoConfigurationAdapter#defaultViewResolver matched:
      - @ConditionalOnMissingBean (types: org.springframework.web.servlet.view.InternalResourceViewResolver; SearchStrategy: all) did not find any beans (OnBeanCondition)

   WebMvcAutoConfiguration.WebMvcAutoConfigurationAdapter#requestContextFilter matched:
      - @ConditionalOnMissingBean (types: org.springframework.web.context.request.RequestContextListener,org.springframework.web.filter.RequestContextFilter; SearchStrategy: all) did not find any beans (OnBeanCondition)

   WebMvcAutoConfiguration.WebMvcAutoConfigurationAdapter#viewResolver matched:
      - @ConditionalOnBean (types: org.springframework.web.servlet.ViewResolver; SearchStrategy: all) found beans 'defaultViewResolver', 'beanNameViewResolver', 'mvcViewResolver'; @ConditionalOnMissingBean (names: viewResolver types: org.springframework.web.servlet.view.ContentNegotiatingViewResolver; SearchStrategy: all) did not find any beans (OnBeanCondition)


Negative matches:
-----------------

   AopAutoConfiguration.AspectJAutoProxyingConfiguration.JdkDynamicAutoProxyConfiguration:
      Did not match:
         - @ConditionalOnBooleanProperty (spring.aop.proxy-target-class=false) did not find property 'spring.aop.proxy-target-class' (OnPropertyCondition)

   AopAutoConfiguration.ClassProxyingConfiguration:
      Did not match:
         - @ConditionalOnMissingClass found unwanted class 'org.aspectj.weaver.Advice' (OnClassCondition)

   Cache2kCacheConfiguration:
      Did not match:
         - @ConditionalOnClass did not find required class 'org.cache2k.Cache2kBuilder' (OnClassCondition)

   CacheMetricsAutoConfiguration:
      Did not match:
         - @ConditionalOnClass did not find required class 'io.micrometer.core.instrument.MeterRegistry' (OnClassCondition)

   CachesEndpointAutoConfiguration:
      Did not match:
         - @ConditionalOnClass did not find required class 'org.springframework.boot.actuate.autoconfigure.endpoint.condition.ConditionalOnAvailableEndpoint' (OnClassCondition)

   CaffeineCacheConfiguration:
      Did not match:
         - @ConditionalOnClass did not find required class 'com.github.benmanes.caffeine.cache.Caffeine' (OnClassCondition)

   CouchbaseCacheConfiguration:
      Did not match:
         - @ConditionalOnClass did not find required class 'com.couchbase.client.java.Cluster' (OnClassCondition)

   DataJpaRepositoriesAutoConfiguration#entityManagerFactoryBootstrapExecutorCustomizer:
      Did not match:
         - @ConditionalOnProperty (spring.data.jpa.repositories.bootstrap-mode=deferred) did not find property 'spring.data.jpa.repositories.bootstrap-mode' (OnPropertyCondition)

   DataRedisAnnotationDrivenConfiguration#redisMessageListenerContainerVirtualThreads:
      Did not match:
         - @ConditionalOnMissingBean (names: redisMessageListenerContainer; SearchStrategy: all) found beans named redisMessageListenerContainer (OnBeanCondition)

   DataRedisAutoConfiguration#redisConnectionDetails:
      Did not match:
         - @ConditionalOnMissingBean (types: org.springframework.boot.data.redis.autoconfigure.DataRedisConnectionDetails; SearchStrategy: all) found beans of type 'org.springframework.boot.data.redis.autoconfigure.DataRedisConnectionDetails' redisContainerConnectionDetailsForTest (OnBeanCondition)

   DataRedisHealthContributorAutoConfiguration:
      Did not match:
         - @ConditionalOnClass did not find required class 'org.springframework.boot.health.autoconfigure.contributor.ConditionalOnEnabledHealthIndicator' (OnClassCondition)

   DataRedisReactiveHealthContributorAutoConfiguration:
      Did not match:
         - @ConditionalOnClass did not find required class 'org.springframework.boot.health.autoconfigure.contributor.ConditionalOnEnabledHealthIndicator' (OnClassCondition)

   DataRepositoryMetricsAutoConfiguration:
      Did not match:
         - @ConditionalOnBean did not find required type 'io.micrometer.core.instrument.MeterRegistry' (OnBeanCondition)

   DataSourceAutoConfiguration.EmbeddedDatabaseConfiguration:
      Did not match:
         - EmbeddedDataSource spring.datasource.url is set (DataSourceAutoConfiguration.EmbeddedDatabaseCondition)

   DataSourceCheckpointRestoreConfiguration:
      Did not match:
         - @ConditionalOnClass did not find required class 'org.crac.Resource' (OnClassCondition)

   DataSourceConfiguration.Dbcp2:
      Did not match:
         - @ConditionalOnClass did not find required class 'org.apache.commons.dbcp2.BasicDataSource' (OnClassCondition)

   DataSourceConfiguration.Generic:
      Did not match:
         - @ConditionalOnProperty (spring.datasource.type) did not find property 'spring.datasource.type' (OnPropertyCondition)

   DataSourceConfiguration.OracleUcp:
      Did not match:
         - @ConditionalOnClass did not find required classes 'oracle.ucp.jdbc.PoolDataSourceImpl', 'oracle.jdbc.OracleConnection' (OnClassCondition)

   DataSourceConfiguration.Tomcat:
      Did not match:
         - @ConditionalOnClass did not find required class 'org.apache.tomcat.jdbc.pool.DataSource' (OnClassCondition)

   DataSourceHealthContributorAutoConfiguration:
      Did not match:
         - @ConditionalOnClass did not find required class 'org.springframework.boot.health.autoconfigure.contributor.ConditionalOnEnabledHealthIndicator' (OnClassCondition)

   DataSourceJmxConfiguration:
      Did not match:
         - @ConditionalOnBooleanProperty (spring.jmx.enabled=true) found different value in property 'spring.jmx.enabled' (OnPropertyCondition)

   DataSourcePoolMetadataProvidersConfiguration.CommonsDbcp2PoolDataSourceMetadataProviderConfiguration:
      Did not match:
         - @ConditionalOnClass did not find required class 'org.apache.commons.dbcp2.BasicDataSource' (OnClassCondition)

   DataSourcePoolMetadataProvidersConfiguration.OracleUcpPoolDataSourceMetadataProviderConfiguration:
      Did not match:
         - @ConditionalOnClass did not find required classes 'oracle.ucp.jdbc.PoolDataSource', 'oracle.jdbc.OracleConnection' (OnClassCondition)

   DataSourcePoolMetadataProvidersConfiguration.TomcatDataSourcePoolMetadataProviderConfiguration:
      Did not match:
         - @ConditionalOnClass did not find required class 'org.apache.tomcat.jdbc.pool.DataSource' (OnClassCondition)

   DataSourcePoolMetricsAutoConfiguration:
      Did not match:
         - @ConditionalOnClass did not find required class 'io.micrometer.core.instrument.MeterRegistry' (OnClassCondition)

   DataSourceTransactionManagerAutoConfiguration.JdbcTransactionManagerConfiguration#transactionManager:
      Did not match:
         - @ConditionalOnMissingBean (types: org.springframework.transaction.TransactionManager; SearchStrategy: all) found beans of type 'org.springframework.transaction.TransactionManager' transactionManager (OnBeanCondition)

   DispatcherServletAutoConfiguration.DispatcherServletConfiguration#multipartResolver:
      Did not match:
         - @ConditionalOnBean (types: org.springframework.web.multipart.MultipartResolver; SearchStrategy: all) did not find any beans of type org.springframework.web.multipart.MultipartResolver (OnBeanCondition)

   GenericCacheConfiguration:
      Did not match:
         - Cache org.springframework.boot.cache.autoconfigure.GenericCacheConfiguration unknown cache type (CacheCondition)

   GsonHttpMessageConvertersConfiguration:
      Did not match:
         - @ConditionalOnClass did not find required class 'com.google.gson.Gson' (OnClassCondition)

   HazelcastCacheConfiguration:
      Did not match:
         - @ConditionalOnClass did not find required class 'com.hazelcast.core.HazelcastInstance' (OnClassCondition)

   HibernateMetricsAutoConfiguration:
      Did not match:
         - @ConditionalOnClass did not find required class 'io.micrometer.core.instrument.MeterRegistry' (OnClassCondition)

   InfinispanCacheConfiguration:
      Did not match:
         - @ConditionalOnClass did not find required class 'org.infinispan.spring.embedded.provider.SpringEmbeddedCacheManager' (OnClassCondition)

   JCacheCacheConfiguration:
      Did not match:
         - @ConditionalOnClass did not find required class 'javax.cache.Caching' (OnClassCondition)

   Jackson2HttpMessageConvertersConfiguration.MappingJackson2HttpMessageConverterConfiguration:
      Did not match:
         - AnyNestedCondition 0 matched 2 did not; NestedCondition on Jackson2HttpMessageConvertersConfiguration.PreferJackson2OrJacksonUnavailableCondition.JacksonUnavailable @ConditionalOnMissingBean (types: org.springframework.boot.http.converter.autoconfigure.JacksonHttpMessageConvertersConfiguration$JacksonJsonHttpMessageConvertersCustomizer; SearchStrategy: all) found beans of type 'org.springframework.boot.http.converter.autoconfigure.JacksonHttpMessageConvertersConfiguration$JacksonJsonHttpMessageConvertersCustomizer' jacksonJsonHttpMessageConvertersCustomizer; NestedCondition on Jackson2HttpMessageConvertersConfiguration.PreferJackson2OrJacksonUnavailableCondition.Jackson2Preferred @ConditionalOnProperty (spring.http.converters.preferred-json-mapper=jackson2) did not find property 'spring.http.converters.preferred-json-mapper' (Jackson2HttpMessageConvertersConfiguration.PreferJackson2OrJacksonUnavailableCondition)
      Matched:
         - @ConditionalOnClass found required class 'com.fasterxml.jackson.databind.ObjectMapper' (OnClassCondition)

   Jackson2HttpMessageConvertersConfiguration.MappingJackson2XmlHttpMessageConverterConfiguration:
      Did not match:
         - @ConditionalOnClass did not find required class 'com.fasterxml.jackson.dataformat.xml.XmlMapper' (OnClassCondition)

   JacksonAutoConfiguration.CborConfiguration:
      Did not match:
         - @ConditionalOnClass did not find required class 'tools.jackson.dataformat.cbor.CBORMapper' (OnClassCondition)

   JacksonAutoConfiguration.XmlConfiguration:
      Did not match:
         - @ConditionalOnClass did not find required class 'tools.jackson.dataformat.xml.XmlMapper' (OnClassCondition)

   JacksonHttpMessageConvertersConfiguration.JacksonXmlHttpMessageConverterConfiguration:
      Did not match:
         - @ConditionalOnClass did not find required class 'tools.jackson.dataformat.xml.XmlMapper' (OnClassCondition)

   JedisConnectionConfiguration:
      Did not match:
         - @ConditionalOnClass did not find required classes 'org.apache.commons.pool2.impl.GenericObjectPool', 'redis.clients.jedis.Jedis' (OnClassCondition)

   JmxAutoConfiguration:
      Did not match:
         - @ConditionalOnBooleanProperty (spring.jmx.enabled=true) found different value in property 'spring.jmx.enabled' (OnPropertyCondition)
      Matched:
         - @ConditionalOnClass found required class 'org.springframework.jmx.export.MBeanExporter' (OnClassCondition)

   JndiDataSourceAutoConfiguration:
      Did not match:
         - @ConditionalOnProperty (spring.datasource.jndi-name) did not find property 'spring.datasource.jndi-name' (OnPropertyCondition)
      Matched:
         - @ConditionalOnClass found required classes 'javax.sql.DataSource', 'org.springframework.jdbc.datasource.embedded.EmbeddedDatabaseType' (OnClassCondition)

   JndiJtaConfiguration:
      Did not match:
         - @ConditionalOnJndi JNDI environment is not available (OnJndiCondition)
      Matched:
         - @ConditionalOnClass found required class 'org.springframework.transaction.jta.JtaTransactionManager' (OnClassCondition)

   JsonbHttpMessageConvertersConfiguration:
      Did not match:
         - @ConditionalOnClass did not find required class 'jakarta.json.bind.Jsonb' (OnClassCondition)

   KotlinSerializationHttpMessageConvertersConfiguration:
      Did not match:
         - @ConditionalOnClass did not find required classes 'kotlinx.serialization.Serializable', 'kotlinx.serialization.json.Json' (OnClassCondition)

   LazyConnectionDataSourceConfiguration:
      Did not match:
         - @ConditionalOnProperty (spring.datasource.connection-fetch=lazy) did not find property 'spring.datasource.connection-fetch' (OnPropertyCondition)

   LettuceConnectionConfiguration#redisConnectionFactoryVirtualThreads:
      Did not match:
         - @ConditionalOnMissingBean (types: org.springframework.data.redis.connection.RedisConnectionFactory; SearchStrategy: all) found beans of type 'org.springframework.data.redis.connection.RedisConnectionFactory' redisConnectionFactory (OnBeanCondition)

   LettuceObservationAutoConfiguration:
      Did not match:
         - @ConditionalOnBean (types: io.micrometer.observation.ObservationRegistry; SearchStrategy: all) did not find any beans of type io.micrometer.observation.ObservationRegistry (OnBeanCondition)
      Matched:
         - @ConditionalOnClass found required classes 'io.lettuce.core.RedisClient', 'io.lettuce.core.tracing.MicrometerTracing', 'io.micrometer.observation.ObservationRegistry' (OnClassCondition)

   MessageSourceAutoConfiguration:
      Did not match:
         - ResourceBundle did not find bundle with basename messages (MessageSourceAutoConfiguration.ResourceBundleCondition)

   MultipleOpenApiSupportConfiguration:
      Did not match:
         - AnyNestedCondition 0 matched 2 did not; NestedCondition on MultipleOpenApiSupportCondition.OnActuatorDifferentPort @ConditionalOnProperty (springdoc.show-actuator) did not find property 'springdoc.show-actuator'; NestedCondition on MultipleOpenApiSupportCondition.OnMultipleOpenApiSupportCondition AnyNestedCondition 0 matched 3 did not; NestedCondition on MultipleOpenApiGroupsCondition.OnListGroupedOpenApiBean @ConditionalOnBean (types: org.springdoc.core.models.GroupedOpenApi; SearchStrategy: all) did not find any beans of type org.springdoc.core.models.GroupedOpenApi; NestedCondition on MultipleOpenApiGroupsCondition.OnGroupConfigProperty @ConditionalOnProperty (springdoc.group-configs[0].group) did not find property 'springdoc.group-configs[0].group'; NestedCondition on MultipleOpenApiGroupsCondition.OnGroupedOpenApiBean @ConditionalOnBean (types: org.springdoc.core.models.GroupedOpenApi; SearchStrategy: all) did not find any beans of type org.springdoc.core.models.GroupedOpenApi (MultipleOpenApiSupportCondition)
      Matched:
         - found 'session' scope (OnWebApplicationCondition)
         - @ConditionalOnProperty (springdoc.api-docs.enabled) matched (OnPropertyCondition)

   MultipleOpenApiSupportConfiguration.SpringDocWebMvcActuatorDifferentConfiguration:
      Did not match:
         - Ancestor org.springdoc.webmvc.core.configuration.MultipleOpenApiSupportConfiguration did not match (ConditionEvaluationReport.AncestorsMatchedCondition)
      Matched:
         - @ConditionalOnClass found required class 'org.springframework.boot.webmvc.actuate.endpoint.web.WebMvcEndpointHandlerMapping' (OnClassCondition)

   NoOpCacheConfiguration:
      Did not match:
         - Cache org.springframework.boot.cache.autoconfigure.NoOpCacheConfiguration unknown cache type (CacheCondition)

   ProjectInfoAutoConfiguration#buildProperties:
      Did not match:
         - @ConditionalOnResource did not find resource '${spring.info.build.location:classpath:META-INF/build-info.properties}' (OnResourceCondition)

   ProjectInfoAutoConfiguration#gitProperties:
      Did not match:
         - GitResource did not find git info at classpath:git.properties (ProjectInfoAutoConfiguration.GitResourceAvailableCondition)

   ServletHttpExchangesAutoConfiguration:
      Did not match:
         - @ConditionalOnBean did not find required type 'org.springframework.boot.actuate.web.exchanges.HttpExchangeRepository' (OnBeanCondition)

   ServletManagementContextAutoConfiguration:
      Did not match:
         - @ConditionalOnClass did not find required class 'org.springframework.boot.actuate.autoconfigure.endpoint.web.WebEndpointProperties' (OnClassCondition)

   ServletMappingsAutoConfiguration:
      Did not match:
         - @ConditionalOnClass did not find required class 'org.springframework.boot.actuate.autoconfigure.endpoint.condition.ConditionalOnAvailableEndpoint' (OnClassCondition)

   ServletWebServerConfiguration#forwardedHeaderFilter:
      Did not match:
         - @ConditionalOnProperty (server.forward-headers-strategy=framework) did not find property 'server.forward-headers-strategy' (OnPropertyCondition)

   SimpleCacheConfiguration:
      Did not match:
         - Cache org.springframework.boot.cache.autoconfigure.SimpleCacheConfiguration unknown cache type (CacheCondition)

   SpringApplicationAdminJmxAutoConfiguration:
      Did not match:
         - @ConditionalOnBooleanProperty (spring.application.admin.enabled=true) did not find property 'spring.application.admin.enabled' (OnPropertyCondition)

   SpringDocConfiguration#jsonNullableSupportConverter:
      Did not match:
         - @ConditionalOnClass did not find required class 'org.openapitools.jackson.nullable.JsonNullable' (OnClassCondition)

   SpringDocConfiguration#oas31ModelConverter:
      Did not match:
         - @ConditionalOnProperty (springdoc.explicit-object-schema=true) did not find property 'springdoc.explicit-object-schema' (OnPropertyCondition)

   SpringDocConfiguration#propertiesResolverForSchema:
      Did not match:
         - @ConditionalOnProperty (springdoc.api-docs.resolve-schema-properties) did not find property 'springdoc.api-docs.resolve-schema-properties' (OnPropertyCondition)

   SpringDocConfiguration#propertyCustomizingConverter:
      Did not match:
         - @ConditionalOnBean (types: org.springdoc.core.customizers.PropertyCustomizer; SearchStrategy: all) did not find any beans of type org.springdoc.core.customizers.PropertyCustomizer (OnBeanCondition)

   SpringDocConfiguration#springdocBeanFactoryPostProcessor:
      Did not match:
         - AnyNestedCondition 0 matched 2 did not; NestedCondition on CacheOrGroupedOpenApiCondition.OnCacheDisabled found non-matching nested conditions @ConditionalOnProperty (springdoc.cache.disabled) did not find property 'springdoc.cache.disabled'; NestedCondition on CacheOrGroupedOpenApiCondition.OnMultipleOpenApiSupportCondition AnyNestedCondition 0 matched 2 did not; NestedCondition on MultipleOpenApiSupportCondition.OnActuatorDifferentPort @ConditionalOnProperty (springdoc.show-actuator) did not find property 'springdoc.show-actuator'; NestedCondition on MultipleOpenApiSupportCondition.OnMultipleOpenApiSupportCondition AnyNestedCondition 0 matched 3 did not; NestedCondition on MultipleOpenApiGroupsCondition.OnListGroupedOpenApiBean @ConditionalOnBean (types: org.springdoc.core.models.GroupedOpenApi; SearchStrategy: all) did not find any beans of type org.springdoc.core.models.GroupedOpenApi; NestedCondition on MultipleOpenApiGroupsCondition.OnGroupConfigProperty @ConditionalOnProperty (springdoc.group-configs[0].group) did not find property 'springdoc.group-configs[0].group'; NestedCondition on MultipleOpenApiGroupsCondition.OnGroupedOpenApiBean @ConditionalOnBean (types: org.springdoc.core.models.GroupedOpenApi; SearchStrategy: all) did not find any beans of type org.springdoc.core.models.GroupedOpenApi (CacheOrGroupedOpenApiCondition)
      Matched:
         - @ConditionalOnClass found required class 'org.springframework.boot.context.properties.bind.BindResult' (OnClassCondition)

   SpringDocConfiguration#springdocBeanFactoryPostProcessor2:
      Did not match:
         - @ConditionalOnMissingClass found unwanted class 'org.springframework.boot.context.properties.bind.BindResult' (OnClassCondition)

   SpringDocConfiguration.SpringDocActuatorConfiguration:
      Did not match:
         - @ConditionalOnClass did not find required class 'org.springframework.boot.actuate.autoconfigure.endpoint.web.WebEndpointProperties' (OnClassCondition)

   SpringDocConfiguration.SpringDocRepositoryRestConfiguration:
      Did not match:
         - @ConditionalOnClass did not find required class 'org.springframework.data.rest.core.config.RepositoryRestConfiguration' (OnClassCondition)

   SpringDocDataRestConfiguration:
      Did not match:
         - @ConditionalOnClass did not find required class 'org.springframework.data.rest.core.config.RepositoryRestConfiguration' (OnClassCondition)

   SpringDocFunctionCatalogConfiguration:
      Did not match:
         - @ConditionalOnClass did not find required class 'org.springframework.cloud.function.web.function.FunctionEndpointInitializer' (OnClassCondition)

   SpringDocGroovyConfiguration:
      Did not match:
         - @ConditionalOnClass did not find required class 'groovy.lang.MetaClass' (OnClassCondition)

   SpringDocHateoasConfiguration:
      Did not match:
         - @ConditionalOnClass did not find required class 'org.springframework.hateoas.server.LinkRelationProvider' (OnClassCondition)

   SpringDocJacksonKotlinModuleConfiguration:
      Did not match:
         - @ConditionalOnClass did not find required class 'com.fasterxml.jackson.module.kotlin.KotlinModule' (OnClassCondition)

   SpringDocJavadocConfiguration:
      Did not match:
         - @ConditionalOnClass did not find required class 'com.github.therapi.runtimejavadoc.CommentFormatter' (OnClassCondition)

   SpringDocKotlinConfiguration:
      Did not match:
         - @ConditionalOnClass did not find required class 'kotlin.coroutines.Continuation' (OnClassCondition)

   SpringDocKotlinxConfiguration:
      Did not match:
         - @ConditionalOnClass did not find required class 'kotlinx.coroutines.flow.Flow' (OnClassCondition)

   SpringDocSecurityConfiguration:
      Did not match:
         - @ConditionalOnClass did not find required class 'org.springframework.security.web.SecurityFilterChain' (OnClassCondition)

   SpringDocSortConfiguration#dataRestDelegatingMethodParameterCustomizer:
      Did not match:
         - @ConditionalOnMissingBean (types: org.springdoc.core.customizers.DataRestDelegatingMethodParameterCustomizer; SearchStrategy: all) found beans of type 'org.springdoc.core.customizers.DataRestDelegatingMethodParameterCustomizer' dataRestDelegatingMethodParameterCustomizer (OnBeanCondition)

   SpringDocWebMvcConfiguration.SpringDocWebMvcActuatorConfiguration#actuatorProvider:
      Did not match:
         - @ConditionalOnExpression (#{${springdoc.show-actuator:false} or ${springdoc.use-management-port:false}}) resulted in false (OnExpressionCondition)

   SpringDocWebMvcConfiguration.SpringDocWebMvcActuatorConfiguration#openApiActuatorResource:
      Did not match:
         - @ConditionalOnExpression (#{${springdoc.use-management-port:false} and ${springdoc.enable-default-api-docs:true}}) resulted in false (OnExpressionCondition)

   SpringDocWebServerConfiguration.DeployedWebServerConfiguration:
      Did not match:
         - @ConditionalOnMissingClass found unwanted classes 'org.springframework.boot.web.server.context.WebServerInitializedEvent', 'org.springframework.boot.web.server.autoconfigure.ServerProperties' (OnClassCondition)

   SwaggerConfig#springWebProvider:
      Did not match:
         - @ConditionalOnMissingBean (types: org.springdoc.core.providers.SpringWebProvider; SearchStrategy: all) found beans of type 'org.springdoc.core.providers.SpringWebProvider' springWebProvider (OnBeanCondition)

   SwaggerConfig#swaggerUiHome:
      Did not match:
         - @ConditionalOnProperty (springdoc.swagger-ui.use-root-path=true) did not find property 'springdoc.swagger-ui.use-root-path' (OnPropertyCondition)

   SwaggerConfig.SwaggerActuatorWelcomeConfiguration:
      Did not match:
         - @ConditionalOnProperty (springdoc.use-management-port) did not find property 'springdoc.use-management-port' (OnPropertyCondition)
      Matched:
         - @ConditionalOnClass found required class 'org.springframework.boot.webmvc.actuate.endpoint.web.WebMvcEndpointHandlerMapping' (OnClassCondition)

   TaskExecutorConfigurations.AsyncConfigurerWrapperConfiguration:
      Did not match:
         - @ConditionalOnBean (types: org.springframework.scheduling.annotation.AsyncConfigurer; SearchStrategy: all) did not find any beans of type org.springframework.scheduling.annotation.AsyncConfigurer (OnBeanCondition)

   TaskExecutorConfigurations.SimpleAsyncTaskExecutorBuilderConfiguration#simpleAsyncTaskExecutorBuilderVirtualThreads:
      Did not match:
         - @ConditionalOnMissingBean (types: org.springframework.boot.task.SimpleAsyncTaskExecutorBuilder; SearchStrategy: all) found beans of type 'org.springframework.boot.task.SimpleAsyncTaskExecutorBuilder' simpleAsyncTaskExecutorBuilder (OnBeanCondition)

   TaskExecutorConfigurations.TaskExecutorConfiguration#applicationTaskExecutorVirtualThreads:
      Did not match:
         - @ConditionalOnThreading did not find VIRTUAL (OnThreadingCondition)

   TaskExecutorConfigurations.TaskExecutorContextPropagationConfiguration:
      Did not match:
         - @ConditionalOnClass did not find required class 'io.micrometer.context.ContextSnapshot' (OnClassCondition)

   TaskSchedulingAutoConfiguration#scheduledBeanLazyInitializationExcludeFilter:
      Did not match:
         - @ConditionalOnBean (names: org.springframework.scheduling.config.internalScheduledAnnotationProcessor; SearchStrategy: all) did not find any beans named org.springframework.scheduling.config.internalScheduledAnnotationProcessor (OnBeanCondition)

   TaskSchedulingConfigurations.SimpleAsyncTaskSchedulerBuilderConfiguration#simpleAsyncTaskSchedulerBuilderVirtualThreads:
      Did not match:
         - @ConditionalOnMissingBean (types: org.springframework.boot.task.SimpleAsyncTaskSchedulerBuilder; SearchStrategy: all) found beans of type 'org.springframework.boot.task.SimpleAsyncTaskSchedulerBuilder' simpleAsyncTaskSchedulerBuilder (OnBeanCondition)

   TaskSchedulingConfigurations.TaskSchedulerConfiguration:
      Did not match:
         - @ConditionalOnBean (names: org.springframework.scheduling.config.internalScheduledAnnotationProcessor; SearchStrategy: all) did not find any beans named org.springframework.scheduling.config.internalScheduledAnnotationProcessor (OnBeanCondition)

   TestcontainersPropertySourceAutoConfiguration#dynamicPropertyRegistrarBeanInitializer:
      Did not match:
         - @ConditionalOnMissingBean (types: org.springframework.test.context.support.DynamicPropertyRegistrarBeanInitializer; SearchStrategy: all) found beans of type 'org.springframework.test.context.support.DynamicPropertyRegistrarBeanInitializer' org.springframework.test.context.support.internalDynamicPropertyRegistrarBeanInitializer (OnBeanCondition)

   TomcatMetricsAutoConfiguration:
      Did not match:
         - @ConditionalOnClass did not find required class 'io.micrometer.core.instrument.binder.tomcat.TomcatMetrics' (OnClassCondition)

   TomcatReactiveManagementContextAutoConfiguration:
      Did not match:
         - @ConditionalOnClass did not find required class 'org.springframework.boot.actuate.autoconfigure.web.server.ManagementContextFactory' (OnClassCondition)

   TomcatReactiveWebServerAutoConfiguration:
      Did not match:
         - @ConditionalOnWebApplication did not find reactive web application classes (OnWebApplicationCondition)

   TomcatServletManagementContextAutoConfiguration:
      Did not match:
         - @ConditionalOnClass did not find required class 'org.springframework.boot.actuate.autoconfigure.web.server.ManagementContextFactory' (OnClassCondition)

   TomcatServletWebServerAutoConfiguration#tomcatForwardedHeaderFilterCustomizer:
      Did not match:
         - @ConditionalOnProperty (server.forward-headers-strategy=framework) did not find property 'server.forward-headers-strategy' (OnPropertyCondition)

   TomcatWebServerConfiguration:
      Did not match:
         - Application is deployed as a WAR file. (OnWarDeploymentCondition)

   TransactionAutoConfiguration#transactionalOperator:
      Did not match:
         - @ConditionalOnSingleCandidate (types: org.springframework.transaction.ReactiveTransactionManager; SearchStrategy: all) did not find any beans (OnBeanCondition)

   TransactionAutoConfiguration.AspectJTransactionManagementConfiguration:
      Did not match:
         - @ConditionalOnBean (types: org.springframework.transaction.aspectj.AbstractTransactionAspect; SearchStrategy: all) did not find any beans of type org.springframework.transaction.aspectj.AbstractTransactionAspect (OnBeanCondition)

   TransactionAutoConfiguration.EnableTransactionManagementConfiguration:
      Did not match:
         - @ConditionalOnMissingBean (types: org.springframework.transaction.annotation.AbstractTransactionManagementConfiguration; SearchStrategy: all) found beans of type 'org.springframework.transaction.annotation.AbstractTransactionManagementConfiguration' org.springframework.transaction.annotation.ProxyTransactionManagementConfiguration (OnBeanCondition)

   TransactionAutoConfiguration.EnableTransactionManagementConfiguration.CglibAutoProxyConfiguration:
      Did not match:
         - Ancestor org.springframework.boot.transaction.autoconfigure.TransactionAutoConfiguration$EnableTransactionManagementConfiguration did not match (ConditionEvaluationReport.AncestorsMatchedCondition)
      Matched:
         - @ConditionalOnBooleanProperty (spring.aop.proxy-target-class=true) matched (OnPropertyCondition)

   TransactionAutoConfiguration.EnableTransactionManagementConfiguration.JdkDynamicAutoProxyConfiguration:
      Did not match:
         - @ConditionalOnBooleanProperty (spring.aop.proxy-target-class=false) did not find property 'spring.aop.proxy-target-class' (OnPropertyCondition)
         - Ancestor org.springframework.boot.transaction.autoconfigure.TransactionAutoConfiguration$EnableTransactionManagementConfiguration did not match (ConditionEvaluationReport.AncestorsMatchedCondition)

   WebMvcAutoConfiguration#hiddenHttpMethodFilter:
      Did not match:
         - @ConditionalOnBooleanProperty (spring.mvc.hiddenmethod.filter.enabled=true) did not find property 'spring.mvc.hiddenmethod.filter.enabled' (OnPropertyCondition)

   WebMvcAutoConfiguration.ProblemDetailsErrorHandlingConfiguration:
      Did not match:
         - @ConditionalOnBooleanProperty (spring.mvc.problemdetails.enabled=true) did not find property 'spring.mvc.problemdetails.enabled' (OnPropertyCondition)

   WebMvcAutoConfiguration.WebMvcAutoConfigurationAdapter#beanNameViewResolver:
      Did not match:
         - @ConditionalOnMissingBean (types: org.springframework.web.servlet.view.BeanNameViewResolver; SearchStrategy: all) found beans of type 'org.springframework.web.servlet.view.BeanNameViewResolver' beanNameViewResolver (OnBeanCondition)

   WebMvcHealthEndpointExtensionAutoConfiguration:
      Did not match:
         - @ConditionalOnClass did not find required class 'org.springframework.boot.health.actuate.endpoint.HealthEndpoint' (OnClassCondition)

   WebMvcMappingsAutoConfiguration:
      Did not match:
         - @ConditionalOnClass did not find required class 'org.springframework.boot.actuate.autoconfigure.endpoint.condition.ConditionalOnAvailableEndpoint' (OnClassCondition)

   WebMvcObservationAutoConfiguration:
      Did not match:
         - @ConditionalOnClass did not find required class 'org.springframework.boot.micrometer.observation.autoconfigure.ObservationProperties' (OnClassCondition)

   XADataSourceAutoConfiguration:
      Did not match:
         - @ConditionalOnBean (types: org.springframework.boot.jdbc.XADataSourceWrapper; SearchStrategy: all) did not find any beans of type org.springframework.boot.jdbc.XADataSourceWrapper (OnBeanCondition)
      Matched:
         - @ConditionalOnClass found required classes 'javax.sql.DataSource', 'jakarta.transaction.TransactionManager', 'org.springframework.jdbc.datasource.embedded.EmbeddedDatabaseType' (OnClassCondition)


Exclusions:
-----------

    None


Unconditional classes:
----------------------

    org.springdoc.core.configuration.SpringDocWebServerConfiguration.EmbeddedWebServerConfiguration

    org.springframework.boot.autoconfigure.context.ConfigurationPropertiesAutoConfiguration

    org.springframework.boot.autoconfigure.ssl.SslAutoConfiguration

    org.springframework.boot.autoconfigure.context.PropertyPlaceholderAutoConfiguration

    org.springframework.boot.autoconfigure.context.LifecycleAutoConfiguration

    org.springdoc.core.configuration.SpringDocSpecPropertiesConfiguration

    org.springframework.boot.testcontainers.service.connection.ServiceConnectionAutoConfiguration

    org.springframework.boot.autoconfigure.availability.ApplicationAvailabilityAutoConfiguration

    org.springframework.boot.autoconfigure.info.ProjectInfoAutoConfiguration

    org.springdoc.core.configuration.SpringDocWebServerConfiguration.DeployedWebServerConfiguration



2026-10-04T17:07:40.368+07:00  INFO 25480 --- [           main] c.c.c.CourseCacheIntegrationTests        : Started CourseCacheIntegrationTests in 18.827 seconds (process running for 30.707)
2026-10-04T17:07:40.371+07:00 DEBUG 25480 --- [           main] o.s.b.a.ApplicationAvailabilityBean      : Application availability state LivenessState changed to CORRECT
2026-10-04T17:07:40.375+07:00  WARN 25480 --- [           main] o.s.core.events.SpringDocAppInitializer  : SpringDoc /v3/api-docs endpoint is enabled by default. To disable it in production, set the property 'springdoc.api-docs.enabled=false'
2026-10-04T17:07:40.376+07:00  WARN 25480 --- [           main] o.s.core.events.SpringDocAppInitializer  : SpringDoc /swagger-ui.html endpoint is enabled by default. To disable it in production, set the property 'springdoc.swagger-ui.enabled=false'
2026-10-04T17:07:40.377+07:00 DEBUG 25480 --- [           main] o.s.b.a.ApplicationAvailabilityBean      : Application availability state ReadinessState changed to ACCEPTING_TRAFFIC
2026-10-04T17:07:41.100+07:00 DEBUG 25480 --- [           main] org.hibernate.SQL                        : select c1_0.id from categories c1_0 where upper(c1_0.name)=upper(?) fetch first ? rows only
2026-10-04T17:07:41.249+07:00 DEBUG 25480 --- [           main] org.hibernate.SQL                        : insert into categories (created_at,description,name,updated_at,id) values (?,?,?,?,default)
2026-10-04T17:07:41.407+07:00 DEBUG 25480 --- [           main] org.hibernate.SQL                        : select c1_0.id,c1_0.created_at,c1_0.description,c1_0.name,c1_0.updated_at from categories c1_0 where c1_0.id=?
2026-10-04T17:07:41.471+07:00 DEBUG 25480 --- [           main] org.hibernate.SQL                        : insert into courses (category_id,created_at,description,level,price,status,title,updated_at,id) values (?,?,?,?,?,?,?,?,default)
2026-10-04T17:07:42.610+07:00 DEBUG 25480 --- [           main] org.hibernate.SQL                        : select c1_0.id,c1_0.category_id,c1_0.created_at,c1_0.description,c1_0.level,c1_0.price,c1_0.status,c1_0.title,c1_0.updated_at from courses c1_0 where c1_0.id=?
2026-10-04T17:07:42.621+07:00 DEBUG 25480 --- [           main] org.hibernate.SQL                        : select c1_0.id,c1_0.created_at,c1_0.description,c1_0.name,c1_0.updated_at from categories c1_0 where c1_0.id=?
2026-10-04T17:07:42.790+07:00 DEBUG 25480 --- [           main] org.hibernate.SQL                        : select c1_0.id,c1_0.created_at,c1_0.description,c1_0.name,c1_0.updated_at from categories c1_0 where c1_0.id=?
2026-10-04T17:07:42.812+07:00 DEBUG 25480 --- [           main] org.hibernate.SQL                        : select c1_0.id from categories c1_0 where upper(c1_0.name)=upper(?) and c1_0.id<>? fetch first ? rows only
2026-10-04T17:07:42.831+07:00 DEBUG 25480 --- [           main] org.hibernate.SQL                        : update categories set description=?,name=?,updated_at=? where id=?
2026-10-04T17:07:42.858+07:00 DEBUG 25480 --- [           main] org.hibernate.SQL                        : select c1_0.id,c1_0.category_id,c1_0.created_at,c1_0.description,c1_0.level,c1_0.price,c1_0.status,c1_0.title,c1_0.updated_at from courses c1_0 where c1_0.id=?
2026-10-04T17:07:42.860+07:00 DEBUG 25480 --- [           main] org.hibernate.SQL                        : select c1_0.id,c1_0.created_at,c1_0.description,c1_0.name,c1_0.updated_at from categories c1_0 where c1_0.id=?
course cache category rename: key=courseDetails::4, before=Cache category 715e7617-e66e-4019-b43e-8172dc8a5df1, after=Renamed 822595e5-5409-4ea2-9d42-b81e8f9f41bd
2026-10-04T17:07:42.928+07:00 DEBUG 25480 --- [           main] org.hibernate.SQL                        : select c1_0.id from categories c1_0 where upper(c1_0.name)=upper(?) fetch first ? rows only
2026-10-04T17:07:42.930+07:00 DEBUG 25480 --- [           main] org.hibernate.SQL                        : insert into categories (created_at,description,name,updated_at,id) values (?,?,?,?,default)
2026-10-04T17:07:42.933+07:00 DEBUG 25480 --- [           main] org.hibernate.SQL                        : select c1_0.id,c1_0.created_at,c1_0.description,c1_0.name,c1_0.updated_at from categories c1_0 where c1_0.id=?
2026-10-04T17:07:42.936+07:00 DEBUG 25480 --- [           main] org.hibernate.SQL                        : insert into courses (category_id,created_at,description,level,price,status,title,updated_at,id) values (?,?,?,?,?,?,?,?,default)
2026-10-04T17:07:42.947+07:00 DEBUG 25480 --- [           main] org.hibernate.SQL                        : select c1_0.id,c1_0.category_id,c1_0.created_at,c1_0.description,c1_0.level,c1_0.price,c1_0.status,c1_0.title,c1_0.updated_at from courses c1_0 where c1_0.id=?
2026-10-04T17:07:42.952+07:00 DEBUG 25480 --- [           main] org.hibernate.SQL                        : select c1_0.id,c1_0.created_at,c1_0.description,c1_0.name,c1_0.updated_at from categories c1_0 where c1_0.id=?
course cache miss/hit: key=courseDetails::5, missSql=2, hitSql=2, ttlMs=4989, json={"id":5,"categoryId":4,"categoryName":"Cache category 4b4b2fc6-31b9-4cc8-993f-805a8faed9d9","title":"Original course","description":"Redis cache integration test","price":149.90,"level":"BEGINNER","status":"DRAFT"}
2026-10-04T17:07:43.035+07:00 DEBUG 25480 --- [           main] org.hibernate.SQL                        : select c1_0.id from categories c1_0 where upper(c1_0.name)=upper(?) fetch first ? rows only
2026-10-04T17:07:43.037+07:00 DEBUG 25480 --- [           main] org.hibernate.SQL                        : insert into categories (created_at,description,name,updated_at,id) values (?,?,?,?,default)
2026-10-04T17:07:43.041+07:00 DEBUG 25480 --- [           main] org.hibernate.SQL                        : select c1_0.id,c1_0.created_at,c1_0.description,c1_0.name,c1_0.updated_at from categories c1_0 where c1_0.id=?
2026-10-04T17:07:43.043+07:00 DEBUG 25480 --- [           main] org.hibernate.SQL                        : insert into courses (category_id,created_at,description,level,price,status,title,updated_at,id) values (?,?,?,?,?,?,?,?,default)
2026-10-04T17:07:43.054+07:00 DEBUG 25480 --- [           main] org.hibernate.SQL                        : select c1_0.id,c1_0.category_id,c1_0.created_at,c1_0.description,c1_0.level,c1_0.price,c1_0.status,c1_0.title,c1_0.updated_at from courses c1_0 where c1_0.id=?
2026-10-04T17:07:43.056+07:00 DEBUG 25480 --- [           main] org.hibernate.SQL                        : select c1_0.id,c1_0.created_at,c1_0.description,c1_0.name,c1_0.updated_at from categories c1_0 where c1_0.id=?
2026-10-04T17:07:43.066+07:00 DEBUG 25480 --- [           main] org.hibernate.SQL                        : select c1_0.id,c1_0.category_id,c1_0.created_at,c1_0.description,c1_0.level,c1_0.price,c1_0.status,c1_0.title,c1_0.updated_at from courses c1_0 where c1_0.id=?
2026-10-04T17:07:43.070+07:00 DEBUG 25480 --- [           main] org.hibernate.SQL                        : select c1_0.id,c1_0.created_at,c1_0.description,c1_0.name,c1_0.updated_at from categories c1_0 where c1_0.id=?
2026-10-04T17:07:43.094+07:00 DEBUG 25480 --- [           main] org.hibernate.SQL                        : select c1_0.id from categories c1_0 where upper(c1_0.name)=upper(?) fetch first ? rows only
2026-10-04T17:07:43.097+07:00 DEBUG 25480 --- [           main] org.hibernate.SQL                        : insert into categories (created_at,description,name,updated_at,id) values (?,?,?,?,default)
2026-10-04T17:07:43.100+07:00 DEBUG 25480 --- [           main] org.hibernate.SQL                        : select c1_0.id,c1_0.created_at,c1_0.description,c1_0.name,c1_0.updated_at from categories c1_0 where c1_0.id=?
2026-10-04T17:07:43.104+07:00 DEBUG 25480 --- [           main] org.hibernate.SQL                        : insert into courses (category_id,created_at,description,level,price,status,title,updated_at,id) values (?,?,?,?,?,?,?,?,default)
2026-10-04T17:07:43.119+07:00 DEBUG 25480 --- [           main] org.hibernate.SQL                        : select c1_0.id,c1_0.category_id,c1_0.created_at,c1_0.description,c1_0.level,c1_0.price,c1_0.status,c1_0.title,c1_0.updated_at from courses c1_0 where c1_0.id=?
2026-10-04T17:07:43.121+07:00 DEBUG 25480 --- [           main] org.hibernate.SQL                        : select c1_0.id,c1_0.created_at,c1_0.description,c1_0.name,c1_0.updated_at from categories c1_0 where c1_0.id=?
2026-10-04T17:07:48.163+07:00 DEBUG 25480 --- [           main] org.hibernate.SQL                        : select c1_0.id,c1_0.category_id,c1_0.created_at,c1_0.description,c1_0.level,c1_0.price,c1_0.status,c1_0.title,c1_0.updated_at from courses c1_0 where c1_0.id=?
2026-10-04T17:07:48.166+07:00 DEBUG 25480 --- [           main] org.hibernate.SQL                        : select c1_0.id,c1_0.created_at,c1_0.description,c1_0.name,c1_0.updated_at from categories c1_0 where c1_0.id=?
course cache expiry: key=courseDetails::7, reloadSql=2
2026-10-04T17:07:48.263+07:00 DEBUG 25480 --- [           main] org.hibernate.SQL                        : select c1_0.id from categories c1_0 where upper(c1_0.name)=upper(?) fetch first ? rows only
2026-10-04T17:07:48.283+07:00 DEBUG 25480 --- [           main] org.hibernate.SQL                        : insert into categories (created_at,description,name,updated_at,id) values (?,?,?,?,default)
2026-10-04T17:07:48.305+07:00 DEBUG 25480 --- [           main] org.hibernate.SQL                        : select c1_0.id,c1_0.created_at,c1_0.description,c1_0.name,c1_0.updated_at from categories c1_0 where c1_0.id=?
2026-10-04T17:07:48.309+07:00 DEBUG 25480 --- [           main] org.hibernate.SQL                        : insert into courses (category_id,created_at,description,level,price,status,title,updated_at,id) values (?,?,?,?,?,?,?,?,default)
2026-10-04T17:07:48.340+07:00 DEBUG 25480 --- [           main] org.hibernate.SQL                        : select c1_0.id,c1_0.category_id,c1_0.created_at,c1_0.description,c1_0.level,c1_0.price,c1_0.status,c1_0.title,c1_0.updated_at from courses c1_0 where c1_0.id=?
2026-10-04T17:07:48.342+07:00 DEBUG 25480 --- [           main] org.hibernate.SQL                        : select c1_0.id,c1_0.created_at,c1_0.description,c1_0.name,c1_0.updated_at from categories c1_0 where c1_0.id=?
2026-10-04T17:07:48.355+07:00 DEBUG 25480 --- [           main] org.hibernate.SQL                        : select c1_0.id,c1_0.category_id,c1_0.created_at,c1_0.description,c1_0.level,c1_0.price,c1_0.status,c1_0.title,c1_0.updated_at from courses c1_0 where c1_0.id=?
2026-10-04T17:07:48.357+07:00 DEBUG 25480 --- [           main] org.hibernate.SQL                        : select c1_0.id,c1_0.created_at,c1_0.description,c1_0.name,c1_0.updated_at from categories c1_0 where c1_0.id=?
2026-10-04T17:07:48.361+07:00 DEBUG 25480 --- [           main] org.hibernate.SQL                        : update courses set category_id=?,description=?,level=?,price=?,status=?,title=?,updated_at=? where id=?
2026-10-04T17:07:48.371+07:00 DEBUG 25480 --- [           main] org.hibernate.SQL                        : select c1_0.id,c1_0.category_id,c1_0.created_at,c1_0.description,c1_0.level,c1_0.price,c1_0.status,c1_0.title,c1_0.updated_at from courses c1_0 where c1_0.id=?
2026-10-04T17:07:48.373+07:00 DEBUG 25480 --- [           main] org.hibernate.SQL                        : select c1_0.id,c1_0.created_at,c1_0.description,c1_0.name,c1_0.updated_at from categories c1_0 where c1_0.id=?
2026-10-04T17:07:48.412+07:00 DEBUG 25480 --- [           main] org.hibernate.SQL                        : select c1_0.id from categories c1_0 where upper(c1_0.name)=upper(?) fetch first ? rows only
2026-10-04T17:07:48.414+07:00 DEBUG 25480 --- [           main] org.hibernate.SQL                        : insert into categories (created_at,description,name,updated_at,id) values (?,?,?,?,default)
2026-10-04T17:07:48.418+07:00 DEBUG 25480 --- [           main] org.hibernate.SQL                        : select c1_0.id,c1_0.created_at,c1_0.description,c1_0.name,c1_0.updated_at from categories c1_0 where c1_0.id=?
2026-10-04T17:07:48.420+07:00 DEBUG 25480 --- [           main] org.hibernate.SQL                        : insert into courses (category_id,created_at,description,level,price,status,title,updated_at,id) values (?,?,?,?,?,?,?,?,default)
2026-10-04T17:07:48.427+07:00 DEBUG 25480 --- [           main] org.hibernate.SQL                        : select c1_0.id,c1_0.category_id,c1_0.created_at,c1_0.description,c1_0.level,c1_0.price,c1_0.status,c1_0.title,c1_0.updated_at from courses c1_0 where c1_0.id=?
2026-10-04T17:07:48.430+07:00 DEBUG 25480 --- [           main] org.hibernate.SQL                        : select c1_0.id,c1_0.created_at,c1_0.description,c1_0.name,c1_0.updated_at from categories c1_0 where c1_0.id=?
2026-10-04T17:07:48.480+07:00 DEBUG 25480 --- [           main] org.hibernate.SQL                        : select c1_0.id,c1_0.category_id,c1_0.created_at,c1_0.description,c1_0.level,c1_0.price,c1_0.status,c1_0.title,c1_0.updated_at from courses c1_0 where c1_0.id=?
2026-10-04T17:07:48.482+07:00 DEBUG 25480 --- [           main] org.hibernate.SQL                        : select c1_0.id,c1_0.created_at,c1_0.description,c1_0.name,c1_0.updated_at from categories c1_0 where c1_0.id=?
2026-10-04T17:07:48.484+07:00 DEBUG 25480 --- [           main] org.hibernate.SQL                        : update courses set category_id=?,description=?,level=?,price=?,status=?,title=?,updated_at=? where id=?
2026-10-04T17:07:48.495+07:00 DEBUG 25480 --- [           main] org.hibernate.SQL                        : select c1_0.id,c1_0.category_id,c1_0.created_at,c1_0.description,c1_0.level,c1_0.price,c1_0.status,c1_0.title,c1_0.updated_at from courses c1_0 where c1_0.id=?
2026-10-04T17:07:48.498+07:00 DEBUG 25480 --- [           main] org.hibernate.SQL                        : select c1_0.id,c1_0.created_at,c1_0.description,c1_0.name,c1_0.updated_at from categories c1_0 where c1_0.id=?
2026-10-04T17:07:48.513+07:00 DEBUG 25480 --- [           main] org.hibernate.SQL                        : select c1_0.id,c1_0.category_id,c1_0.created_at,c1_0.description,c1_0.level,c1_0.price,c1_0.status,c1_0.title,c1_0.updated_at from courses c1_0 where c1_0.id=?
2026-10-04T17:07:48.520+07:00 DEBUG 25480 --- [           main] org.hibernate.SQL                        : select e1_0.id from enrollments e1_0 where e1_0.course_id=? fetch first ? rows only
2026-10-04T17:07:48.535+07:00 DEBUG 25480 --- [           main] org.hibernate.SQL                        : delete from courses where id=?
2026-10-04T17:07:48.547+07:00 DEBUG 25480 --- [           main] org.hibernate.SQL                        : select c1_0.id,c1_0.category_id,c1_0.created_at,c1_0.description,c1_0.level,c1_0.price,c1_0.status,c1_0.title,c1_0.updated_at from courses c1_0 where c1_0.id=?
course cache update/delete: key=courseDetails::9, updatedTitle=Updated course, deletedKey=false
2026-10-04T17:07:48.684+07:00  INFO 25480 --- [xecutorLoop-1-1] i.l.core.protocol.ConnectionWatchdog     : Reconnecting, last destination was localhost/127.0.0.1:12601
2026-10-04T17:07:48.684+07:00  INFO 25480 --- [xecutorLoop-1-2] i.l.core.protocol.ConnectionWatchdog     : Reconnecting, last destination was localhost/127.0.0.1:12601
2026-10-04T17:07:48.701+07:00  WARN 25480 --- [ioEventLoop-4-4] i.l.core.protocol.ConnectionWatchdog     : Cannot reconnect to [localhost/<unresolved>:12601]: Connection closed prematurely

io.lettuce.core.RedisConnectionException: Connection closed prematurely
	at io.lettuce.core.protocol.RedisHandshakeHandler.channelInactive(RedisHandshakeHandler.java:76) ~[lettuce-core-7.5.2.RELEASE.jar:7.5.2.RELEASE/5728917]
	at io.netty.channel.AbstractChannelHandlerContext.fireChannelInactive(AbstractChannelHandlerContext.java:251) ~[netty-transport-4.2.17.Final.jar:4.2.17.Final]
	at io.netty.channel.ChannelInboundHandlerAdapter.channelInactive(ChannelInboundHandlerAdapter.java:81) ~[netty-transport-4.2.17.Final.jar:4.2.17.Final]
	at io.lettuce.core.ChannelGroupListener.channelInactive(ChannelGroupListener.java:54) ~[lettuce-core-7.5.2.RELEASE.jar:7.5.2.RELEASE/5728917]
	at io.netty.channel.AbstractChannelHandlerContext.fireChannelInactive(AbstractChannelHandlerContext.java:251) ~[netty-transport-4.2.17.Final.jar:4.2.17.Final]
	at io.netty.channel.DefaultChannelPipeline$HeadContext.channelInactive(DefaultChannelPipeline.java:1424) ~[netty-transport-4.2.17.Final.jar:4.2.17.Final]
	at io.netty.channel.DefaultChannelPipeline.fireChannelInactive(DefaultChannelPipeline.java:876) ~[netty-transport-4.2.17.Final.jar:4.2.17.Final]
	at io.netty.channel.AbstractChannel$AbstractUnsafe$6.run(AbstractChannel.java:676) ~[netty-transport-4.2.17.Final.jar:4.2.17.Final]
	at io.netty.util.concurrent.AbstractEventExecutor.runTask(AbstractEventExecutor.java:148) ~[netty-common-4.2.17.Final.jar:4.2.17.Final]
	at io.netty.util.concurrent.AbstractEventExecutor.safeExecute(AbstractEventExecutor.java:141) ~[netty-common-4.2.17.Final.jar:4.2.17.Final]
	at io.netty.util.concurrent.SingleThreadEventExecutor.runAllTasks(SingleThreadEventExecutor.java:535) ~[netty-common-4.2.17.Final.jar:4.2.17.Final]
	at io.netty.channel.SingleThreadIoEventLoop.run(SingleThreadIoEventLoop.java:201) ~[netty-transport-4.2.17.Final.jar:4.2.17.Final]
	at io.netty.util.concurrent.SingleThreadEventExecutor$5.run(SingleThreadEventExecutor.java:1204) ~[netty-common-4.2.17.Final.jar:4.2.17.Final]
	at io.netty.util.internal.ThreadExecutorMap$2.run(ThreadExecutorMap.java:74) ~[netty-common-4.2.17.Final.jar:4.2.17.Final]
	at io.netty.util.concurrent.FastThreadLocalRunnable.run(FastThreadLocalRunnable.java:30) ~[netty-common-4.2.17.Final.jar:4.2.17.Final]
	at java.base/java.lang.Thread.run(Thread.java:1570) ~[na:na]

2026-10-04T17:07:48.702+07:00  WARN 25480 --- [ioEventLoop-4-3] i.l.core.protocol.ConnectionWatchdog     : Cannot reconnect to [localhost/<unresolved>:12601]: Connection closed prematurely

io.lettuce.core.RedisConnectionException: Connection closed prematurely
	at io.lettuce.core.protocol.RedisHandshakeHandler.channelInactive(RedisHandshakeHandler.java:76) ~[lettuce-core-7.5.2.RELEASE.jar:7.5.2.RELEASE/5728917]
	at io.netty.channel.AbstractChannelHandlerContext.fireChannelInactive(AbstractChannelHandlerContext.java:251) ~[netty-transport-4.2.17.Final.jar:4.2.17.Final]
	at io.netty.channel.ChannelInboundHandlerAdapter.channelInactive(ChannelInboundHandlerAdapter.java:81) ~[netty-transport-4.2.17.Final.jar:4.2.17.Final]
	at io.lettuce.core.ChannelGroupListener.channelInactive(ChannelGroupListener.java:54) ~[lettuce-core-7.5.2.RELEASE.jar:7.5.2.RELEASE/5728917]
	at io.netty.channel.AbstractChannelHandlerContext.fireChannelInactive(AbstractChannelHandlerContext.java:251) ~[netty-transport-4.2.17.Final.jar:4.2.17.Final]
	at io.netty.channel.DefaultChannelPipeline$HeadContext.channelInactive(DefaultChannelPipeline.java:1424) ~[netty-transport-4.2.17.Final.jar:4.2.17.Final]
	at io.netty.channel.DefaultChannelPipeline.fireChannelInactive(DefaultChannelPipeline.java:876) ~[netty-transport-4.2.17.Final.jar:4.2.17.Final]
	at io.netty.channel.AbstractChannel$AbstractUnsafe$6.run(AbstractChannel.java:676) ~[netty-transport-4.2.17.Final.jar:4.2.17.Final]
	at io.netty.util.concurrent.AbstractEventExecutor.runTask(AbstractEventExecutor.java:148) ~[netty-common-4.2.17.Final.jar:4.2.17.Final]
	at io.netty.util.concurrent.AbstractEventExecutor.safeExecute(AbstractEventExecutor.java:141) ~[netty-common-4.2.17.Final.jar:4.2.17.Final]
	at io.netty.util.concurrent.SingleThreadEventExecutor.runAllTasks(SingleThreadEventExecutor.java:535) ~[netty-common-4.2.17.Final.jar:4.2.17.Final]
	at io.netty.channel.SingleThreadIoEventLoop.run(SingleThreadIoEventLoop.java:201) ~[netty-transport-4.2.17.Final.jar:4.2.17.Final]
	at io.netty.util.concurrent.SingleThreadEventExecutor$5.run(SingleThreadEventExecutor.java:1204) ~[netty-common-4.2.17.Final.jar:4.2.17.Final]
	at io.netty.util.internal.ThreadExecutorMap$2.run(ThreadExecutorMap.java:74) ~[netty-common-4.2.17.Final.jar:4.2.17.Final]
	at io.netty.util.concurrent.FastThreadLocalRunnable.run(FastThreadLocalRunnable.java:30) ~[netty-common-4.2.17.Final.jar:4.2.17.Final]
	at java.base/java.lang.Thread.run(Thread.java:1570) ~[na:na]

[INFO] Tests run: 6, Failures: 0, Errors: 0, Skipped: 0, Time elapsed: 32.12 s -- in com.ccnlthd.course_management.CourseCacheIntegrationTests
[INFO] Running com.ccnlthd.course_management.CourseControllerValidationTests
2026-10-04T17:07:49.057+07:00 DEBUG 25480 --- [           main] s.w.s.m.m.a.RequestMappingHandlerMapping : 5 mappings in org.springframework.web.servlet.mvc.method.annotation.RequestMappingHandlerMapping
2026-10-04T17:07:49.057+07:00 DEBUG 25480 --- [           main] s.w.s.m.m.a.RequestMappingHandlerAdapter : ControllerAdvice beans: 0 @ModelAttribute, 0 @InitBinder, 2 RequestBodyAdvice, 1 ResponseBodyAdvice
2026-10-04T17:07:49.059+07:00 DEBUG 25480 --- [           main] .m.m.a.ExceptionHandlerExceptionResolver : ControllerAdvice beans: 1 @ExceptionHandler, 1 ResponseBodyAdvice
2026-10-04T17:07:49.059+07:00  INFO 25480 --- [           main] o.s.mock.web.MockServletContext          : Initializing Spring TestDispatcherServlet ''
2026-10-04T17:07:49.059+07:00  INFO 25480 --- [           main] o.s.t.web.servlet.TestDispatcherServlet  : Initializing Servlet ''
2026-10-04T17:07:49.059+07:00  INFO 25480 --- [           main] o.s.t.web.servlet.TestDispatcherServlet  : Completed initialization in 0 ms
2026-10-04T17:07:49.061+07:00 DEBUG 25480 --- [           main] s.w.s.m.m.a.RequestMappingHandlerMapping : Mapped to com.ccnlthd.course_management.controller.CourseController#createCourse(CourseRequest)
2026-10-04T17:07:49.068+07:00 DEBUG 25480 --- [           main] m.m.a.RequestResponseBodyMethodProcessor : Read "application/json" to [com.ccnlthd.course_management.dto.request.CourseRequest@9a68aa9]
2026-10-04T17:07:49.081+07:00 DEBUG 25480 --- [           main] .m.m.a.ExceptionHandlerExceptionResolver : Using @ExceptionHandler com.ccnlthd.course_management.exception.GlobalExceptionHandler#handleValidationException(MethodArgumentNotValidException)
2026-10-04T17:07:49.084+07:00 DEBUG 25480 --- [           main] o.s.w.s.m.m.a.HttpEntityMethodProcessor  : Using 'application/json', given [*/*] and supported [application/json, application/*+json, application/yaml]
2026-10-04T17:07:49.085+07:00 DEBUG 25480 --- [           main] o.s.w.s.m.m.a.HttpEntityMethodProcessor  : Writing [com.ccnlthd.course_management.dto.response.ApiResponse@e8d2805]
2026-10-04T17:07:49.090+07:00 DEBUG 25480 --- [           main] .m.m.a.ExceptionHandlerExceptionResolver : Resolved [org.springframework.web.bind.MethodArgumentNotValidException: Validation failed for argument [0] in public org.springframework.http.ResponseEntity<com.ccnlthd.course_management.dto.response.CourseResponse> com.ccnlthd.course_management.controller.CourseController.createCourse(com.ccnlthd.course_management.dto.request.CourseRequest) with 5 errors: [Field error in object 'courseRequest' on field 'status': rejected value []; codes [NotBlank.courseRequest.status,NotBlank.status,NotBlank.java.lang.String,NotBlank]; arguments [org.springframework.context.support.DefaultMessageSourceResolvable: codes [courseRequest.status,status]; arguments []; default message [status]]; default message [Course status is required]] [Field error in object 'courseRequest' on field 'categoryId': rejected value [null]; codes [NotNull.courseRequest.categoryId,NotNull.categoryId,NotNull.java.lang.Long,NotNull]; arguments [org.springframework.context.support.DefaultMessageSourceResolvable: codes [courseRequest.categoryId,categoryId]; arguments []; default message [categoryId]]; default message [Category id is required]] [Field error in object 'courseRequest' on field 'price': rejected value [-1]; codes [PositiveOrZero.courseRequest.price,PositiveOrZero.price,PositiveOrZero.java.math.BigDecimal,PositiveOrZero]; arguments [org.springframework.context.support.DefaultMessageSourceResolvable: codes [courseRequest.price,price]; arguments []; default message [price]]; default message [Course price must be zero or positive]] [Field error in object 'courseRequest' on field 'level': rejected value []; codes [NotBlank.courseRequest.level,NotBlank.level,NotBlank.java.lang.String,NotBlank]; arguments [org.springframework.context.support.DefaultMessageSourceResolvable: codes [courseRequest.level,level]; arguments []; default message [level]]; default message [Course level is required]] [Field error in object 'courseRequest' on field 'title': rejected value []; codes [NotBlank.courseRequest.title,NotBlank.title,NotBlank.java.lang.String,NotBlank]; arguments [org.springframework.context.support.DefaultMessageSourceResolvable: codes [courseRequest.title,title]; arguments []; default message [title]]; default message [Course title is required]] ]
2026-10-04T17:07:49.113+07:00 DEBUG 25480 --- [           main] s.w.s.m.m.a.RequestMappingHandlerMapping : 5 mappings in org.springframework.web.servlet.mvc.method.annotation.RequestMappingHandlerMapping
2026-10-04T17:07:49.113+07:00 DEBUG 25480 --- [           main] s.w.s.m.m.a.RequestMappingHandlerAdapter : ControllerAdvice beans: 0 @ModelAttribute, 0 @InitBinder, 2 RequestBodyAdvice, 1 ResponseBodyAdvice
2026-10-04T17:07:49.115+07:00 DEBUG 25480 --- [           main] .m.m.a.ExceptionHandlerExceptionResolver : ControllerAdvice beans: 1 @ExceptionHandler, 1 ResponseBodyAdvice
2026-10-04T17:07:49.115+07:00  INFO 25480 --- [           main] o.s.mock.web.MockServletContext          : Initializing Spring TestDispatcherServlet ''
2026-10-04T17:07:49.115+07:00  INFO 25480 --- [           main] o.s.t.web.servlet.TestDispatcherServlet  : Initializing Servlet ''
2026-10-04T17:07:49.115+07:00  INFO 25480 --- [           main] o.s.t.web.servlet.TestDispatcherServlet  : Completed initialization in 0 ms
2026-10-04T17:07:49.118+07:00 DEBUG 25480 --- [           main] s.w.s.m.m.a.RequestMappingHandlerMapping : Mapped to com.ccnlthd.course_management.controller.CourseController#createCourse(CourseRequest)
2026-10-04T17:07:49.121+07:00 DEBUG 25480 --- [           main] m.m.a.RequestResponseBodyMethodProcessor : Read "application/json" to [com.ccnlthd.course_management.dto.request.CourseRequest@1ab63c78]
2026-10-04T17:07:49.135+07:00 DEBUG 25480 --- [           main] o.s.w.s.m.m.a.HttpEntityMethodProcessor  : Using 'application/json', given [*/*] and supported [application/json, application/*+json, application/yaml]
2026-10-04T17:07:49.136+07:00 DEBUG 25480 --- [           main] o.s.w.s.m.m.a.HttpEntityMethodProcessor  : Writing [com.ccnlthd.course_management.dto.response.CourseResponse@1e4fd633]
[INFO] Tests run: 2, Failures: 0, Errors: 0, Skipped: 0, Time elapsed: 0.272 s -- in com.ccnlthd.course_management.CourseControllerValidationTests
[INFO] Running com.ccnlthd.course_management.CourseCrudTests
2026-10-04T17:07:49.193+07:00 DEBUG 25480 --- [           main] s.w.s.m.m.a.RequestMappingHandlerMapping : 5 mappings in org.springframework.web.servlet.mvc.method.annotation.RequestMappingHandlerMapping
2026-10-04T17:07:49.193+07:00 DEBUG 25480 --- [           main] s.w.s.m.m.a.RequestMappingHandlerAdapter : ControllerAdvice beans: 0 @ModelAttribute, 0 @InitBinder, 2 RequestBodyAdvice, 1 ResponseBodyAdvice
2026-10-04T17:07:49.195+07:00 DEBUG 25480 --- [           main] .m.m.a.ExceptionHandlerExceptionResolver : ControllerAdvice beans: 1 @ExceptionHandler, 1 ResponseBodyAdvice
2026-10-04T17:07:49.196+07:00  INFO 25480 --- [           main] o.s.mock.web.MockServletContext          : Initializing Spring TestDispatcherServlet ''
2026-10-04T17:07:49.196+07:00  INFO 25480 --- [           main] o.s.t.web.servlet.TestDispatcherServlet  : Initializing Servlet ''
2026-10-04T17:07:49.197+07:00  INFO 25480 --- [           main] o.s.t.web.servlet.TestDispatcherServlet  : Completed initialization in 1 ms
2026-10-04T17:07:49.199+07:00 DEBUG 25480 --- [           main] s.w.s.m.m.a.RequestMappingHandlerMapping : Mapped to com.ccnlthd.course_management.controller.CourseController#getCourseById(Long)
2026-10-04T17:07:49.202+07:00 DEBUG 25480 --- [           main] o.s.w.s.m.m.a.HttpEntityMethodProcessor  : Using 'application/json', given [*/*] and supported [application/json, application/*+json, application/yaml]
2026-10-04T17:07:49.204+07:00 DEBUG 25480 --- [           main] o.s.w.s.m.m.a.HttpEntityMethodProcessor  : Writing [com.ccnlthd.course_management.dto.response.CourseResponse@21e660a2]
2026-10-04T17:07:49.208+07:00 DEBUG 25480 --- [           main] s.w.s.m.m.a.RequestMappingHandlerMapping : Mapped to com.ccnlthd.course_management.controller.CourseController#getAllCourses()
2026-10-04T17:07:49.211+07:00 DEBUG 25480 --- [           main] o.s.w.s.m.m.a.HttpEntityMethodProcessor  : Using 'application/json', given [*/*] and supported [application/json, application/*+json, application/yaml]
2026-10-04T17:07:49.211+07:00 DEBUG 25480 --- [           main] o.s.w.s.m.m.a.HttpEntityMethodProcessor  : Writing [[com.ccnlthd.course_management.dto.response.CourseResponse@21e660a2]]
2026-10-04T17:07:49.215+07:00 DEBUG 25480 --- [           main] s.w.s.m.m.a.RequestMappingHandlerMapping : Mapped to com.ccnlthd.course_management.controller.CourseController#updateCourse(Long, CourseRequest)
2026-10-04T17:07:49.217+07:00 DEBUG 25480 --- [           main] m.m.a.RequestResponseBodyMethodProcessor : Read "application/json" to [com.ccnlthd.course_management.dto.request.CourseRequest@7e14cc79]
2026-10-04T17:07:49.226+07:00 DEBUG 25480 --- [           main] o.s.w.s.m.m.a.HttpEntityMethodProcessor  : Using 'application/json', given [*/*] and supported [application/json, application/*+json, application/yaml]
2026-10-04T17:07:49.226+07:00 DEBUG 25480 --- [           main] o.s.w.s.m.m.a.HttpEntityMethodProcessor  : Writing [com.ccnlthd.course_management.dto.response.CourseResponse@21e660a2]
2026-10-04T17:07:49.228+07:00 DEBUG 25480 --- [           main] s.w.s.m.m.a.RequestMappingHandlerMapping : Mapped to com.ccnlthd.course_management.controller.CourseController#deleteCourse(Long)
2026-10-04T17:07:49.230+07:00 DEBUG 25480 --- [           main] o.s.w.s.m.m.a.HttpEntityMethodProcessor  : Using 'application/json', given [*/*] and supported [application/json, application/*+json, application/yaml]
2026-10-04T17:07:49.230+07:00 DEBUG 25480 --- [           main] o.s.w.s.m.m.a.HttpEntityMethodProcessor  : Nothing to write: null body
2026-10-04T17:07:49.248+07:00 DEBUG 25480 --- [           main] s.w.s.m.m.a.RequestMappingHandlerMapping : 5 mappings in org.springframework.web.servlet.mvc.method.annotation.RequestMappingHandlerMapping
2026-10-04T17:07:49.248+07:00 DEBUG 25480 --- [           main] s.w.s.m.m.a.RequestMappingHandlerAdapter : ControllerAdvice beans: 0 @ModelAttribute, 0 @InitBinder, 2 RequestBodyAdvice, 1 ResponseBodyAdvice
2026-10-04T17:07:49.250+07:00 DEBUG 25480 --- [           main] .m.m.a.ExceptionHandlerExceptionResolver : ControllerAdvice beans: 1 @ExceptionHandler, 1 ResponseBodyAdvice
2026-10-04T17:07:49.250+07:00  INFO 25480 --- [           main] o.s.mock.web.MockServletContext          : Initializing Spring TestDispatcherServlet ''
2026-10-04T17:07:49.250+07:00  INFO 25480 --- [           main] o.s.t.web.servlet.TestDispatcherServlet  : Initializing Servlet ''
2026-10-04T17:07:49.251+07:00  INFO 25480 --- [           main] o.s.t.web.servlet.TestDispatcherServlet  : Completed initialization in 1 ms
2026-10-04T17:07:49.251+07:00 DEBUG 25480 --- [           main] s.w.s.m.m.a.RequestMappingHandlerMapping : Mapped to com.ccnlthd.course_management.controller.CourseController#deleteCourse(Long)
2026-10-04T17:07:49.253+07:00 DEBUG 25480 --- [           main] .m.m.a.ExceptionHandlerExceptionResolver : Using @ExceptionHandler com.ccnlthd.course_management.exception.GlobalExceptionHandler#handleAppException(AppException)
2026-10-04T17:07:49.255+07:00 DEBUG 25480 --- [           main] o.s.w.s.m.m.a.HttpEntityMethodProcessor  : Using 'application/json', given [*/*] and supported [application/json, application/*+json, application/yaml]
2026-10-04T17:07:49.256+07:00 DEBUG 25480 --- [           main] o.s.w.s.m.m.a.HttpEntityMethodProcessor  : Writing [com.ccnlthd.course_management.dto.response.ApiResponse@52d2053]
2026-10-04T17:07:49.258+07:00 DEBUG 25480 --- [           main] .m.m.a.ExceptionHandlerExceptionResolver : Resolved [com.ccnlthd.course_management.exception.AppException: Course has enrollments]
2026-10-04T17:07:49.321+07:00 DEBUG 25480 --- [           main] s.w.s.m.m.a.RequestMappingHandlerMapping : 5 mappings in org.springframework.web.servlet.mvc.method.annotation.RequestMappingHandlerMapping
2026-10-04T17:07:49.321+07:00 DEBUG 25480 --- [           main] s.w.s.m.m.a.RequestMappingHandlerAdapter : ControllerAdvice beans: 0 @ModelAttribute, 0 @InitBinder, 2 RequestBodyAdvice, 1 ResponseBodyAdvice
2026-10-04T17:07:49.323+07:00 DEBUG 25480 --- [           main] .m.m.a.ExceptionHandlerExceptionResolver : ControllerAdvice beans: 1 @ExceptionHandler, 1 ResponseBodyAdvice
2026-10-04T17:07:49.323+07:00  INFO 25480 --- [           main] o.s.mock.web.MockServletContext          : Initializing Spring TestDispatcherServlet ''
2026-10-04T17:07:49.323+07:00  INFO 25480 --- [           main] o.s.t.web.servlet.TestDispatcherServlet  : Initializing Servlet ''
2026-10-04T17:07:49.324+07:00  INFO 25480 --- [           main] o.s.t.web.servlet.TestDispatcherServlet  : Completed initialization in 0 ms
2026-10-04T17:07:49.324+07:00 DEBUG 25480 --- [           main] s.w.s.m.m.a.RequestMappingHandlerMapping : Mapped to com.ccnlthd.course_management.controller.CourseController#updateCourse(Long, CourseRequest)
2026-10-04T17:07:49.327+07:00 DEBUG 25480 --- [           main] m.m.a.RequestResponseBodyMethodProcessor : Read "application/json" to [com.ccnlthd.course_management.dto.request.CourseRequest@4b6194b5]
2026-10-04T17:07:49.335+07:00 DEBUG 25480 --- [           main] .m.m.a.ExceptionHandlerExceptionResolver : Using @ExceptionHandler com.ccnlthd.course_management.exception.GlobalExceptionHandler#handleValidationException(MethodArgumentNotValidException)
2026-10-04T17:07:49.338+07:00 DEBUG 25480 --- [           main] o.s.w.s.m.m.a.HttpEntityMethodProcessor  : Using 'application/json', given [*/*] and supported [application/json, application/*+json, application/yaml]
2026-10-04T17:07:49.338+07:00 DEBUG 25480 --- [           main] o.s.w.s.m.m.a.HttpEntityMethodProcessor  : Writing [com.ccnlthd.course_management.dto.response.ApiResponse@3ef1b8d3]
2026-10-04T17:07:49.341+07:00 DEBUG 25480 --- [           main] .m.m.a.ExceptionHandlerExceptionResolver : Resolved [org.springframework.web.bind.MethodArgumentNotValidException: Validation failed for argument [1] in public org.springframework.http.ResponseEntity<com.ccnlthd.course_management.dto.response.CourseResponse> com.ccnlthd.course_management.controller.CourseController.updateCourse(java.lang.Long,com.ccnlthd.course_management.dto.request.CourseRequest) with 4 errors: [Field error in object 'courseRequest' on field 'status': rejected value [null]; codes [NotBlank.courseRequest.status,NotBlank.status,NotBlank.java.lang.String,NotBlank]; arguments [org.springframework.context.support.DefaultMessageSourceResolvable: codes [courseRequest.status,status]; arguments []; default message [status]]; default message [Course status is required]] [Field error in object 'courseRequest' on field 'level': rejected value [null]; codes [NotBlank.courseRequest.level,NotBlank.level,NotBlank.java.lang.String,NotBlank]; arguments [org.springframework.context.support.DefaultMessageSourceResolvable: codes [courseRequest.level,level]; arguments []; default message [level]]; default message [Course level is required]] [Field error in object 'courseRequest' on field 'title': rejected value []; codes [NotBlank.courseRequest.title,NotBlank.title,NotBlank.java.lang.String,NotBlank]; arguments [org.springframework.context.support.DefaultMessageSourceResolvable: codes [courseRequest.title,title]; arguments []; default message [title]]; default message [Course title is required]] [Field error in object 'courseRequest' on field 'price': rejected value [-1]; codes [PositiveOrZero.courseRequest.price,PositiveOrZero.price,PositiveOrZero.java.math.BigDecimal,PositiveOrZero]; arguments [org.springframework.context.support.DefaultMessageSourceResolvable: codes [courseRequest.price,price]; arguments []; default message [price]]; default message [Course price must be zero or positive]] ]
[INFO] Tests run: 10, Failures: 0, Errors: 0, Skipped: 0, Time elapsed: 0.200 s -- in com.ccnlthd.course_management.CourseCrudTests
[INFO] Running com.ccnlthd.course_management.CourseManagementApplicationTests
2026-10-04T17:07:49.348+07:00  INFO 25480 --- [           main] t.c.s.AnnotationConfigContextLoaderUtils : Could not detect default configuration classes for test class [com.ccnlthd.course_management.CourseManagementApplicationTests]: CourseManagementApplicationTests does not declare any static, non-private, non-final, nested classes annotated with @Configuration.
2026-10-04T17:07:49.349+07:00 DEBUG 25480 --- [           main] .b.t.c.SpringBootTestContextBootstrapper : Using ContextCustomizerFactory implementations for test class [CourseManagementApplicationTests]: [SpringBootTestRandomPortContextCustomizerFactory, ImportsContextCustomizerFactory, PropertyMappingContextCustomizerFactory, ExcludeFilterContextCustomizerFactory, TypeExcludeFiltersContextCustomizerFactory, DisableReactorResourceFactoryGlobalResourcesContextCustomizerFactory, DuplicateJsonObjectContextCustomizerFactory, OnFailureConditionReportContextCustomizerFactory, OverrideAutoConfigurationContextCustomizerFactory, BeanOverrideContextCustomizerFactory, MockServerContainerContextCustomizerFactory, DynamicPropertiesContextCustomizerFactory, WebDriverContextCustomizerFactory, ServiceConnectionContextCustomizerFactory]
2026-10-04T17:07:49.360+07:00 DEBUG 25480 --- [           main] .b.t.c.SpringBootTestContextBootstrapper : Using ContextCustomizers for test class [CourseManagementApplicationTests]: [SpringBootTestRandomPortContextCustomizer, PropertyMappingContextCustomizer, ExcludeFilterContextCustomizer, DuplicateJsonObjectContextCustomizer, OnFailureConditionReportContextCustomizer, DynamicPropertiesContextCustomizer, WebDriverContextCustomizer, ServiceConnectionContextCustomizer]
2026-10-04T17:07:49.361+07:00  INFO 25480 --- [           main] .b.t.c.SpringBootTestContextBootstrapper : Found @SpringBootConfiguration com.ccnlthd.course_management.CourseManagementApplication for test class com.ccnlthd.course_management.CourseManagementApplicationTests
2026-10-04T17:07:49.363+07:00  INFO 25480 --- [           main] t.c.s.AnnotationConfigContextLoaderUtils : Could not detect default configuration classes for test class [com.ccnlthd.course_management.CourseManagementApplicationTests]: CourseManagementApplicationTests does not declare any static, non-private, non-final, nested classes annotated with @Configuration.
2026-10-04T17:07:49.363+07:00 DEBUG 25480 --- [           main] .b.t.c.SpringBootTestContextBootstrapper : Using ContextCustomizerFactory implementations for test class [CourseManagementApplicationTests]: [SpringBootTestRandomPortContextCustomizerFactory, ImportsContextCustomizerFactory, PropertyMappingContextCustomizerFactory, ExcludeFilterContextCustomizerFactory, TypeExcludeFiltersContextCustomizerFactory, DisableReactorResourceFactoryGlobalResourcesContextCustomizerFactory, DuplicateJsonObjectContextCustomizerFactory, OnFailureConditionReportContextCustomizerFactory, OverrideAutoConfigurationContextCustomizerFactory, BeanOverrideContextCustomizerFactory, MockServerContainerContextCustomizerFactory, DynamicPropertiesContextCustomizerFactory, WebDriverContextCustomizerFactory, ServiceConnectionContextCustomizerFactory]
2026-10-04T17:07:49.373+07:00 DEBUG 25480 --- [           main] .b.t.c.SpringBootTestContextBootstrapper : Using ContextCustomizers for test class [CourseManagementApplicationTests]: [SpringBootTestRandomPortContextCustomizer, PropertyMappingContextCustomizer, ExcludeFilterContextCustomizer, DuplicateJsonObjectContextCustomizer, OnFailureConditionReportContextCustomizer, DynamicPropertiesContextCustomizer, WebDriverContextCustomizer, ServiceConnectionContextCustomizer]
2026-10-04T17:07:49.374+07:00  INFO 25480 --- [           main] .b.t.c.SpringBootTestContextBootstrapper : Found @SpringBootConfiguration com.ccnlthd.course_management.CourseManagementApplication for test class com.ccnlthd.course_management.CourseManagementApplicationTests
2026-10-04T17:07:49.375+07:00 DEBUG 25480 --- [           main] .b.t.c.SpringBootTestContextBootstrapper : Neither @ContextConfiguration nor @ContextHierarchy found for test class [CourseManagementApplicationTests]: using SpringBootContextLoader
2026-10-04T17:07:49.375+07:00 DEBUG 25480 --- [           main] .b.t.c.SpringBootTestContextBootstrapper : Using TestExecutionListeners for test class [CourseManagementApplicationTests]: [ServletTestExecutionListener, DirtiesContextBeforeModesTestExecutionListener, ApplicationEventsTestExecutionListener, BeanOverrideTestExecutionListener, DependencyInjectionTestExecutionListener, DirtiesContextTestExecutionListener, CommonCachesTestExecutionListener, TransactionalTestExecutionListener, SqlScriptsTestExecutionListener, EventPublishingTestExecutionListener, MockitoResetTestExecutionListener, MockMvcPrintOnlyOnFailureTestExecutionListener, WebDriverTestExecutionListener]

  .   ____          _            __ _ _
 /\\ / ___'_ __ _ _(_)_ __  __ _ \ \ \ \
( ( )\___ | '_ | '_| | '_ \/ _` | \ \ \ \
 \\/  ___)| |_)| | | | | || (_| |  ) ) ) )
  '  |____| .__|_| |_|_| |_\__, | / / / /
 =========|_|==============|___/=/_/_/_/

 :: Spring Boot ::                (v4.1.1)

2026-10-04T17:07:49.463+07:00  INFO 25480 --- [           main] c.c.c.CourseManagementApplicationTests   : Starting CourseManagementApplicationTests using Java 22.0.2 with PID 25480 (started by user in C:\Users\user\Desktop\Code\visual code\CCNLTHD\spring-boot-course-management\backend)
2026-10-04T17:07:49.464+07:00  INFO 25480 --- [           main] c.c.c.CourseManagementApplicationTests   : No active profile set, falling back to 1 default profile: "default"
2026-10-04T17:07:49.464+07:00 DEBUG 25480 --- [           main] o.s.boot.SpringApplication               : Loading source class com.ccnlthd.course_management.CourseManagementApplication
2026-10-04T17:07:49.468+07:00 DEBUG 25480 --- [           main] o.s.w.c.s.GenericWebApplicationContext   : Refreshing org.springframework.web.context.support.GenericWebApplicationContext@6a556ae0
2026-10-04T17:07:50.203+07:00  INFO 25480 --- [           main] .s.d.r.c.RepositoryConfigurationDelegate : Multiple Spring Data modules found, entering strict repository configuration mode
2026-10-04T17:07:50.203+07:00  INFO 25480 --- [           main] .s.d.r.c.RepositoryConfigurationDelegate : Bootstrapping Spring Data JPA repositories in DEFAULT mode.
2026-10-04T17:07:50.209+07:00 DEBUG 25480 --- [           main] o.s.b.a.AutoConfigurationPackages        : @EnableAutoConfiguration was declared on a class in the package 'com.ccnlthd.course_management'. Automatic @Repository and @Entity scanning is enabled.
2026-10-04T17:07:50.254+07:00  INFO 25480 --- [           main] .s.d.r.c.RepositoryConfigurationDelegate : Finished Spring Data repository scanning in 47 ms. Found 4 JPA repository interfaces.
2026-10-04T17:07:50.263+07:00  INFO 25480 --- [           main] .s.d.r.c.RepositoryConfigurationDelegate : Multiple Spring Data modules found, entering strict repository configuration mode
2026-10-04T17:07:50.265+07:00  INFO 25480 --- [           main] .s.d.r.c.RepositoryConfigurationDelegate : Bootstrapping Spring Data Redis repositories in DEFAULT mode.
2026-10-04T17:07:50.287+07:00  INFO 25480 --- [           main] .RepositoryConfigurationExtensionSupport : Spring Data Redis - Could not safely identify store assignment for repository candidate interface com.ccnlthd.course_management.repository.CategoryRepository; If you want this repository to be a Redis repository, consider annotating your entities with one of these annotations: org.springframework.data.redis.core.RedisHash (preferred), or consider extending one of the following types with your repository: org.springframework.data.keyvalue.repository.KeyValueRepository
2026-10-04T17:07:50.288+07:00  INFO 25480 --- [           main] .RepositoryConfigurationExtensionSupport : Spring Data Redis - Could not safely identify store assignment for repository candidate interface com.ccnlthd.course_management.repository.CourseRepository; If you want this repository to be a Redis repository, consider annotating your entities with one of these annotations: org.springframework.data.redis.core.RedisHash (preferred), or consider extending one of the following types with your repository: org.springframework.data.keyvalue.repository.KeyValueRepository
2026-10-04T17:07:50.288+07:00  INFO 25480 --- [           main] .RepositoryConfigurationExtensionSupport : Spring Data Redis - Could not safely identify store assignment for repository candidate interface com.ccnlthd.course_management.repository.EnrollmentRepository; If you want this repository to be a Redis repository, consider annotating your entities with one of these annotations: org.springframework.data.redis.core.RedisHash (preferred), or consider extending one of the following types with your repository: org.springframework.data.keyvalue.repository.KeyValueRepository
2026-10-04T17:07:50.288+07:00  INFO 25480 --- [           main] .RepositoryConfigurationExtensionSupport : Spring Data Redis - Could not safely identify store assignment for repository candidate interface com.ccnlthd.course_management.repository.StudentRepository; If you want this repository to be a Redis repository, consider annotating your entities with one of these annotations: org.springframework.data.redis.core.RedisHash (preferred), or consider extending one of the following types with your repository: org.springframework.data.keyvalue.repository.KeyValueRepository
2026-10-04T17:07:50.288+07:00  INFO 25480 --- [           main] .s.d.r.c.RepositoryConfigurationDelegate : Finished Spring Data repository scanning in 14 ms. Found 0 Redis repository interfaces.
2026-10-04T17:07:50.963+07:00  INFO 25480 --- [           main] org.hibernate.orm.jpa                    : HHH008540: Processing PersistenceUnitInfo [name: default]
2026-10-04T17:07:51.136+07:00  INFO 25480 --- [           main] o.s.o.j.p.SpringPersistenceUnitInfo      : No LoadTimeWeaver setup: ignoring JPA class transformer
2026-10-04T17:07:51.138+07:00  INFO 25480 --- [           main] com.zaxxer.hikari.HikariDataSource       : HikariPool-2 - Starting...
2026-10-04T17:07:51.141+07:00  INFO 25480 --- [           main] com.zaxxer.hikari.pool.HikariPool        : HikariPool-2 - Added connection conn10: url=jdbc:h2:mem:course_management user=SA
2026-10-04T17:07:51.141+07:00  INFO 25480 --- [           main] com.zaxxer.hikari.HikariDataSource       : HikariPool-2 - Start completed.
2026-10-04T17:07:51.145+07:00  INFO 25480 --- [           main] org.hibernate.orm.connections.pooling    : HHH10001005: Database info:
	Database JDBC URL [jdbc:h2:mem:course_management]
	Database driver: H2 JDBC Driver
	Database dialect: H2Dialect
	Database version: 2.4.240
	Default catalog/schema: course_management/public
	Autocommit mode: undefined/unknown
	Isolation level: READ_COMMITTED [default READ_COMMITTED]
	JDBC fetch size: 100
	Pool: DataSourceConnectionProvider
	Minimum pool size: undefined/unknown
	Maximum pool size: undefined/unknown
2026-10-04T17:07:51.327+07:00  INFO 25480 --- [           main] org.hibernate.orm.core                   : HHH000489: No JTA platform available (set 'hibernate.transaction.jta.platform' to enable JTA platform integration)
2026-10-04T17:07:51.332+07:00 DEBUG 25480 --- [           main] org.hibernate.SQL                        : drop table if exists categories cascade 
2026-10-04T17:07:51.335+07:00 DEBUG 25480 --- [           main] org.hibernate.SQL                        : drop table if exists courses cascade 
2026-10-04T17:07:51.336+07:00 DEBUG 25480 --- [           main] org.hibernate.SQL                        : drop table if exists enrollments cascade 
2026-10-04T17:07:51.338+07:00 DEBUG 25480 --- [           main] org.hibernate.SQL                        : drop table if exists students cascade 
2026-10-04T17:07:51.340+07:00 DEBUG 25480 --- [           main] org.hibernate.SQL                        : create table categories (created_at timestamp(6) not null, id bigint generated by default as identity, updated_at timestamp(6) not null, name varchar(100) not null unique, description varchar(500), primary key (id))
2026-10-04T17:07:51.341+07:00 DEBUG 25480 --- [           main] org.hibernate.SQL                        : create table courses (price numeric(12,2) not null, category_id bigint not null, created_at timestamp(6) not null, id bigint generated by default as identity, updated_at timestamp(6) not null, level varchar(50), status varchar(50) not null, title varchar(150) not null, description TEXT, primary key (id))
2026-10-04T17:07:51.344+07:00 DEBUG 25480 --- [           main] org.hibernate.SQL                        : create table enrollments (completed_at timestamp(6), course_id bigint not null, enrolled_at timestamp(6) not null, id bigint generated by default as identity, student_id bigint not null, status varchar(50) not null, primary key (id), constraint uk_enrollment_student_course unique (student_id, course_id))
2026-10-04T17:07:51.347+07:00 DEBUG 25480 --- [           main] org.hibernate.SQL                        : create table students (created_at timestamp(6) not null, id bigint generated by default as identity, updated_at timestamp(6) not null, phone varchar(20), email varchar(150) not null unique, full_name varchar(150) not null, primary key (id))
2026-10-04T17:07:51.348+07:00 DEBUG 25480 --- [           main] org.hibernate.SQL                        : alter table if exists courses add constraint FK72l5dj585nq7i6xxv1vj51lyn foreign key (category_id) references categories
2026-10-04T17:07:51.351+07:00 DEBUG 25480 --- [           main] org.hibernate.SQL                        : alter table if exists enrollments add constraint FKho8mcicp4196ebpltdn9wl6co foreign key (course_id) references courses
2026-10-04T17:07:51.354+07:00 DEBUG 25480 --- [           main] org.hibernate.SQL                        : alter table if exists enrollments add constraint FK8kf1u1857xgo56xbfmnif2c51 foreign key (student_id) references students
2026-10-04T17:07:51.358+07:00  INFO 25480 --- [           main] j.LocalContainerEntityManagerFactoryBean : Initialized JPA EntityManagerFactory for persistence unit 'default'
2026-10-04T17:07:51.608+07:00  WARN 25480 --- [           main] JpaBaseConfiguration$JpaWebConfiguration : spring.jpa.open-in-view is enabled by default. Therefore, database queries may be performed during view rendering. Explicitly configure spring.jpa.open-in-view to disable this warning
2026-10-04T17:07:51.751+07:00 DEBUG 25480 --- [           main] s.w.s.m.m.a.RequestMappingHandlerMapping : 27 mappings in 'requestMappingHandlerMapping'
2026-10-04T17:07:51.766+07:00 DEBUG 25480 --- [           main] o.s.w.s.handler.SimpleUrlHandlerMapping  : Patterns [/webjars/**, /**, /swagger-ui/**, /swagger-ui/*index.html, /swagger-ui/*swagger-initializer.js, /webjars/*swagger-ui/**, /webjars/*swagger-ui/*index.html, /webjars/*swagger-ui/5.32.14/*index.html, /webjars/*swagger-ui/*swagger-initializer.js, /webjars/*swagger-ui/5.32.14/*swagger-initializer.js] in 'resourceHandlerMapping'
2026-10-04T17:07:51.776+07:00 DEBUG 25480 --- [           main] s.w.s.m.m.a.RequestMappingHandlerAdapter : ControllerAdvice beans: 0 @ModelAttribute, 0 @InitBinder, 2 RequestBodyAdvice, 1 ResponseBodyAdvice
2026-10-04T17:07:51.788+07:00 DEBUG 25480 --- [           main] .m.m.a.ExceptionHandlerExceptionResolver : ControllerAdvice beans: 2 @ExceptionHandler, 1 ResponseBodyAdvice
2026-10-04T17:07:52.007+07:00 DEBUG 25480 --- [           main] .s.b.a.l.ConditionEvaluationReportLogger : 


============================
CONDITIONS EVALUATION REPORT
============================


Positive matches:
-----------------

   AopAutoConfiguration matched:
      - @ConditionalOnBooleanProperty (spring.aop.auto=true) matched (OnPropertyCondition)

   AopAutoConfiguration.AspectJAutoProxyingConfiguration matched:
      - @ConditionalOnClass found required class 'org.aspectj.weaver.Advice' (OnClassCondition)

   AopAutoConfiguration.AspectJAutoProxyingConfiguration.CglibAutoProxyConfiguration matched:
      - @ConditionalOnBooleanProperty (spring.aop.proxy-target-class=true) matched (OnPropertyCondition)

   ApplicationAvailabilityAutoConfiguration#applicationAvailability matched:
      - @ConditionalOnMissingBean (types: org.springframework.boot.availability.ApplicationAvailability; SearchStrategy: all) did not find any beans (OnBeanCondition)

   CacheAutoConfiguration matched:
      - @ConditionalOnClass found required class 'org.springframework.cache.CacheManager' (OnClassCondition)
      - @ConditionalOnBean (types: org.springframework.cache.interceptor.CacheAspectSupport; SearchStrategy: all) found bean 'cacheInterceptor'; @ConditionalOnMissingBean (names: cacheResolver types: org.springframework.cache.CacheManager; SearchStrategy: all) did not find any beans (OnBeanCondition)

   CacheAutoConfiguration#cacheManagerCustomizers matched:
      - @ConditionalOnMissingBean (types: org.springframework.boot.cache.autoconfigure.CacheManagerCustomizers; SearchStrategy: all) did not find any beans (OnBeanCondition)

   CacheAutoConfiguration.CacheManagerEntityManagerFactoryDependsOnConfiguration matched:
      - @ConditionalOnClass found required classes 'org.springframework.boot.jpa.autoconfigure.EntityManagerFactoryDependsOnPostProcessor', 'org.springframework.orm.jpa.LocalContainerEntityManagerFactoryBean' (OnClassCondition)
      - @ConditionalOnBean (types: org.springframework.orm.jpa.AbstractEntityManagerFactoryBean; SearchStrategy: all) found bean '&entityManagerFactory' (OnBeanCondition)

   DataJpaRepositoriesAutoConfiguration matched:
      - @ConditionalOnClass found required class 'org.springframework.data.jpa.repository.JpaRepository' (OnClassCondition)
      - @ConditionalOnBooleanProperty (spring.data.jpa.repositories.enabled=true) matched (OnPropertyCondition)
      - @ConditionalOnBean (types: javax.sql.DataSource; SearchStrategy: all) found bean 'dataSource'; @ConditionalOnMissingBean (types: org.springframework.data.jpa.repository.support.JpaRepositoryFactoryBean,org.springframework.data.jpa.repository.config.JpaRepositoryConfigExtension; SearchStrategy: all) did not find any beans (OnBeanCondition)

   DataRedisAnnotationDrivenConfiguration matched:
      - @ConditionalOnClass found required classes 'org.springframework.data.redis.annotation.EnableRedisListeners', 'org.springframework.messaging.Message' (OnClassCondition)

   DataRedisAnnotationDrivenConfiguration#redisMessageListenerContainer matched:
      - @ConditionalOnSingleCandidate (types: org.springframework.data.redis.connection.RedisConnectionFactory; SearchStrategy: all) found a single bean 'redisConnectionFactory'; @ConditionalOnMissingBean (names: redisMessageListenerContainer; SearchStrategy: all) did not find any beans (OnBeanCondition)
      - @ConditionalOnThreading found PLATFORM (OnThreadingCondition)

   DataRedisAnnotationDrivenConfiguration#redisMessageListenerContainerConfigurer matched:
      - @ConditionalOnMissingBean (types: org.springframework.boot.data.redis.autoconfigure.RedisMessageListenerContainerConfigurer; SearchStrategy: all) did not find any beans (OnBeanCondition)

   DataRedisAnnotationDrivenConfiguration.EnableRedisListenersConfiguration matched:
      - @ConditionalOnMissingBean (names: org.springframework.data.redis.config.internalRedisListenerAnnotationProcessor; SearchStrategy: all) did not find any beans (OnBeanCondition)

   DataRedisAutoConfiguration matched:
      - @ConditionalOnClass found required class 'org.springframework.data.redis.core.RedisOperations' (OnClassCondition)

   DataRedisAutoConfiguration#redisConnectionDetails matched:
      - @ConditionalOnMissingBean (types: org.springframework.boot.data.redis.autoconfigure.DataRedisConnectionDetails; SearchStrategy: all) did not find any beans (OnBeanCondition)

   DataRedisAutoConfiguration#redisTemplate matched:
      - @ConditionalOnSingleCandidate (types: org.springframework.data.redis.connection.RedisConnectionFactory; SearchStrategy: all) found a single bean 'redisConnectionFactory'; @ConditionalOnMissingBean (names: redisTemplate; SearchStrategy: all) did not find any beans (OnBeanCondition)

   DataRedisAutoConfiguration#stringRedisTemplate matched:
      - @ConditionalOnSingleCandidate (types: org.springframework.data.redis.connection.RedisConnectionFactory; SearchStrategy: all) found a single bean 'redisConnectionFactory'; @ConditionalOnMissingBean (types: org.springframework.data.redis.core.StringRedisTemplate; SearchStrategy: all) did not find any beans (OnBeanCondition)

   DataRedisReactiveAutoConfiguration matched:
      - @ConditionalOnClass found required classes 'org.springframework.data.redis.connection.ReactiveRedisConnectionFactory', 'org.springframework.data.redis.core.ReactiveRedisTemplate', 'reactor.core.publisher.Flux' (OnClassCondition)

   DataRedisReactiveAutoConfiguration#reactiveRedisTemplate matched:
      - @ConditionalOnBean (types: org.springframework.data.redis.connection.ReactiveRedisConnectionFactory; SearchStrategy: all) found bean 'redisConnectionFactory'; @ConditionalOnMissingBean (names: reactiveRedisTemplate; SearchStrategy: all) did not find any beans (OnBeanCondition)

   DataRedisReactiveAutoConfiguration#reactiveStringRedisTemplate matched:
      - @ConditionalOnBean (types: org.springframework.data.redis.connection.ReactiveRedisConnectionFactory; SearchStrategy: all) found bean 'redisConnectionFactory'; @ConditionalOnMissingBean (names: reactiveStringRedisTemplate; SearchStrategy: all) did not find any beans (OnBeanCondition)

   DataRedisRepositoriesAutoConfiguration matched:
      - @ConditionalOnClass found required class 'org.springframework.data.redis.repository.configuration.EnableRedisRepositories' (OnClassCondition)
      - @ConditionalOnBooleanProperty (spring.data.redis.repositories.enabled=true) matched (OnPropertyCondition)
      - @ConditionalOnBean (types: org.springframework.data.redis.connection.RedisConnectionFactory; SearchStrategy: all) found bean 'redisConnectionFactory'; @ConditionalOnMissingBean (types: org.springframework.data.redis.repository.support.RedisRepositoryFactoryBean; SearchStrategy: all) did not find any beans (OnBeanCondition)

   DataSourceAutoConfiguration matched:
      - @ConditionalOnClass found required classes 'javax.sql.DataSource', 'org.springframework.jdbc.datasource.embedded.EmbeddedDatabaseType' (OnClassCondition)
      - @ConditionalOnMissingBean (types: io.r2dbc.spi.ConnectionFactory; SearchStrategy: all) did not find any beans (OnBeanCondition)

   DataSourceAutoConfiguration.PooledDataSourceConfiguration matched:
      - AnyNestedCondition 1 matched 1 did not; NestedCondition on DataSourceAutoConfiguration.PooledDataSourceCondition.PooledDataSourceAvailable PooledDataSource found supported DataSource; NestedCondition on DataSourceAutoConfiguration.PooledDataSourceCondition.ExplicitType @ConditionalOnProperty (spring.datasource.type) did not find property 'spring.datasource.type' (DataSourceAutoConfiguration.PooledDataSourceCondition)
      - @ConditionalOnMissingBean (types: javax.sql.DataSource,javax.sql.XADataSource; SearchStrategy: all) did not find any beans (OnBeanCondition)

   DataSourceAutoConfiguration.PooledDataSourceConfiguration#jdbcConnectionDetails matched:
      - @ConditionalOnMissingBean (types: org.springframework.boot.jdbc.autoconfigure.JdbcConnectionDetails; SearchStrategy: all) did not find any beans (OnBeanCondition)

   DataSourceConfiguration.Hikari matched:
      - @ConditionalOnClass found required class 'com.zaxxer.hikari.HikariDataSource' (OnClassCondition)
      - @ConditionalOnProperty (spring.datasource.type=com.zaxxer.hikari.HikariDataSource) matched (OnPropertyCondition)
      - @ConditionalOnMissingBean (types: javax.sql.DataSource; SearchStrategy: all) did not find any beans (OnBeanCondition)

   DataSourceInitializationAutoConfiguration matched:
      - @ConditionalOnClass found required class 'org.springframework.jdbc.datasource.init.DatabasePopulator' (OnClassCondition)
      - SQL InitializationDatabase Initialization spring.sql.init.mode is ALWAYS (OnSqlInitializationCondition)
      - @ConditionalOnSingleCandidate (types: javax.sql.DataSource; SearchStrategy: all) found a single bean 'dataSource'; @ConditionalOnMissingBean (types: org.springframework.boot.sql.autoconfigure.init.ApplicationScriptDatabaseInitializer; SearchStrategy: all) did not find any beans (OnBeanCondition)

   DataSourcePoolMetadataProvidersConfiguration.HikariPoolDataSourceMetadataProviderConfiguration matched:
      - @ConditionalOnClass found required class 'com.zaxxer.hikari.HikariDataSource' (OnClassCondition)

   DataSourceTransactionManagerAutoConfiguration matched:
      - @ConditionalOnClass found required classes 'javax.sql.DataSource', 'org.springframework.jdbc.core.JdbcTemplate', 'org.springframework.transaction.TransactionManager' (OnClassCondition)

   DataSourceTransactionManagerAutoConfiguration.JdbcTransactionManagerConfiguration matched:
      - @ConditionalOnSingleCandidate (types: javax.sql.DataSource; SearchStrategy: all) found a single bean 'dataSource' (OnBeanCondition)

   DataWebAutoConfiguration matched:
      - @ConditionalOnClass found required classes 'org.springframework.data.web.PageableHandlerMethodArgumentResolver', 'org.springframework.web.servlet.config.annotation.WebMvcConfigurer' (OnClassCondition)
      - found 'session' scope (OnWebApplicationCondition)
      - @ConditionalOnMissingBean (types: org.springframework.data.web.PageableHandlerMethodArgumentResolver; SearchStrategy: all) did not find any beans (OnBeanCondition)

   DataWebAutoConfiguration#pageableCustomizer matched:
      - @ConditionalOnMissingBean (types: org.springframework.data.web.config.PageableHandlerMethodArgumentResolverCustomizer; SearchStrategy: all) did not find any beans (OnBeanCondition)

   DataWebAutoConfiguration#sortCustomizer matched:
      - @ConditionalOnMissingBean (types: org.springframework.data.web.config.SortHandlerMethodArgumentResolverCustomizer; SearchStrategy: all) did not find any beans (OnBeanCondition)

   DataWebAutoConfiguration#springDataWebSettings matched:
      - @ConditionalOnMissingBean (types: org.springframework.data.web.config.SpringDataWebSettings; SearchStrategy: all) did not find any beans (OnBeanCondition)

   DispatcherServletAutoConfiguration matched:
      - @ConditionalOnClass found required class 'org.springframework.web.servlet.DispatcherServlet' (OnClassCondition)
      - found 'session' scope (OnWebApplicationCondition)

   DispatcherServletAutoConfiguration.DispatcherServletConfiguration matched:
      - @ConditionalOnClass found required class 'jakarta.servlet.ServletRegistration' (OnClassCondition)
      - Default DispatcherServlet did not find dispatcher servlet beans (DispatcherServletAutoConfiguration.DefaultDispatcherServletCondition)

   DispatcherServletAutoConfiguration.DispatcherServletRegistrationConfiguration matched:
      - @ConditionalOnClass found required class 'jakarta.servlet.ServletRegistration' (OnClassCondition)
      - DispatcherServlet Registration did not find servlet registration bean (DispatcherServletAutoConfiguration.DispatcherServletRegistrationCondition)

   DispatcherServletAutoConfiguration.DispatcherServletRegistrationConfiguration#dispatcherServletRegistration matched:
      - @ConditionalOnBean (names: dispatcherServlet types: org.springframework.web.servlet.DispatcherServlet; SearchStrategy: all) found bean 'dispatcherServlet' (OnBeanCondition)

   ErrorMvcAutoConfiguration matched:
      - @ConditionalOnClass found required classes 'jakarta.servlet.Servlet', 'org.springframework.web.servlet.DispatcherServlet' (OnClassCondition)
      - found 'session' scope (OnWebApplicationCondition)

   ErrorMvcAutoConfiguration#basicErrorController matched:
      - @ConditionalOnMissingBean (types: org.springframework.boot.webmvc.error.ErrorController; SearchStrategy: current) did not find any beans (OnBeanCondition)

   ErrorMvcAutoConfiguration#errorAttributes matched:
      - @ConditionalOnMissingBean (types: org.springframework.boot.webmvc.error.ErrorAttributes; SearchStrategy: current) did not find any beans (OnBeanCondition)

   ErrorMvcAutoConfiguration.DefaultErrorViewResolverConfiguration#conventionErrorViewResolver matched:
      - @ConditionalOnBean (types: org.springframework.web.servlet.DispatcherServlet; SearchStrategy: all) found bean 'dispatcherServlet'; @ConditionalOnMissingBean (types: org.springframework.boot.webmvc.autoconfigure.error.ErrorViewResolver; SearchStrategy: all) did not find any beans (OnBeanCondition)

   ErrorMvcAutoConfiguration.WhitelabelErrorViewConfiguration matched:
      - @ConditionalOnBooleanProperty (spring.web.error.whitelabel.enabled=true) matched (OnPropertyCondition)
      - ErrorTemplate Missing did not find error template view (ErrorMvcAutoConfiguration.ErrorTemplateMissingCondition)

   ErrorMvcAutoConfiguration.WhitelabelErrorViewConfiguration#beanNameViewResolver matched:
      - @ConditionalOnMissingBean (types: org.springframework.web.servlet.view.BeanNameViewResolver; SearchStrategy: all) did not find any beans (OnBeanCondition)

   ErrorMvcAutoConfiguration.WhitelabelErrorViewConfiguration#defaultErrorView matched:
      - @ConditionalOnMissingBean (names: error; SearchStrategy: all) did not find any beans (OnBeanCondition)

   HibernateJpaAutoConfiguration matched:
      - @ConditionalOnClass found required classes 'org.springframework.orm.jpa.LocalContainerEntityManagerFactoryBean', 'jakarta.persistence.EntityManager', 'org.hibernate.engine.spi.SessionImplementor' (OnClassCondition)

   HibernateJpaConfiguration matched:
      - @ConditionalOnSingleCandidate (types: javax.sql.DataSource; SearchStrategy: all) found a single bean 'dataSource' (OnBeanCondition)

   HttpEncodingAutoConfiguration matched:
      - @ConditionalOnClass found required class 'org.springframework.web.filter.CharacterEncodingFilter' (OnClassCondition)
      - found 'session' scope (OnWebApplicationCondition)
      - @ConditionalOnBooleanProperty (spring.servlet.encoding.enabled=true) matched (OnPropertyCondition)

   HttpEncodingAutoConfiguration#characterEncodingFilter matched:
      - @ConditionalOnMissingBean (types: org.springframework.web.filter.CharacterEncodingFilter; SearchStrategy: all) did not find any beans (OnBeanCondition)

   HttpMessageConvertersAutoConfiguration matched:
      - @ConditionalOnClass found required class 'org.springframework.http.converter.HttpMessageConverter' (OnClassCondition)
      - NoneNestedConditions 0 matched 1 did not; NestedCondition on HttpMessageConvertersAutoConfiguration.NotReactiveWebApplicationCondition.ReactiveWebApplication did not find reactive web application classes (HttpMessageConvertersAutoConfiguration.NotReactiveWebApplicationCondition)

   HttpMessageConvertersAutoConfiguration.StringHttpMessageConverterConfiguration#stringHttpMessageConvertersCustomizer matched:
      - @ConditionalOnMissingBean (types: org.springframework.http.converter.StringHttpMessageConverter; SearchStrategy: all) did not find any beans (OnBeanCondition)

   JacksonAutoConfiguration matched:
      - @ConditionalOnClass found required class 'tools.jackson.databind.json.JsonMapper' (OnClassCondition)

   JacksonAutoConfiguration#jacksonJsonMapper matched:
      - @ConditionalOnMissingBean (types: tools.jackson.databind.json.JsonMapper; SearchStrategy: all) did not find any beans (OnBeanCondition)

   JacksonAutoConfiguration#jsonFactory matched:
      - @ConditionalOnMissingBean (types: tools.jackson.core.json.JsonFactory; SearchStrategy: all) did not find any beans (OnBeanCondition)

   JacksonAutoConfiguration#jsonMapperBuilder matched:
      - @ConditionalOnMissingBean (types: tools.jackson.databind.json.JsonMapper$Builder; SearchStrategy: all) did not find any beans (OnBeanCondition)

   JacksonAutoConfiguration.JsonProblemDetailsConfiguration matched:
      - @ConditionalOnClass found required class 'org.springframework.http.ProblemDetail' (OnClassCondition)

   JacksonHttpMessageConvertersConfiguration.JacksonJsonHttpMessageConverterConfiguration matched:
      - @ConditionalOnClass found required class 'tools.jackson.databind.json.JsonMapper' (OnClassCondition)
      - @ConditionalOnProperty (spring.http.converters.preferred-json-mapper=jackson) matched (OnPropertyCondition)
      - @ConditionalOnBean (types: tools.jackson.databind.json.JsonMapper; SearchStrategy: all) found bean 'jacksonJsonMapper' (OnBeanCondition)

   JacksonHttpMessageConvertersConfiguration.JacksonJsonHttpMessageConverterConfiguration#jacksonJsonHttpMessageConvertersCustomizer matched:
      - @ConditionalOnMissingBean (types: org.springframework.http.converter.json.JacksonJsonHttpMessageConverter ignored: org.springframework.hateoas.server.mvc.TypeConstrainedJacksonJsonHttpMessageConverter,org.springframework.data.rest.webmvc.alps.AlpsJacksonJsonHttpMessageConverter; SearchStrategy: all) did not find any beans (OnBeanCondition)

   JdbcClientAutoConfiguration matched:
      - @ConditionalOnSingleCandidate (types: org.springframework.jdbc.core.namedparam.NamedParameterJdbcTemplate; SearchStrategy: all) found a single bean 'namedParameterJdbcTemplate'; @ConditionalOnMissingBean (types: org.springframework.jdbc.core.simple.JdbcClient; SearchStrategy: all) did not find any beans (OnBeanCondition)

   JdbcTemplateAutoConfiguration matched:
      - @ConditionalOnClass found required classes 'javax.sql.DataSource', 'org.springframework.jdbc.core.JdbcTemplate' (OnClassCondition)
      - @ConditionalOnSingleCandidate (types: javax.sql.DataSource; SearchStrategy: all) found a single bean 'dataSource' (OnBeanCondition)

   JdbcTemplateConfiguration matched:
      - @ConditionalOnMissingBean (types: org.springframework.jdbc.core.JdbcOperations; SearchStrategy: all) did not find any beans (OnBeanCondition)

   JpaBaseConfiguration#entityManagerFactory matched:
      - @ConditionalOnMissingBean (types: org.springframework.orm.jpa.LocalContainerEntityManagerFactoryBean,jakarta.persistence.EntityManagerFactory; SearchStrategy: all) did not find any beans (OnBeanCondition)

   JpaBaseConfiguration#entityManagerFactoryBuilder matched:
      - @ConditionalOnMissingBean (types: org.springframework.boot.jpa.EntityManagerFactoryBuilder; SearchStrategy: all) did not find any beans (OnBeanCondition)

   JpaBaseConfiguration#jpaVendorAdapter matched:
      - @ConditionalOnMissingBean (types: org.springframework.orm.jpa.JpaVendorAdapter; SearchStrategy: all) did not find any beans (OnBeanCondition)

   JpaBaseConfiguration#transactionManager matched:
      - @ConditionalOnMissingBean (types: org.springframework.transaction.TransactionManager; SearchStrategy: all) did not find any beans (OnBeanCondition)

   JpaBaseConfiguration.JpaWebConfiguration matched:
      - @ConditionalOnClass found required class 'org.springframework.web.servlet.config.annotation.WebMvcConfigurer' (OnClassCondition)
      - found 'session' scope (OnWebApplicationCondition)
      - @ConditionalOnBooleanProperty (spring.jpa.open-in-view=true) matched (OnPropertyCondition)
      - @ConditionalOnMissingBean (types: org.springframework.orm.jpa.support.OpenEntityManagerInViewInterceptor,org.springframework.orm.jpa.support.OpenEntityManagerInViewFilter; SearchStrategy: all) did not find any beans (OnBeanCondition)

   JpaBaseConfiguration.PersistenceManagedTypesConfiguration matched:
      - @ConditionalOnMissingBean (types: org.springframework.orm.jpa.LocalContainerEntityManagerFactoryBean,jakarta.persistence.EntityManagerFactory; SearchStrategy: all) did not find any beans (OnBeanCondition)

   JpaBaseConfiguration.PersistenceManagedTypesConfiguration#persistenceManagedTypes matched:
      - @ConditionalOnMissingBean (types: org.springframework.orm.jpa.persistenceunit.PersistenceManagedTypes; SearchStrategy: all) did not find any beans (OnBeanCondition)

   JtaAutoConfiguration matched:
      - @ConditionalOnClass found required class 'jakarta.transaction.Transaction' (OnClassCondition)
      - @ConditionalOnBooleanProperty (spring.jta.enabled=true) matched (OnPropertyCondition)

   LettuceConnectionConfiguration matched:
      - @ConditionalOnClass found required class 'io.lettuce.core.RedisClient' (OnClassCondition)
      - @ConditionalOnProperty (spring.data.redis.client-type=lettuce) matched (OnPropertyCondition)

   LettuceConnectionConfiguration#lettuceClientResources matched:
      - @ConditionalOnMissingBean (types: io.lettuce.core.resource.ClientResources; SearchStrategy: all) did not find any beans (OnBeanCondition)

   LettuceConnectionConfiguration#redisConnectionFactory matched:
      - @ConditionalOnMissingBean (types: org.springframework.data.redis.connection.RedisConnectionFactory; SearchStrategy: all) did not find any beans (OnBeanCondition)
      - @ConditionalOnThreading found PLATFORM (OnThreadingCondition)

   LifecycleAutoConfiguration#defaultLifecycleProcessor matched:
      - @ConditionalOnMissingBean (names: lifecycleProcessor; SearchStrategy: current) did not find any beans (OnBeanCondition)

   MultipartAutoConfiguration matched:
      - @ConditionalOnClass found required classes 'jakarta.servlet.Servlet', 'org.springframework.web.multipart.support.StandardServletMultipartResolver', 'jakarta.servlet.MultipartConfigElement' (OnClassCondition)
      - found 'session' scope (OnWebApplicationCondition)
      - @ConditionalOnBooleanProperty (spring.servlet.multipart.enabled=true) matched (OnPropertyCondition)

   MultipartAutoConfiguration#multipartConfigElement matched:
      - @ConditionalOnMissingBean (types: jakarta.servlet.MultipartConfigElement; SearchStrategy: all) did not find any beans (OnBeanCondition)

   MultipartAutoConfiguration#multipartResolver matched:
      - @ConditionalOnMissingBean (types: org.springframework.web.multipart.MultipartResolver; SearchStrategy: all) did not find any beans (OnBeanCondition)

   NamedParameterJdbcTemplateConfiguration matched:
      - @ConditionalOnSingleCandidate (types: org.springframework.jdbc.core.JdbcTemplate; SearchStrategy: all) found a single bean 'jdbcTemplate'; @ConditionalOnMissingBean (types: org.springframework.jdbc.core.namedparam.NamedParameterJdbcOperations; SearchStrategy: all) did not find any beans (OnBeanCondition)

   NettyAutoConfiguration matched:
      - @ConditionalOnClass found required class 'io.netty.util.NettyRuntime' (OnClassCondition)

   NoOpCacheConfiguration matched:
      - Cache org.springframework.boot.cache.autoconfigure.NoOpCacheConfiguration NONE cache type (CacheCondition)
      - @ConditionalOnMissingBean (types: org.springframework.cache.CacheManager; SearchStrategy: all) did not find any beans (OnBeanCondition)

   PersistenceExceptionTranslationAutoConfiguration matched:
      - @ConditionalOnClass found required class 'org.springframework.dao.annotation.PersistenceExceptionTranslationPostProcessor' (OnClassCondition)

   PersistenceExceptionTranslationAutoConfiguration#persistenceExceptionTranslationPostProcessor matched:
      - @ConditionalOnBooleanProperty (spring.persistence.exceptiontranslation.enabled=true) matched (OnPropertyCondition)
      - @ConditionalOnMissingBean (types: org.springframework.dao.annotation.PersistenceExceptionTranslationPostProcessor; SearchStrategy: all) did not find any beans (OnBeanCondition)

   PropertyPlaceholderAutoConfiguration#propertySourcesPlaceholderConfigurer matched:
      - @ConditionalOnMissingBean (types: org.springframework.context.support.PropertySourcesPlaceholderConfigurer; SearchStrategy: current) did not find any beans (OnBeanCondition)

   SpringDocConfigProperties matched:
      - @ConditionalOnProperty (springdoc.api-docs.enabled) matched (OnPropertyCondition)
      - @ConditionalOnBean (types: org.springdoc.core.configuration.SpringDocConfiguration; SearchStrategy: all) found bean 'org.springdoc.core.configuration.SpringDocConfiguration' (OnBeanCondition)

   SpringDocConfiguration matched:
      - @ConditionalOnWebApplication (required) found 'session' scope (OnWebApplicationCondition)
      - @ConditionalOnProperty (springdoc.api-docs.enabled) matched (OnPropertyCondition)

   SpringDocConfiguration#fileSupportConverter matched:
      - @ConditionalOnMissingBean (types: org.springdoc.core.converters.FileSupportConverter; SearchStrategy: all) did not find any beans (OnBeanCondition)

   SpringDocConfiguration#globalOpenApiCustomizer matched:
      - @ConditionalOnMissingBean (names: globalOpenApiCustomizer; SearchStrategy: all) did not find any beans (OnBeanCondition)

   SpringDocConfiguration#initExtraSchemas matched:
      - @ConditionalOnProperty (springdoc.enable-extra-schemas) matched (OnPropertyCondition)

   SpringDocConfiguration#methodParameterPojoExtractor matched:
      - @ConditionalOnMissingBean (types: org.springdoc.core.extractor.MethodParameterPojoExtractor; SearchStrategy: all) did not find any beans (OnBeanCondition)

   SpringDocConfiguration#openAPIBuilder matched:
      - @ConditionalOnMissingBean (types: org.springdoc.core.service.OpenAPIService; SearchStrategy: all) did not find any beans (OnBeanCondition)

   SpringDocConfiguration#operationBuilder matched:
      - @ConditionalOnMissingBean (types: org.springdoc.core.service.OperationService; SearchStrategy: all) did not find any beans (OnBeanCondition)

   SpringDocConfiguration#parameterBuilder matched:
      - @ConditionalOnMissingBean (types: org.springdoc.core.service.GenericParameterService; SearchStrategy: all) did not find any beans (OnBeanCondition)

   SpringDocConfiguration#parameterObjectNamingStrategyCustomizer matched:
      - @ConditionalOnMissingBean (types: org.springdoc.core.customizers.ParameterObjectNamingStrategyCustomizer; SearchStrategy: all) did not find any beans (OnBeanCondition)

   SpringDocConfiguration#polymorphicModelConverter matched:
      - @ConditionalOnProperty (springdoc.model-converters.polymorphic-converter.enabled) matched (OnPropertyCondition)
      - @ConditionalOnMissingBean (types: org.springdoc.core.converters.PolymorphicModelConverter; SearchStrategy: all) did not find any beans (OnBeanCondition)

   SpringDocConfiguration#requestBodyBuilder matched:
      - @ConditionalOnMissingBean (types: org.springdoc.core.service.RequestBodyService; SearchStrategy: all) did not find any beans (OnBeanCondition)

   SpringDocConfiguration#responseSupportConverter matched:
      - @ConditionalOnMissingBean (types: org.springdoc.core.converters.ResponseSupportConverter; SearchStrategy: all) did not find any beans (OnBeanCondition)

   SpringDocConfiguration#schemaPropertyDeprecatingConverter matched:
      - @ConditionalOnProperty (springdoc.model-converters.deprecating-converter.enabled) matched (OnPropertyCondition)
      - @ConditionalOnMissingBean (types: org.springdoc.core.converters.SchemaPropertyDeprecatingConverter; SearchStrategy: all) did not find any beans (OnBeanCondition)

   SpringDocConfiguration#schemaUtils matched:
      - @ConditionalOnMissingBean (types: org.springdoc.core.utils.SchemaUtils; SearchStrategy: all) did not find any beans (OnBeanCondition)

   SpringDocConfiguration#securityParser matched:
      - @ConditionalOnMissingBean (types: org.springdoc.core.service.SecurityService; SearchStrategy: all) did not find any beans (OnBeanCondition)

   SpringDocConfiguration#springDocAppInitializer matched:
      - @ConditionalOnMissingBean (names: springDocAppInitializer; SearchStrategy: all) did not find any beans (OnBeanCondition)

   SpringDocConfiguration#springDocCustomizers matched:
      - @ConditionalOnMissingBean (types: org.springdoc.core.customizers.SpringDocCustomizers; SearchStrategy: all) did not find any beans (OnBeanCondition)

   SpringDocConfiguration#springDocProviders matched:
      - @ConditionalOnMissingBean (types: org.springdoc.core.providers.SpringDocProviders; SearchStrategy: all) did not find any beans (OnBeanCondition)

   SpringDocConfiguration#springdocObjectMapperProvider matched:
      - @ConditionalOnMissingBean (types: org.springdoc.core.providers.ObjectMapperProvider; SearchStrategy: all) did not find any beans (OnBeanCondition)

   SpringDocConfiguration.QuerydslProvider matched:
      - @ConditionalOnClass found required class 'org.springframework.data.querydsl.binding.QuerydslBindingsFactory' (OnClassCondition)

   SpringDocConfiguration.QuerydslProvider#queryDslQuerydslPredicateOperationCustomizer matched:
      - @ConditionalOnMissingBean (types: org.springdoc.core.customizers.QuerydslPredicateOperationCustomizer; SearchStrategy: all) did not find any beans (OnBeanCondition)

   SpringDocConfiguration.SpringDocSpringDataWebPropertiesProvider matched:
      - @ConditionalOnClass found required class 'org.springframework.boot.data.autoconfigure.web.DataWebProperties' (OnClassCondition)

   SpringDocConfiguration.SpringDocSpringDataWebPropertiesProvider#springDataWebPropertiesProvider matched:
      - @ConditionalOnMissingBean (types: org.springdoc.core.providers.SpringDataWebPropertiesProvider; SearchStrategy: all) did not find any beans (OnBeanCondition)

   SpringDocConfiguration.SpringDocWebFluxSupportConfiguration matched:
      - @ConditionalOnClass found required class 'reactor.core.publisher.Flux' (OnClassCondition)

   SpringDocConfiguration.SpringDocWebFluxSupportConfiguration#webFluxSupportConverter matched:
      - @ConditionalOnMissingBean (types: org.springdoc.core.converters.WebFluxSupportConverter; SearchStrategy: all) did not find any beans (OnBeanCondition)

   SpringDocConfiguration.WebConversionServiceConfiguration matched:
      - @ConditionalOnClass found required class 'org.springframework.boot.autoconfigure.web.format.WebConversionService' (OnClassCondition)

   SpringDocPageableConfiguration matched:
      - @ConditionalOnClass found required class 'org.springframework.data.domain.Pageable' (OnClassCondition)
      - @ConditionalOnWebApplication (required) found 'session' scope (OnWebApplicationCondition)
      - @ConditionalOnProperty (springdoc.api-docs.enabled) matched (OnPropertyCondition)
      - @ConditionalOnBean (types: org.springdoc.core.configuration.SpringDocConfiguration; SearchStrategy: all) found bean 'org.springdoc.core.configuration.SpringDocConfiguration' (OnBeanCondition)

   SpringDocPageableConfiguration#dataRestDelegatingMethodParameterCustomizer matched:
      - @ConditionalOnMissingBean (types: org.springdoc.core.customizers.DataRestDelegatingMethodParameterCustomizer; SearchStrategy: all) did not find any beans (OnBeanCondition)

   SpringDocPageableConfiguration#pageOpenAPIConverter matched:
      - @ConditionalOnClass found required classes 'org.springframework.data.web.PagedModel', 'org.springframework.data.web.config.SpringDataWebSettings' (OnClassCondition)
      - @ConditionalOnMissingBean (types: org.springdoc.core.converters.PageOpenAPIConverter; SearchStrategy: all) did not find any beans (OnBeanCondition)

   SpringDocPageableConfiguration#pageableOpenAPIConverter matched:
      - @ConditionalOnProperty (springdoc.model-converters.pageable-converter.enabled) matched (OnPropertyCondition)
      - @ConditionalOnMissingBean (types: org.springdoc.core.converters.PageableOpenAPIConverter; SearchStrategy: all) did not find any beans (OnBeanCondition)

   SpringDocSortConfiguration matched:
      - @ConditionalOnClass found required class 'org.springframework.data.domain.Sort' (OnClassCondition)
      - @ConditionalOnWebApplication (required) found 'session' scope (OnWebApplicationCondition)
      - @ConditionalOnProperty (springdoc.api-docs.enabled) matched (OnPropertyCondition)
      - @ConditionalOnBean (types: org.springdoc.core.configuration.SpringDocConfiguration; SearchStrategy: all) found bean 'org.springdoc.core.configuration.SpringDocConfiguration' (OnBeanCondition)

   SpringDocSortConfiguration#sortOpenAPIConverter matched:
      - @ConditionalOnProperty (springdoc.sort-converter.enabled) matched (OnPropertyCondition)
      - @ConditionalOnMissingBean (types: org.springdoc.core.converters.SortOpenAPIConverter; SearchStrategy: all) did not find any beans (OnBeanCondition)

   SpringDocWebMvcConfiguration matched:
      - found 'session' scope (OnWebApplicationCondition)
      - @ConditionalOnProperty (springdoc.api-docs.enabled) matched (OnPropertyCondition)
      - @ConditionalOnBean (types: org.springdoc.core.configuration.SpringDocConfiguration; SearchStrategy: all) found bean 'org.springdoc.core.configuration.SpringDocConfiguration' (OnBeanCondition)

   SpringDocWebMvcConfiguration#openApiResource matched:
      - @ConditionalOnExpression (#{(${springdoc.use-management-port:false} == false ) and ${springdoc.enable-default-api-docs:true}}) resulted in true (OnExpressionCondition)
      - @ConditionalOnMissingBean (types: org.springdoc.webmvc.api.OpenApiWebMvcResource; SearchStrategy: all) did not find any beans (OnBeanCondition)

   SpringDocWebMvcConfiguration#requestBuilder matched:
      - @ConditionalOnMissingBean (types: org.springdoc.webmvc.core.service.RequestService; SearchStrategy: all) did not find any beans (OnBeanCondition)

   SpringDocWebMvcConfiguration#responseBuilder matched:
      - @ConditionalOnMissingBean (types: org.springdoc.core.service.GenericResponseService; SearchStrategy: all) did not find any beans (OnBeanCondition)

   SpringDocWebMvcConfiguration#springWebProvider matched:
      - @ConditionalOnMissingBean (types: org.springdoc.core.providers.SpringWebProvider; SearchStrategy: all) did not find any beans (OnBeanCondition)

   SpringDocWebMvcConfiguration.SpringDocWebMvcActuatorConfiguration matched:
      - @ConditionalOnClass found required class 'org.springframework.boot.webmvc.actuate.endpoint.web.WebMvcEndpointHandlerMapping' (OnClassCondition)

   SpringDocWebMvcConfiguration.SpringDocWebMvcRouterConfiguration matched:
      - @ConditionalOnClass found required class 'org.springframework.web.servlet.function.RouterFunction' (OnClassCondition)

   SpringDocWebMvcConfiguration.SpringDocWebMvcRouterConfiguration#routerFunctionProvider matched:
      - @ConditionalOnMissingBean (types: org.springdoc.webmvc.core.providers.RouterFunctionWebMvcProvider; SearchStrategy: all) did not find any beans (OnBeanCondition)

   SpringDocWebServerConfiguration.EmbeddedWebServerConfiguration matched:
      - @ConditionalOnClass found required classes 'org.springframework.boot.web.server.context.WebServerInitializedEvent', 'org.springframework.boot.web.server.autoconfigure.ServerProperties' (OnClassCondition)

   SslAutoConfiguration#sslBundleRegistry matched:
      - @ConditionalOnMissingBean (types: org.springframework.boot.ssl.SslBundleRegistry,org.springframework.boot.ssl.SslBundles; SearchStrategy: all) did not find any beans (OnBeanCondition)

   SwaggerConfig matched:
      - found 'session' scope (OnWebApplicationCondition)
      - @ConditionalOnProperty (springdoc.swagger-ui.enabled) matched (OnPropertyCondition)
      - @ConditionalOnBean (types: org.springdoc.core.configuration.SpringDocConfiguration; SearchStrategy: all) found bean 'org.springdoc.core.configuration.SpringDocConfiguration' (OnBeanCondition)

   SwaggerConfig#indexPageTransformer matched:
      - @ConditionalOnMissingBean (types: org.springdoc.webmvc.ui.SwaggerIndexTransformer; SearchStrategy: all) did not find any beans (OnBeanCondition)

   SwaggerConfig#springDocSwaggerInitializer matched:
      - @ConditionalOnProperty (springdoc.use-management-port=false) matched (OnPropertyCondition)
      - @ConditionalOnMissingBean (names: springDocSwaggerInitializer; SearchStrategy: all) did not find any beans (OnBeanCondition)

   SwaggerConfig#swaggerConfigResource matched:
      - @ConditionalOnProperty (springdoc.use-management-port=false) matched (OnPropertyCondition)
      - @ConditionalOnMissingBean (types: org.springdoc.webmvc.ui.SwaggerConfigResource; SearchStrategy: all) did not find any beans (OnBeanCondition)

   SwaggerConfig#swaggerResourceResolver matched:
      - @ConditionalOnMissingBean (types: org.springdoc.webmvc.ui.SwaggerResourceResolver; SearchStrategy: all) did not find any beans (OnBeanCondition)

   SwaggerConfig#swaggerWebMvcConfigurer matched:
      - @ConditionalOnMissingBean (types: org.springdoc.webmvc.ui.SwaggerWebMvcConfigurer; SearchStrategy: all) did not find any beans (OnBeanCondition)

   SwaggerConfig#swaggerWelcome matched:
      - @ConditionalOnProperty (springdoc.use-management-port=false) matched (OnPropertyCondition)
      - @ConditionalOnMissingBean (types: org.springdoc.webmvc.ui.SwaggerWelcomeWebMvc; SearchStrategy: all) did not find any beans (OnBeanCondition)

   SwaggerUiConfigProperties matched:
      - @ConditionalOnProperty (springdoc.swagger-ui.enabled) matched (OnPropertyCondition)
      - @ConditionalOnBean (types: org.springdoc.core.configuration.SpringDocConfiguration; SearchStrategy: all) found bean 'org.springdoc.core.configuration.SpringDocConfiguration' (OnBeanCondition)

   SwaggerUiOAuthProperties matched:
      - @ConditionalOnProperty (springdoc.swagger-ui.enabled) matched (OnPropertyCondition)
      - @ConditionalOnBean (types: org.springdoc.core.configuration.SpringDocConfiguration; SearchStrategy: all) found bean 'org.springdoc.core.configuration.SpringDocConfiguration' (OnBeanCondition)

   TaskExecutionAutoConfiguration matched:
      - @ConditionalOnClass found required class 'org.springframework.scheduling.concurrent.ThreadPoolTaskExecutor' (OnClassCondition)

   TaskExecutorConfigurations.AsyncConfigurerConfiguration matched:
      - @ConditionalOnMissingBean (types: org.springframework.scheduling.annotation.AsyncConfigurer; SearchStrategy: all) did not find any beans (OnBeanCondition)

   TaskExecutorConfigurations.SimpleAsyncTaskExecutorBuilderConfiguration#simpleAsyncTaskExecutorBuilder matched:
      - @ConditionalOnMissingBean (types: org.springframework.boot.task.SimpleAsyncTaskExecutorBuilder; SearchStrategy: all) did not find any beans (OnBeanCondition)
      - @ConditionalOnThreading found PLATFORM (OnThreadingCondition)

   TaskExecutorConfigurations.TaskExecutorConfiguration matched:
      - AnyNestedCondition 1 matched 1 did not; NestedCondition on TaskExecutorConfigurations.OnExecutorCondition.ModelCondition @ConditionalOnProperty (spring.task.execution.mode=force) did not find property 'spring.task.execution.mode'; NestedCondition on TaskExecutorConfigurations.OnExecutorCondition.ExecutorBeanCondition @ConditionalOnMissingBean (types: java.util.concurrent.Executor; SearchStrategy: all) did not find any beans (TaskExecutorConfigurations.OnExecutorCondition)

   TaskExecutorConfigurations.TaskExecutorConfiguration#applicationTaskExecutor matched:
      - @ConditionalOnThreading found PLATFORM (OnThreadingCondition)

   TaskExecutorConfigurations.ThreadPoolTaskExecutorBuilderConfiguration#threadPoolTaskExecutorBuilder matched:
      - @ConditionalOnMissingBean (types: org.springframework.boot.task.ThreadPoolTaskExecutorBuilder; SearchStrategy: all) did not find any beans (OnBeanCondition)

   TaskSchedulingAutoConfiguration matched:
      - @ConditionalOnClass found required class 'org.springframework.scheduling.concurrent.ThreadPoolTaskScheduler' (OnClassCondition)

   TaskSchedulingConfigurations.SimpleAsyncTaskSchedulerBuilderConfiguration#simpleAsyncTaskSchedulerBuilder matched:
      - @ConditionalOnMissingBean (types: org.springframework.boot.task.SimpleAsyncTaskSchedulerBuilder; SearchStrategy: all) did not find any beans (OnBeanCondition)
      - @ConditionalOnThreading found PLATFORM (OnThreadingCondition)

   TaskSchedulingConfigurations.ThreadPoolTaskSchedulerBuilderConfiguration#threadPoolTaskSchedulerBuilder matched:
      - @ConditionalOnMissingBean (types: org.springframework.boot.task.ThreadPoolTaskSchedulerBuilder; SearchStrategy: all) did not find any beans (OnBeanCondition)

   TestcontainersPropertySourceAutoConfiguration matched:
      - @ConditionalOnClass found required class 'org.springframework.test.context.DynamicPropertyRegistry' (OnClassCondition)

   TomcatServletWebServerAutoConfiguration matched:
      - @ConditionalOnClass found required classes 'jakarta.servlet.ServletRequest', 'org.apache.catalina.startup.Tomcat', 'org.apache.coyote.UpgradeProtocol', 'org.springframework.boot.tomcat.servlet.TomcatServletWebServerFactory' (OnClassCondition)
      - found 'session' scope (OnWebApplicationCondition)

   TomcatServletWebServerAutoConfiguration#tomcatServletWebServerFactory matched:
      - @ConditionalOnMissingBean (types: org.springframework.boot.web.server.servlet.ServletWebServerFactory; SearchStrategy: current) did not find any beans (OnBeanCondition)

   TransactionAutoConfiguration matched:
      - @ConditionalOnClass found required class 'org.springframework.transaction.PlatformTransactionManager' (OnClassCondition)

   TransactionAutoConfiguration.TransactionTemplateConfiguration matched:
      - @ConditionalOnSingleCandidate (types: org.springframework.transaction.PlatformTransactionManager; SearchStrategy: all) found a single bean 'transactionManager' (OnBeanCondition)

   TransactionAutoConfiguration.TransactionTemplateConfiguration#transactionTemplate matched:
      - @ConditionalOnMissingBean (types: org.springframework.transaction.support.TransactionOperations; SearchStrategy: all) did not find any beans (OnBeanCondition)

   TransactionManagerCustomizationAutoConfiguration matched:
      - @ConditionalOnClass found required class 'org.springframework.transaction.PlatformTransactionManager' (OnClassCondition)

   TransactionManagerCustomizationAutoConfiguration#platformTransactionManagerCustomizers matched:
      - @ConditionalOnMissingBean (types: org.springframework.boot.transaction.autoconfigure.TransactionManagerCustomizers; SearchStrategy: all) did not find any beans (OnBeanCondition)

   ValidationAutoConfiguration matched:
      - @ConditionalOnClass found required class 'jakarta.validation.executable.ExecutableValidator' (OnClassCondition)
      - @ConditionalOnResource found location classpath:META-INF/services/jakarta.validation.spi.ValidationProvider (OnResourceCondition)

   ValidationAutoConfiguration#defaultValidator matched:
      - @ConditionalOnMissingBean (types: jakarta.validation.Validator; SearchStrategy: all) did not find any beans (OnBeanCondition)

   ValidationAutoConfiguration#methodValidationPostProcessor matched:
      - @ConditionalOnMissingBean (types: org.springframework.validation.beanvalidation.MethodValidationPostProcessor; SearchStrategy: current) did not find any beans (OnBeanCondition)

   WebMvcAutoConfiguration matched:
      - @ConditionalOnClass found required classes 'jakarta.servlet.Servlet', 'org.springframework.web.servlet.DispatcherServlet', 'org.springframework.web.servlet.config.annotation.WebMvcConfigurer' (OnClassCondition)
      - found 'session' scope (OnWebApplicationCondition)
      - @ConditionalOnMissingBean (types: org.springframework.web.servlet.config.annotation.WebMvcConfigurationSupport; SearchStrategy: all) did not find any beans (OnBeanCondition)

   WebMvcAutoConfiguration#formContentFilter matched:
      - @ConditionalOnBooleanProperty (spring.mvc.formcontent.filter.enabled=true) matched (OnPropertyCondition)
      - @ConditionalOnMissingBean (types: org.springframework.web.filter.FormContentFilter; SearchStrategy: all) did not find any beans (OnBeanCondition)

   WebMvcAutoConfiguration.EnableWebMvcConfiguration#flashMapManager matched:
      - @ConditionalOnMissingBean (names: flashMapManager; SearchStrategy: all) did not find any beans (OnBeanCondition)

   WebMvcAutoConfiguration.EnableWebMvcConfiguration#localeResolver matched:
      - @ConditionalOnMissingBean (names: localeResolver; SearchStrategy: all) did not find any beans (OnBeanCondition)

   WebMvcAutoConfiguration.EnableWebMvcConfiguration#viewNameTranslator matched:
      - @ConditionalOnMissingBean (names: viewNameTranslator; SearchStrategy: all) did not find any beans (OnBeanCondition)

   WebMvcAutoConfiguration.ResourceChainCustomizerConfiguration matched:
      - @ConditionalOnEnabledResourceChain found class org.webjars.WebJarVersionLocator (OnEnabledResourceChainCondition)

   WebMvcAutoConfiguration.WebMvcAutoConfigurationAdapter#defaultViewResolver matched:
      - @ConditionalOnMissingBean (types: org.springframework.web.servlet.view.InternalResourceViewResolver; SearchStrategy: all) did not find any beans (OnBeanCondition)

   WebMvcAutoConfiguration.WebMvcAutoConfigurationAdapter#requestContextFilter matched:
      - @ConditionalOnMissingBean (types: org.springframework.web.context.request.RequestContextListener,org.springframework.web.filter.RequestContextFilter; SearchStrategy: all) did not find any beans (OnBeanCondition)

   WebMvcAutoConfiguration.WebMvcAutoConfigurationAdapter#viewResolver matched:
      - @ConditionalOnBean (types: org.springframework.web.servlet.ViewResolver; SearchStrategy: all) found beans 'defaultViewResolver', 'beanNameViewResolver', 'mvcViewResolver'; @ConditionalOnMissingBean (names: viewResolver types: org.springframework.web.servlet.view.ContentNegotiatingViewResolver; SearchStrategy: all) did not find any beans (OnBeanCondition)


Negative matches:
-----------------

   AopAutoConfiguration.AspectJAutoProxyingConfiguration.JdkDynamicAutoProxyConfiguration:
      Did not match:
         - @ConditionalOnBooleanProperty (spring.aop.proxy-target-class=false) did not find property 'spring.aop.proxy-target-class' (OnPropertyCondition)

   AopAutoConfiguration.ClassProxyingConfiguration:
      Did not match:
         - @ConditionalOnMissingClass found unwanted class 'org.aspectj.weaver.Advice' (OnClassCondition)

   Cache2kCacheConfiguration:
      Did not match:
         - @ConditionalOnClass did not find required class 'org.cache2k.Cache2kBuilder' (OnClassCondition)

   CacheMetricsAutoConfiguration:
      Did not match:
         - @ConditionalOnClass did not find required class 'io.micrometer.core.instrument.MeterRegistry' (OnClassCondition)

   CachesEndpointAutoConfiguration:
      Did not match:
         - @ConditionalOnClass did not find required class 'org.springframework.boot.actuate.autoconfigure.endpoint.condition.ConditionalOnAvailableEndpoint' (OnClassCondition)

   CaffeineCacheConfiguration:
      Did not match:
         - @ConditionalOnClass did not find required class 'com.github.benmanes.caffeine.cache.Caffeine' (OnClassCondition)

   CouchbaseCacheConfiguration:
      Did not match:
         - @ConditionalOnClass did not find required class 'com.couchbase.client.java.Cluster' (OnClassCondition)

   DataJpaRepositoriesAutoConfiguration#entityManagerFactoryBootstrapExecutorCustomizer:
      Did not match:
         - @ConditionalOnProperty (spring.data.jpa.repositories.bootstrap-mode=deferred) did not find property 'spring.data.jpa.repositories.bootstrap-mode' (OnPropertyCondition)

   DataRedisAnnotationDrivenConfiguration#redisMessageListenerContainerVirtualThreads:
      Did not match:
         - @ConditionalOnMissingBean (names: redisMessageListenerContainer; SearchStrategy: all) found beans named redisMessageListenerContainer (OnBeanCondition)

   DataRedisHealthContributorAutoConfiguration:
      Did not match:
         - @ConditionalOnClass did not find required class 'org.springframework.boot.health.autoconfigure.contributor.ConditionalOnEnabledHealthIndicator' (OnClassCondition)

   DataRedisReactiveHealthContributorAutoConfiguration:
      Did not match:
         - @ConditionalOnClass did not find required class 'org.springframework.boot.health.autoconfigure.contributor.ConditionalOnEnabledHealthIndicator' (OnClassCondition)

   DataRepositoryMetricsAutoConfiguration:
      Did not match:
         - @ConditionalOnBean did not find required type 'io.micrometer.core.instrument.MeterRegistry' (OnBeanCondition)

   DataSourceAutoConfiguration.EmbeddedDatabaseConfiguration:
      Did not match:
         - EmbeddedDataSource spring.datasource.url is set (DataSourceAutoConfiguration.EmbeddedDatabaseCondition)

   DataSourceCheckpointRestoreConfiguration:
      Did not match:
         - @ConditionalOnClass did not find required class 'org.crac.Resource' (OnClassCondition)

   DataSourceConfiguration.Dbcp2:
      Did not match:
         - @ConditionalOnClass did not find required class 'org.apache.commons.dbcp2.BasicDataSource' (OnClassCondition)

   DataSourceConfiguration.Generic:
      Did not match:
         - @ConditionalOnProperty (spring.datasource.type) did not find property 'spring.datasource.type' (OnPropertyCondition)

   DataSourceConfiguration.OracleUcp:
      Did not match:
         - @ConditionalOnClass did not find required classes 'oracle.ucp.jdbc.PoolDataSourceImpl', 'oracle.jdbc.OracleConnection' (OnClassCondition)

   DataSourceConfiguration.Tomcat:
      Did not match:
         - @ConditionalOnClass did not find required class 'org.apache.tomcat.jdbc.pool.DataSource' (OnClassCondition)

   DataSourceHealthContributorAutoConfiguration:
      Did not match:
         - @ConditionalOnClass did not find required class 'org.springframework.boot.health.autoconfigure.contributor.ConditionalOnEnabledHealthIndicator' (OnClassCondition)

   DataSourceJmxConfiguration:
      Did not match:
         - @ConditionalOnBooleanProperty (spring.jmx.enabled=true) found different value in property 'spring.jmx.enabled' (OnPropertyCondition)

   DataSourcePoolMetadataProvidersConfiguration.CommonsDbcp2PoolDataSourceMetadataProviderConfiguration:
      Did not match:
         - @ConditionalOnClass did not find required class 'org.apache.commons.dbcp2.BasicDataSource' (OnClassCondition)

   DataSourcePoolMetadataProvidersConfiguration.OracleUcpPoolDataSourceMetadataProviderConfiguration:
      Did not match:
         - @ConditionalOnClass did not find required classes 'oracle.ucp.jdbc.PoolDataSource', 'oracle.jdbc.OracleConnection' (OnClassCondition)

   DataSourcePoolMetadataProvidersConfiguration.TomcatDataSourcePoolMetadataProviderConfiguration:
      Did not match:
         - @ConditionalOnClass did not find required class 'org.apache.tomcat.jdbc.pool.DataSource' (OnClassCondition)

   DataSourcePoolMetricsAutoConfiguration:
      Did not match:
         - @ConditionalOnClass did not find required class 'io.micrometer.core.instrument.MeterRegistry' (OnClassCondition)

   DataSourceTransactionManagerAutoConfiguration.JdbcTransactionManagerConfiguration#transactionManager:
      Did not match:
         - @ConditionalOnMissingBean (types: org.springframework.transaction.TransactionManager; SearchStrategy: all) found beans of type 'org.springframework.transaction.TransactionManager' transactionManager (OnBeanCondition)

   DispatcherServletAutoConfiguration.DispatcherServletConfiguration#multipartResolver:
      Did not match:
         - @ConditionalOnBean (types: org.springframework.web.multipart.MultipartResolver; SearchStrategy: all) did not find any beans of type org.springframework.web.multipart.MultipartResolver (OnBeanCondition)

   GenericCacheConfiguration:
      Did not match:
         - Cache org.springframework.boot.cache.autoconfigure.GenericCacheConfiguration unknown cache type (CacheCondition)

   GsonHttpMessageConvertersConfiguration:
      Did not match:
         - @ConditionalOnClass did not find required class 'com.google.gson.Gson' (OnClassCondition)

   HazelcastCacheConfiguration:
      Did not match:
         - @ConditionalOnClass did not find required class 'com.hazelcast.core.HazelcastInstance' (OnClassCondition)

   HibernateMetricsAutoConfiguration:
      Did not match:
         - @ConditionalOnClass did not find required class 'io.micrometer.core.instrument.MeterRegistry' (OnClassCondition)

   InfinispanCacheConfiguration:
      Did not match:
         - @ConditionalOnClass did not find required class 'org.infinispan.spring.embedded.provider.SpringEmbeddedCacheManager' (OnClassCondition)

   JCacheCacheConfiguration:
      Did not match:
         - @ConditionalOnClass did not find required class 'javax.cache.Caching' (OnClassCondition)

   Jackson2HttpMessageConvertersConfiguration.MappingJackson2HttpMessageConverterConfiguration:
      Did not match:
         - AnyNestedCondition 0 matched 2 did not; NestedCondition on Jackson2HttpMessageConvertersConfiguration.PreferJackson2OrJacksonUnavailableCondition.JacksonUnavailable @ConditionalOnMissingBean (types: org.springframework.boot.http.converter.autoconfigure.JacksonHttpMessageConvertersConfiguration$JacksonJsonHttpMessageConvertersCustomizer; SearchStrategy: all) found beans of type 'org.springframework.boot.http.converter.autoconfigure.JacksonHttpMessageConvertersConfiguration$JacksonJsonHttpMessageConvertersCustomizer' jacksonJsonHttpMessageConvertersCustomizer; NestedCondition on Jackson2HttpMessageConvertersConfiguration.PreferJackson2OrJacksonUnavailableCondition.Jackson2Preferred @ConditionalOnProperty (spring.http.converters.preferred-json-mapper=jackson2) did not find property 'spring.http.converters.preferred-json-mapper' (Jackson2HttpMessageConvertersConfiguration.PreferJackson2OrJacksonUnavailableCondition)
      Matched:
         - @ConditionalOnClass found required class 'com.fasterxml.jackson.databind.ObjectMapper' (OnClassCondition)

   Jackson2HttpMessageConvertersConfiguration.MappingJackson2XmlHttpMessageConverterConfiguration:
      Did not match:
         - @ConditionalOnClass did not find required class 'com.fasterxml.jackson.dataformat.xml.XmlMapper' (OnClassCondition)

   JacksonAutoConfiguration.CborConfiguration:
      Did not match:
         - @ConditionalOnClass did not find required class 'tools.jackson.dataformat.cbor.CBORMapper' (OnClassCondition)

   JacksonAutoConfiguration.XmlConfiguration:
      Did not match:
         - @ConditionalOnClass did not find required class 'tools.jackson.dataformat.xml.XmlMapper' (OnClassCondition)

   JacksonHttpMessageConvertersConfiguration.JacksonXmlHttpMessageConverterConfiguration:
      Did not match:
         - @ConditionalOnClass did not find required class 'tools.jackson.dataformat.xml.XmlMapper' (OnClassCondition)

   JedisConnectionConfiguration:
      Did not match:
         - @ConditionalOnClass did not find required classes 'org.apache.commons.pool2.impl.GenericObjectPool', 'redis.clients.jedis.Jedis' (OnClassCondition)

   JmxAutoConfiguration:
      Did not match:
         - @ConditionalOnBooleanProperty (spring.jmx.enabled=true) found different value in property 'spring.jmx.enabled' (OnPropertyCondition)
      Matched:
         - @ConditionalOnClass found required class 'org.springframework.jmx.export.MBeanExporter' (OnClassCondition)

   JndiDataSourceAutoConfiguration:
      Did not match:
         - @ConditionalOnProperty (spring.datasource.jndi-name) did not find property 'spring.datasource.jndi-name' (OnPropertyCondition)
      Matched:
         - @ConditionalOnClass found required classes 'javax.sql.DataSource', 'org.springframework.jdbc.datasource.embedded.EmbeddedDatabaseType' (OnClassCondition)

   JndiJtaConfiguration:
      Did not match:
         - @ConditionalOnJndi JNDI environment is not available (OnJndiCondition)
      Matched:
         - @ConditionalOnClass found required class 'org.springframework.transaction.jta.JtaTransactionManager' (OnClassCondition)

   JsonbHttpMessageConvertersConfiguration:
      Did not match:
         - @ConditionalOnClass did not find required class 'jakarta.json.bind.Jsonb' (OnClassCondition)

   KotlinSerializationHttpMessageConvertersConfiguration:
      Did not match:
         - @ConditionalOnClass did not find required classes 'kotlinx.serialization.Serializable', 'kotlinx.serialization.json.Json' (OnClassCondition)

   LazyConnectionDataSourceConfiguration:
      Did not match:
         - @ConditionalOnProperty (spring.datasource.connection-fetch=lazy) did not find property 'spring.datasource.connection-fetch' (OnPropertyCondition)

   LettuceConnectionConfiguration#redisConnectionFactoryVirtualThreads:
      Did not match:
         - @ConditionalOnMissingBean (types: org.springframework.data.redis.connection.RedisConnectionFactory; SearchStrategy: all) found beans of type 'org.springframework.data.redis.connection.RedisConnectionFactory' redisConnectionFactory (OnBeanCondition)

   LettuceObservationAutoConfiguration:
      Did not match:
         - @ConditionalOnBean (types: io.micrometer.observation.ObservationRegistry; SearchStrategy: all) did not find any beans of type io.micrometer.observation.ObservationRegistry (OnBeanCondition)
      Matched:
         - @ConditionalOnClass found required classes 'io.lettuce.core.RedisClient', 'io.lettuce.core.tracing.MicrometerTracing', 'io.micrometer.observation.ObservationRegistry' (OnClassCondition)

   MessageSourceAutoConfiguration:
      Did not match:
         - ResourceBundle did not find bundle with basename messages (MessageSourceAutoConfiguration.ResourceBundleCondition)

   MultipleOpenApiSupportConfiguration:
      Did not match:
         - AnyNestedCondition 0 matched 2 did not; NestedCondition on MultipleOpenApiSupportCondition.OnActuatorDifferentPort @ConditionalOnProperty (springdoc.show-actuator) did not find property 'springdoc.show-actuator'; NestedCondition on MultipleOpenApiSupportCondition.OnMultipleOpenApiSupportCondition AnyNestedCondition 0 matched 3 did not; NestedCondition on MultipleOpenApiGroupsCondition.OnListGroupedOpenApiBean @ConditionalOnBean (types: org.springdoc.core.models.GroupedOpenApi; SearchStrategy: all) did not find any beans of type org.springdoc.core.models.GroupedOpenApi; NestedCondition on MultipleOpenApiGroupsCondition.OnGroupConfigProperty @ConditionalOnProperty (springdoc.group-configs[0].group) did not find property 'springdoc.group-configs[0].group'; NestedCondition on MultipleOpenApiGroupsCondition.OnGroupedOpenApiBean @ConditionalOnBean (types: org.springdoc.core.models.GroupedOpenApi; SearchStrategy: all) did not find any beans of type org.springdoc.core.models.GroupedOpenApi (MultipleOpenApiSupportCondition)
      Matched:
         - found 'session' scope (OnWebApplicationCondition)
         - @ConditionalOnProperty (springdoc.api-docs.enabled) matched (OnPropertyCondition)

   MultipleOpenApiSupportConfiguration.SpringDocWebMvcActuatorDifferentConfiguration:
      Did not match:
         - Ancestor org.springdoc.webmvc.core.configuration.MultipleOpenApiSupportConfiguration did not match (ConditionEvaluationReport.AncestorsMatchedCondition)
      Matched:
         - @ConditionalOnClass found required class 'org.springframework.boot.webmvc.actuate.endpoint.web.WebMvcEndpointHandlerMapping' (OnClassCondition)

   ProjectInfoAutoConfiguration#buildProperties:
      Did not match:
         - @ConditionalOnResource did not find resource '${spring.info.build.location:classpath:META-INF/build-info.properties}' (OnResourceCondition)

   ProjectInfoAutoConfiguration#gitProperties:
      Did not match:
         - GitResource did not find git info at classpath:git.properties (ProjectInfoAutoConfiguration.GitResourceAvailableCondition)

   RedisCacheConfiguration:
      Did not match:
         - Cache org.springframework.boot.cache.autoconfigure.RedisCacheConfiguration unknown cache type (CacheCondition)
      Matched:
         - @ConditionalOnClass found required class 'org.springframework.data.redis.connection.RedisConnectionFactory' (OnClassCondition)

   ServletHttpExchangesAutoConfiguration:
      Did not match:
         - @ConditionalOnBean did not find required type 'org.springframework.boot.actuate.web.exchanges.HttpExchangeRepository' (OnBeanCondition)

   ServletManagementContextAutoConfiguration:
      Did not match:
         - @ConditionalOnClass did not find required class 'org.springframework.boot.actuate.autoconfigure.endpoint.web.WebEndpointProperties' (OnClassCondition)

   ServletMappingsAutoConfiguration:
      Did not match:
         - @ConditionalOnClass did not find required class 'org.springframework.boot.actuate.autoconfigure.endpoint.condition.ConditionalOnAvailableEndpoint' (OnClassCondition)

   ServletWebServerConfiguration#forwardedHeaderFilter:
      Did not match:
         - @ConditionalOnProperty (server.forward-headers-strategy=framework) did not find property 'server.forward-headers-strategy' (OnPropertyCondition)

   SimpleCacheConfiguration:
      Did not match:
         - Cache org.springframework.boot.cache.autoconfigure.SimpleCacheConfiguration unknown cache type (CacheCondition)

   SpringApplicationAdminJmxAutoConfiguration:
      Did not match:
         - @ConditionalOnBooleanProperty (spring.application.admin.enabled=true) did not find property 'spring.application.admin.enabled' (OnPropertyCondition)

   SpringDocConfiguration#jsonNullableSupportConverter:
      Did not match:
         - @ConditionalOnClass did not find required class 'org.openapitools.jackson.nullable.JsonNullable' (OnClassCondition)

   SpringDocConfiguration#oas31ModelConverter:
      Did not match:
         - @ConditionalOnProperty (springdoc.explicit-object-schema=true) did not find property 'springdoc.explicit-object-schema' (OnPropertyCondition)

   SpringDocConfiguration#propertiesResolverForSchema:
      Did not match:
         - @ConditionalOnProperty (springdoc.api-docs.resolve-schema-properties) did not find property 'springdoc.api-docs.resolve-schema-properties' (OnPropertyCondition)

   SpringDocConfiguration#propertyCustomizingConverter:
      Did not match:
         - @ConditionalOnBean (types: org.springdoc.core.customizers.PropertyCustomizer; SearchStrategy: all) did not find any beans of type org.springdoc.core.customizers.PropertyCustomizer (OnBeanCondition)

   SpringDocConfiguration#springdocBeanFactoryPostProcessor:
      Did not match:
         - AnyNestedCondition 0 matched 2 did not; NestedCondition on CacheOrGroupedOpenApiCondition.OnCacheDisabled found non-matching nested conditions @ConditionalOnProperty (springdoc.cache.disabled) did not find property 'springdoc.cache.disabled'; NestedCondition on CacheOrGroupedOpenApiCondition.OnMultipleOpenApiSupportCondition AnyNestedCondition 0 matched 2 did not; NestedCondition on MultipleOpenApiSupportCondition.OnActuatorDifferentPort @ConditionalOnProperty (springdoc.show-actuator) did not find property 'springdoc.show-actuator'; NestedCondition on MultipleOpenApiSupportCondition.OnMultipleOpenApiSupportCondition AnyNestedCondition 0 matched 3 did not; NestedCondition on MultipleOpenApiGroupsCondition.OnListGroupedOpenApiBean @ConditionalOnBean (types: org.springdoc.core.models.GroupedOpenApi; SearchStrategy: all) did not find any beans of type org.springdoc.core.models.GroupedOpenApi; NestedCondition on MultipleOpenApiGroupsCondition.OnGroupConfigProperty @ConditionalOnProperty (springdoc.group-configs[0].group) did not find property 'springdoc.group-configs[0].group'; NestedCondition on MultipleOpenApiGroupsCondition.OnGroupedOpenApiBean @ConditionalOnBean (types: org.springdoc.core.models.GroupedOpenApi; SearchStrategy: all) did not find any beans of type org.springdoc.core.models.GroupedOpenApi (CacheOrGroupedOpenApiCondition)
      Matched:
         - @ConditionalOnClass found required class 'org.springframework.boot.context.properties.bind.BindResult' (OnClassCondition)

   SpringDocConfiguration#springdocBeanFactoryPostProcessor2:
      Did not match:
         - @ConditionalOnMissingClass found unwanted class 'org.springframework.boot.context.properties.bind.BindResult' (OnClassCondition)

   SpringDocConfiguration.SpringDocActuatorConfiguration:
      Did not match:
         - @ConditionalOnClass did not find required class 'org.springframework.boot.actuate.autoconfigure.endpoint.web.WebEndpointProperties' (OnClassCondition)

   SpringDocConfiguration.SpringDocRepositoryRestConfiguration:
      Did not match:
         - @ConditionalOnClass did not find required class 'org.springframework.data.rest.core.config.RepositoryRestConfiguration' (OnClassCondition)

   SpringDocDataRestConfiguration:
      Did not match:
         - @ConditionalOnClass did not find required class 'org.springframework.data.rest.core.config.RepositoryRestConfiguration' (OnClassCondition)

   SpringDocFunctionCatalogConfiguration:
      Did not match:
         - @ConditionalOnClass did not find required class 'org.springframework.cloud.function.web.function.FunctionEndpointInitializer' (OnClassCondition)

   SpringDocGroovyConfiguration:
      Did not match:
         - @ConditionalOnClass did not find required class 'groovy.lang.MetaClass' (OnClassCondition)

   SpringDocHateoasConfiguration:
      Did not match:
         - @ConditionalOnClass did not find required class 'org.springframework.hateoas.server.LinkRelationProvider' (OnClassCondition)

   SpringDocJacksonKotlinModuleConfiguration:
      Did not match:
         - @ConditionalOnClass did not find required class 'com.fasterxml.jackson.module.kotlin.KotlinModule' (OnClassCondition)

   SpringDocJavadocConfiguration:
      Did not match:
         - @ConditionalOnClass did not find required class 'com.github.therapi.runtimejavadoc.CommentFormatter' (OnClassCondition)

   SpringDocKotlinConfiguration:
      Did not match:
         - @ConditionalOnClass did not find required class 'kotlin.coroutines.Continuation' (OnClassCondition)

   SpringDocKotlinxConfiguration:
      Did not match:
         - @ConditionalOnClass did not find required class 'kotlinx.coroutines.flow.Flow' (OnClassCondition)

   SpringDocSecurityConfiguration:
      Did not match:
         - @ConditionalOnClass did not find required class 'org.springframework.security.web.SecurityFilterChain' (OnClassCondition)

   SpringDocSortConfiguration#dataRestDelegatingMethodParameterCustomizer:
      Did not match:
         - @ConditionalOnMissingBean (types: org.springdoc.core.customizers.DataRestDelegatingMethodParameterCustomizer; SearchStrategy: all) found beans of type 'org.springdoc.core.customizers.DataRestDelegatingMethodParameterCustomizer' dataRestDelegatingMethodParameterCustomizer (OnBeanCondition)

   SpringDocWebMvcConfiguration.SpringDocWebMvcActuatorConfiguration#actuatorProvider:
      Did not match:
         - @ConditionalOnExpression (#{${springdoc.show-actuator:false} or ${springdoc.use-management-port:false}}) resulted in false (OnExpressionCondition)

   SpringDocWebMvcConfiguration.SpringDocWebMvcActuatorConfiguration#openApiActuatorResource:
      Did not match:
         - @ConditionalOnExpression (#{${springdoc.use-management-port:false} and ${springdoc.enable-default-api-docs:true}}) resulted in false (OnExpressionCondition)

   SpringDocWebServerConfiguration.DeployedWebServerConfiguration:
      Did not match:
         - @ConditionalOnMissingClass found unwanted classes 'org.springframework.boot.web.server.context.WebServerInitializedEvent', 'org.springframework.boot.web.server.autoconfigure.ServerProperties' (OnClassCondition)

   SwaggerConfig#springWebProvider:
      Did not match:
         - @ConditionalOnMissingBean (types: org.springdoc.core.providers.SpringWebProvider; SearchStrategy: all) found beans of type 'org.springdoc.core.providers.SpringWebProvider' springWebProvider (OnBeanCondition)

   SwaggerConfig#swaggerUiHome:
      Did not match:
         - @ConditionalOnProperty (springdoc.swagger-ui.use-root-path=true) did not find property 'springdoc.swagger-ui.use-root-path' (OnPropertyCondition)

   SwaggerConfig.SwaggerActuatorWelcomeConfiguration:
      Did not match:
         - @ConditionalOnProperty (springdoc.use-management-port) did not find property 'springdoc.use-management-port' (OnPropertyCondition)
      Matched:
         - @ConditionalOnClass found required class 'org.springframework.boot.webmvc.actuate.endpoint.web.WebMvcEndpointHandlerMapping' (OnClassCondition)

   TaskExecutorConfigurations.AsyncConfigurerWrapperConfiguration:
      Did not match:
         - @ConditionalOnBean (types: org.springframework.scheduling.annotation.AsyncConfigurer; SearchStrategy: all) did not find any beans of type org.springframework.scheduling.annotation.AsyncConfigurer (OnBeanCondition)

   TaskExecutorConfigurations.SimpleAsyncTaskExecutorBuilderConfiguration#simpleAsyncTaskExecutorBuilderVirtualThreads:
      Did not match:
         - @ConditionalOnMissingBean (types: org.springframework.boot.task.SimpleAsyncTaskExecutorBuilder; SearchStrategy: all) found beans of type 'org.springframework.boot.task.SimpleAsyncTaskExecutorBuilder' simpleAsyncTaskExecutorBuilder (OnBeanCondition)

   TaskExecutorConfigurations.TaskExecutorConfiguration#applicationTaskExecutorVirtualThreads:
      Did not match:
         - @ConditionalOnThreading did not find VIRTUAL (OnThreadingCondition)

   TaskExecutorConfigurations.TaskExecutorContextPropagationConfiguration:
      Did not match:
         - @ConditionalOnClass did not find required class 'io.micrometer.context.ContextSnapshot' (OnClassCondition)

   TaskSchedulingAutoConfiguration#scheduledBeanLazyInitializationExcludeFilter:
      Did not match:
         - @ConditionalOnBean (names: org.springframework.scheduling.config.internalScheduledAnnotationProcessor; SearchStrategy: all) did not find any beans named org.springframework.scheduling.config.internalScheduledAnnotationProcessor (OnBeanCondition)

   TaskSchedulingConfigurations.SimpleAsyncTaskSchedulerBuilderConfiguration#simpleAsyncTaskSchedulerBuilderVirtualThreads:
      Did not match:
         - @ConditionalOnMissingBean (types: org.springframework.boot.task.SimpleAsyncTaskSchedulerBuilder; SearchStrategy: all) found beans of type 'org.springframework.boot.task.SimpleAsyncTaskSchedulerBuilder' simpleAsyncTaskSchedulerBuilder (OnBeanCondition)

   TaskSchedulingConfigurations.TaskSchedulerConfiguration:
      Did not match:
         - @ConditionalOnBean (names: org.springframework.scheduling.config.internalScheduledAnnotationProcessor; SearchStrategy: all) did not find any beans named org.springframework.scheduling.config.internalScheduledAnnotationProcessor (OnBeanCondition)

   TestcontainersPropertySourceAutoConfiguration#dynamicPropertyRegistrarBeanInitializer:
      Did not match:
         - @ConditionalOnMissingBean (types: org.springframework.test.context.support.DynamicPropertyRegistrarBeanInitializer; SearchStrategy: all) found beans of type 'org.springframework.test.context.support.DynamicPropertyRegistrarBeanInitializer' org.springframework.test.context.support.internalDynamicPropertyRegistrarBeanInitializer (OnBeanCondition)

   TomcatMetricsAutoConfiguration:
      Did not match:
         - @ConditionalOnClass did not find required class 'io.micrometer.core.instrument.binder.tomcat.TomcatMetrics' (OnClassCondition)

   TomcatReactiveManagementContextAutoConfiguration:
      Did not match:
         - @ConditionalOnClass did not find required class 'org.springframework.boot.actuate.autoconfigure.web.server.ManagementContextFactory' (OnClassCondition)

   TomcatReactiveWebServerAutoConfiguration:
      Did not match:
         - @ConditionalOnWebApplication did not find reactive web application classes (OnWebApplicationCondition)

   TomcatServletManagementContextAutoConfiguration:
      Did not match:
         - @ConditionalOnClass did not find required class 'org.springframework.boot.actuate.autoconfigure.web.server.ManagementContextFactory' (OnClassCondition)

   TomcatServletWebServerAutoConfiguration#tomcatForwardedHeaderFilterCustomizer:
      Did not match:
         - @ConditionalOnProperty (server.forward-headers-strategy=framework) did not find property 'server.forward-headers-strategy' (OnPropertyCondition)

   TomcatWebServerConfiguration:
      Did not match:
         - Application is deployed as a WAR file. (OnWarDeploymentCondition)

   TransactionAutoConfiguration#transactionalOperator:
      Did not match:
         - @ConditionalOnSingleCandidate (types: org.springframework.transaction.ReactiveTransactionManager; SearchStrategy: all) did not find any beans (OnBeanCondition)

   TransactionAutoConfiguration.AspectJTransactionManagementConfiguration:
      Did not match:
         - @ConditionalOnBean (types: org.springframework.transaction.aspectj.AbstractTransactionAspect; SearchStrategy: all) did not find any beans of type org.springframework.transaction.aspectj.AbstractTransactionAspect (OnBeanCondition)

   TransactionAutoConfiguration.EnableTransactionManagementConfiguration:
      Did not match:
         - @ConditionalOnMissingBean (types: org.springframework.transaction.annotation.AbstractTransactionManagementConfiguration; SearchStrategy: all) found beans of type 'org.springframework.transaction.annotation.AbstractTransactionManagementConfiguration' org.springframework.transaction.annotation.ProxyTransactionManagementConfiguration (OnBeanCondition)

   TransactionAutoConfiguration.EnableTransactionManagementConfiguration.CglibAutoProxyConfiguration:
      Did not match:
         - Ancestor org.springframework.boot.transaction.autoconfigure.TransactionAutoConfiguration$EnableTransactionManagementConfiguration did not match (ConditionEvaluationReport.AncestorsMatchedCondition)
      Matched:
         - @ConditionalOnBooleanProperty (spring.aop.proxy-target-class=true) matched (OnPropertyCondition)

   TransactionAutoConfiguration.EnableTransactionManagementConfiguration.JdkDynamicAutoProxyConfiguration:
      Did not match:
         - @ConditionalOnBooleanProperty (spring.aop.proxy-target-class=false) did not find property 'spring.aop.proxy-target-class' (OnPropertyCondition)
         - Ancestor org.springframework.boot.transaction.autoconfigure.TransactionAutoConfiguration$EnableTransactionManagementConfiguration did not match (ConditionEvaluationReport.AncestorsMatchedCondition)

   WebMvcAutoConfiguration#hiddenHttpMethodFilter:
      Did not match:
         - @ConditionalOnBooleanProperty (spring.mvc.hiddenmethod.filter.enabled=true) did not find property 'spring.mvc.hiddenmethod.filter.enabled' (OnPropertyCondition)

   WebMvcAutoConfiguration.ProblemDetailsErrorHandlingConfiguration:
      Did not match:
         - @ConditionalOnBooleanProperty (spring.mvc.problemdetails.enabled=true) did not find property 'spring.mvc.problemdetails.enabled' (OnPropertyCondition)

   WebMvcAutoConfiguration.WebMvcAutoConfigurationAdapter#beanNameViewResolver:
      Did not match:
         - @ConditionalOnMissingBean (types: org.springframework.web.servlet.view.BeanNameViewResolver; SearchStrategy: all) found beans of type 'org.springframework.web.servlet.view.BeanNameViewResolver' beanNameViewResolver (OnBeanCondition)

   WebMvcHealthEndpointExtensionAutoConfiguration:
      Did not match:
         - @ConditionalOnClass did not find required class 'org.springframework.boot.health.actuate.endpoint.HealthEndpoint' (OnClassCondition)

   WebMvcMappingsAutoConfiguration:
      Did not match:
         - @ConditionalOnClass did not find required class 'org.springframework.boot.actuate.autoconfigure.endpoint.condition.ConditionalOnAvailableEndpoint' (OnClassCondition)

   WebMvcObservationAutoConfiguration:
      Did not match:
         - @ConditionalOnClass did not find required class 'org.springframework.boot.micrometer.observation.autoconfigure.ObservationProperties' (OnClassCondition)

   XADataSourceAutoConfiguration:
      Did not match:
         - @ConditionalOnBean (types: org.springframework.boot.jdbc.XADataSourceWrapper; SearchStrategy: all) did not find any beans of type org.springframework.boot.jdbc.XADataSourceWrapper (OnBeanCondition)
      Matched:
         - @ConditionalOnClass found required classes 'javax.sql.DataSource', 'jakarta.transaction.TransactionManager', 'org.springframework.jdbc.datasource.embedded.EmbeddedDatabaseType' (OnClassCondition)


Exclusions:
-----------

    None


Unconditional classes:
----------------------

    org.springdoc.core.configuration.SpringDocWebServerConfiguration.EmbeddedWebServerConfiguration

    org.springframework.boot.autoconfigure.context.ConfigurationPropertiesAutoConfiguration

    org.springframework.boot.autoconfigure.ssl.SslAutoConfiguration

    org.springframework.boot.autoconfigure.context.PropertyPlaceholderAutoConfiguration

    org.springframework.boot.autoconfigure.context.LifecycleAutoConfiguration

    org.springdoc.core.configuration.SpringDocSpecPropertiesConfiguration

    org.springframework.boot.testcontainers.service.connection.ServiceConnectionAutoConfiguration

    org.springframework.boot.autoconfigure.availability.ApplicationAvailabilityAutoConfiguration

    org.springframework.boot.autoconfigure.info.ProjectInfoAutoConfiguration

    org.springdoc.core.configuration.SpringDocWebServerConfiguration.DeployedWebServerConfiguration



2026-10-04T17:07:52.032+07:00  INFO 25480 --- [           main] c.c.c.CourseManagementApplicationTests   : Started CourseManagementApplicationTests in 2.627 seconds (process running for 42.372)
2026-10-04T17:07:52.035+07:00 DEBUG 25480 --- [           main] o.s.b.a.ApplicationAvailabilityBean      : Application availability state LivenessState changed to CORRECT
2026-10-04T17:07:52.036+07:00  WARN 25480 --- [           main] o.s.core.events.SpringDocAppInitializer  : SpringDoc /v3/api-docs endpoint is enabled by default. To disable it in production, set the property 'springdoc.api-docs.enabled=false'
2026-10-04T17:07:52.038+07:00  WARN 25480 --- [           main] o.s.core.events.SpringDocAppInitializer  : SpringDoc /swagger-ui.html endpoint is enabled by default. To disable it in production, set the property 'springdoc.swagger-ui.enabled=false'
2026-10-04T17:07:52.038+07:00 DEBUG 25480 --- [           main] o.s.b.a.ApplicationAvailabilityBean      : Application availability state ReadinessState changed to ACCEPTING_TRAFFIC
2026-10-04T17:07:52.051+07:00  INFO 25480 --- [           main] o.s.b.t.m.w.SpringBootMockServletContext : Initializing Spring TestDispatcherServlet ''
2026-10-04T17:07:52.051+07:00  INFO 25480 --- [           main] o.s.t.web.servlet.TestDispatcherServlet  : Initializing Servlet ''
2026-10-04T17:07:52.053+07:00  INFO 25480 --- [           main] o.s.t.web.servlet.TestDispatcherServlet  : Completed initialization in 2 ms
2026-10-04T17:07:52.060+07:00 DEBUG 25480 --- [           main] o.s.w.s.handler.SimpleUrlHandlerMapping  : Mapped to ResourceHttpRequestHandler [classpath [META-INF/resources/], classpath [resources/], classpath [static/], classpath [public/], ServletContext [/]]
2026-10-04T17:07:52.068+07:00 DEBUG 25480 --- [           main] o.s.w.s.r.ResourceHttpRequestHandler     : Resource not found for path [api/does-not-exist]
2026-10-04T17:07:52.069+07:00 DEBUG 25480 --- [           main] .m.m.a.ExceptionHandlerExceptionResolver : Using @ExceptionHandler com.ccnlthd.course_management.exception.GlobalExceptionHandler#handleMissingResource(NoResourceFoundException)
2026-10-04T17:07:52.072+07:00 DEBUG 25480 --- [           main] o.s.w.s.m.m.a.HttpEntityMethodProcessor  : Using 'application/json', given [*/*] and supported [application/json, application/*+json, application/yaml]
2026-10-04T17:07:52.072+07:00 DEBUG 25480 --- [           main] o.s.w.s.m.m.a.HttpEntityMethodProcessor  : Writing [com.ccnlthd.course_management.dto.response.ApiResponse@4604790f]
2026-10-04T17:07:52.076+07:00 DEBUG 25480 --- [           main] .m.m.a.ExceptionHandlerExceptionResolver : Resolved [org.springframework.web.servlet.resource.NoResourceFoundException: No static resource api/does-not-exist for request '/api/does-not-exist'.]
[INFO] Tests run: 2, Failures: 0, Errors: 0, Skipped: 0, Time elapsed: 2.743 s -- in com.ccnlthd.course_management.CourseManagementApplicationTests
[INFO] Running com.ccnlthd.course_management.EnrollmentCrudTests
2026-10-04T17:07:52.240+07:00 DEBUG 25480 --- [           main] s.w.s.m.m.a.RequestMappingHandlerMapping : 5 mappings in org.springframework.web.servlet.mvc.method.annotation.RequestMappingHandlerMapping
2026-10-04T17:07:52.241+07:00 DEBUG 25480 --- [           main] s.w.s.m.m.a.RequestMappingHandlerAdapter : ControllerAdvice beans: 0 @ModelAttribute, 0 @InitBinder, 2 RequestBodyAdvice, 1 ResponseBodyAdvice
2026-10-04T17:07:52.242+07:00 DEBUG 25480 --- [           main] .m.m.a.ExceptionHandlerExceptionResolver : ControllerAdvice beans: 1 @ExceptionHandler, 1 ResponseBodyAdvice
2026-10-04T17:07:52.242+07:00  INFO 25480 --- [           main] o.s.mock.web.MockServletContext          : Initializing Spring TestDispatcherServlet ''
2026-10-04T17:07:52.243+07:00  INFO 25480 --- [           main] o.s.t.web.servlet.TestDispatcherServlet  : Initializing Servlet ''
2026-10-04T17:07:52.243+07:00  INFO 25480 --- [           main] o.s.t.web.servlet.TestDispatcherServlet  : Completed initialization in 0 ms
2026-10-04T17:07:52.245+07:00 DEBUG 25480 --- [           main] s.w.s.m.m.a.RequestMappingHandlerMapping : Mapped to com.ccnlthd.course_management.controller.EnrollmentController#createEnrollment(EnrollmentRequest)
2026-10-04T17:07:52.248+07:00 DEBUG 25480 --- [           main] m.m.a.RequestResponseBodyMethodProcessor : Read "application/json" to [com.ccnlthd.course_management.dto.request.EnrollmentRequest@aaf94b]
2026-10-04T17:07:52.253+07:00 DEBUG 25480 --- [           main] .m.m.a.ExceptionHandlerExceptionResolver : Using @ExceptionHandler com.ccnlthd.course_management.exception.GlobalExceptionHandler#handleAppException(AppException)
2026-10-04T17:07:52.256+07:00 DEBUG 25480 --- [           main] o.s.w.s.m.m.a.HttpEntityMethodProcessor  : Using 'application/json', given [*/*] and supported [application/json, application/*+json, application/yaml]
2026-10-04T17:07:52.257+07:00 DEBUG 25480 --- [           main] o.s.w.s.m.m.a.HttpEntityMethodProcessor  : Writing [com.ccnlthd.course_management.dto.response.ApiResponse@269e7adb]
2026-10-04T17:07:52.259+07:00 DEBUG 25480 --- [           main] .m.m.a.ExceptionHandlerExceptionResolver : Resolved [com.ccnlthd.course_management.exception.AppException: Student already enrolled in this course]
2026-10-04T17:07:52.295+07:00 DEBUG 25480 --- [           main] s.w.s.m.m.a.RequestMappingHandlerMapping : 5 mappings in org.springframework.web.servlet.mvc.method.annotation.RequestMappingHandlerMapping
2026-10-04T17:07:52.295+07:00 DEBUG 25480 --- [           main] s.w.s.m.m.a.RequestMappingHandlerAdapter : ControllerAdvice beans: 0 @ModelAttribute, 0 @InitBinder, 2 RequestBodyAdvice, 1 ResponseBodyAdvice
2026-10-04T17:07:52.296+07:00 DEBUG 25480 --- [           main] .m.m.a.ExceptionHandlerExceptionResolver : ControllerAdvice beans: 1 @ExceptionHandler, 1 ResponseBodyAdvice
2026-10-04T17:07:52.297+07:00  INFO 25480 --- [           main] o.s.mock.web.MockServletContext          : Initializing Spring TestDispatcherServlet ''
2026-10-04T17:07:52.297+07:00  INFO 25480 --- [           main] o.s.t.web.servlet.TestDispatcherServlet  : Initializing Servlet ''
2026-10-04T17:07:52.297+07:00  INFO 25480 --- [           main] o.s.t.web.servlet.TestDispatcherServlet  : Completed initialization in 0 ms
2026-10-04T17:07:52.298+07:00 DEBUG 25480 --- [           main] s.w.s.m.m.a.RequestMappingHandlerMapping : Mapped to com.ccnlthd.course_management.controller.EnrollmentController#createEnrollment(EnrollmentRequest)
2026-10-04T17:07:52.302+07:00 DEBUG 25480 --- [           main] m.m.a.RequestResponseBodyMethodProcessor : Read "application/json" to [com.ccnlthd.course_management.dto.request.EnrollmentRequest@73de5b5b]
2026-10-04T17:07:52.308+07:00 DEBUG 25480 --- [           main] .m.m.a.ExceptionHandlerExceptionResolver : Using @ExceptionHandler com.ccnlthd.course_management.exception.GlobalExceptionHandler#handleValidationException(MethodArgumentNotValidException)
2026-10-04T17:07:52.311+07:00 DEBUG 25480 --- [           main] o.s.w.s.m.m.a.HttpEntityMethodProcessor  : Using 'application/json', given [*/*] and supported [application/json, application/*+json, application/yaml]
2026-10-04T17:07:52.311+07:00 DEBUG 25480 --- [           main] o.s.w.s.m.m.a.HttpEntityMethodProcessor  : Writing [com.ccnlthd.course_management.dto.response.ApiResponse@632189d8]
2026-10-04T17:07:52.314+07:00 DEBUG 25480 --- [           main] .m.m.a.ExceptionHandlerExceptionResolver : Resolved [org.springframework.web.bind.MethodArgumentNotValidException: Validation failed for argument [0] in public org.springframework.http.ResponseEntity<com.ccnlthd.course_management.dto.response.EnrollmentResponse> com.ccnlthd.course_management.controller.EnrollmentController.createEnrollment(com.ccnlthd.course_management.dto.request.EnrollmentRequest) with 2 errors: [Field error in object 'enrollmentRequest' on field 'status': rejected value []; codes [NotBlank.enrollmentRequest.status,NotBlank.status,NotBlank.java.lang.String,NotBlank]; arguments [org.springframework.context.support.DefaultMessageSourceResolvable: codes [enrollmentRequest.status,status]; arguments []; default message [status]]; default message [Enrollment status is required]] [Field error in object 'enrollmentRequest' on field 'studentId': rejected value [null]; codes [NotNull.enrollmentRequest.studentId,NotNull.studentId,NotNull.java.lang.Long,NotNull]; arguments [org.springframework.context.support.DefaultMessageSourceResolvable: codes [enrollmentRequest.studentId,studentId]; arguments []; default message [studentId]]; default message [Student id is required]] ]
2026-10-04T17:07:52.315+07:00 DEBUG 25480 --- [           main] s.w.s.m.m.a.RequestMappingHandlerMapping : Mapped to com.ccnlthd.course_management.controller.EnrollmentController#updateEnrollment(Long, EnrollmentRequest)
2026-10-04T17:07:52.317+07:00 DEBUG 25480 --- [           main] m.m.a.RequestResponseBodyMethodProcessor : Read "application/json" to [com.ccnlthd.course_management.dto.request.EnrollmentRequest@54aedf42]
2026-10-04T17:07:52.318+07:00 DEBUG 25480 --- [           main] .m.m.a.ExceptionHandlerExceptionResolver : Using @ExceptionHandler com.ccnlthd.course_management.exception.GlobalExceptionHandler#handleValidationException(MethodArgumentNotValidException)
2026-10-04T17:07:52.319+07:00 DEBUG 25480 --- [           main] o.s.w.s.m.m.a.HttpEntityMethodProcessor  : Using 'application/json', given [*/*] and supported [application/json, application/*+json, application/yaml]
2026-10-04T17:07:52.319+07:00 DEBUG 25480 --- [           main] o.s.w.s.m.m.a.HttpEntityMethodProcessor  : Writing [com.ccnlthd.course_management.dto.response.ApiResponse@442de1af]
2026-10-04T17:07:52.320+07:00 DEBUG 25480 --- [           main] .m.m.a.ExceptionHandlerExceptionResolver : Resolved [org.springframework.web.bind.MethodArgumentNotValidException: Validation failed for argument [1] in public org.springframework.http.ResponseEntity<com.ccnlthd.course_management.dto.response.EnrollmentResponse> com.ccnlthd.course_management.controller.EnrollmentController.updateEnrollment(java.lang.Long,com.ccnlthd.course_management.dto.request.EnrollmentRequest) with 2 errors: [Field error in object 'enrollmentRequest' on field 'studentId': rejected value [null]; codes [NotNull.enrollmentRequest.studentId,NotNull.studentId,NotNull.java.lang.Long,NotNull]; arguments [org.springframework.context.support.DefaultMessageSourceResolvable: codes [enrollmentRequest.studentId,studentId]; arguments []; default message [studentId]]; default message [Student id is required]] [Field error in object 'enrollmentRequest' on field 'status': rejected value []; codes [NotBlank.enrollmentRequest.status,NotBlank.status,NotBlank.java.lang.String,NotBlank]; arguments [org.springframework.context.support.DefaultMessageSourceResolvable: codes [enrollmentRequest.status,status]; arguments []; default message [status]]; default message [Enrollment status is required]] ]
2026-10-04T17:07:52.361+07:00 DEBUG 25480 --- [           main] s.w.s.m.m.a.RequestMappingHandlerMapping : 5 mappings in org.springframework.web.servlet.mvc.method.annotation.RequestMappingHandlerMapping
2026-10-04T17:07:52.362+07:00 DEBUG 25480 --- [           main] s.w.s.m.m.a.RequestMappingHandlerAdapter : ControllerAdvice beans: 0 @ModelAttribute, 0 @InitBinder, 2 RequestBodyAdvice, 1 ResponseBodyAdvice
2026-10-04T17:07:52.363+07:00 DEBUG 25480 --- [           main] .m.m.a.ExceptionHandlerExceptionResolver : ControllerAdvice beans: 1 @ExceptionHandler, 1 ResponseBodyAdvice
2026-10-04T17:07:52.363+07:00  INFO 25480 --- [           main] o.s.mock.web.MockServletContext          : Initializing Spring TestDispatcherServlet ''
2026-10-04T17:07:52.363+07:00  INFO 25480 --- [           main] o.s.t.web.servlet.TestDispatcherServlet  : Initializing Servlet ''
2026-10-04T17:07:52.363+07:00  INFO 25480 --- [           main] o.s.t.web.servlet.TestDispatcherServlet  : Completed initialization in 0 ms
2026-10-04T17:07:52.366+07:00 DEBUG 25480 --- [           main] s.w.s.m.m.a.RequestMappingHandlerMapping : Mapped to com.ccnlthd.course_management.controller.EnrollmentController#getEnrollmentById(Long)
2026-10-04T17:07:52.367+07:00 DEBUG 25480 --- [           main] .m.m.a.ExceptionHandlerExceptionResolver : Using @ExceptionHandler com.ccnlthd.course_management.exception.GlobalExceptionHandler#handleAppException(AppException)
2026-10-04T17:07:52.369+07:00 DEBUG 25480 --- [           main] o.s.w.s.m.m.a.HttpEntityMethodProcessor  : Using 'application/json', given [*/*] and supported [application/json, application/*+json, application/yaml]
2026-10-04T17:07:52.369+07:00 DEBUG 25480 --- [           main] o.s.w.s.m.m.a.HttpEntityMethodProcessor  : Writing [com.ccnlthd.course_management.dto.response.ApiResponse@15b4e8ba]
2026-10-04T17:07:52.371+07:00 DEBUG 25480 --- [           main] .m.m.a.ExceptionHandlerExceptionResolver : Resolved [com.ccnlthd.course_management.exception.AppException: Enrollment not found]
2026-10-04T17:07:52.374+07:00 DEBUG 25480 --- [           main] s.w.s.m.m.a.RequestMappingHandlerMapping : Mapped to com.ccnlthd.course_management.controller.EnrollmentController#updateEnrollment(Long, EnrollmentRequest)
2026-10-04T17:07:52.376+07:00 DEBUG 25480 --- [           main] m.m.a.RequestResponseBodyMethodProcessor : Read "application/json" to [com.ccnlthd.course_management.dto.request.EnrollmentRequest@25e35cdc]
2026-10-04T17:07:52.381+07:00 DEBUG 25480 --- [           main] .m.m.a.ExceptionHandlerExceptionResolver : Using @ExceptionHandler com.ccnlthd.course_management.exception.GlobalExceptionHandler#handleAppException(AppException)
2026-10-04T17:07:52.382+07:00 DEBUG 25480 --- [           main] o.s.w.s.m.m.a.HttpEntityMethodProcessor  : Using 'application/json', given [*/*] and supported [application/json, application/*+json, application/yaml]
2026-10-04T17:07:52.382+07:00 DEBUG 25480 --- [           main] o.s.w.s.m.m.a.HttpEntityMethodProcessor  : Writing [com.ccnlthd.course_management.dto.response.ApiResponse@16f9d001]
2026-10-04T17:07:52.382+07:00 DEBUG 25480 --- [           main] .m.m.a.ExceptionHandlerExceptionResolver : Resolved [com.ccnlthd.course_management.exception.AppException: Student already enrolled in this course]
2026-10-04T17:07:52.384+07:00 DEBUG 25480 --- [           main] s.w.s.m.m.a.RequestMappingHandlerMapping : Mapped to com.ccnlthd.course_management.controller.EnrollmentController#deleteEnrollment(Long)
2026-10-04T17:07:52.386+07:00 DEBUG 25480 --- [           main] .m.m.a.ExceptionHandlerExceptionResolver : Using @ExceptionHandler com.ccnlthd.course_management.exception.GlobalExceptionHandler#handleAppException(AppException)
2026-10-04T17:07:52.386+07:00 DEBUG 25480 --- [           main] o.s.w.s.m.m.a.HttpEntityMethodProcessor  : Using 'application/json', given [*/*] and supported [application/json, application/*+json, application/yaml]
2026-10-04T17:07:52.386+07:00 DEBUG 25480 --- [           main] o.s.w.s.m.m.a.HttpEntityMethodProcessor  : Writing [com.ccnlthd.course_management.dto.response.ApiResponse@234f948d]
2026-10-04T17:07:52.387+07:00 DEBUG 25480 --- [           main] .m.m.a.ExceptionHandlerExceptionResolver : Resolved [com.ccnlthd.course_management.exception.AppException: Enrollment not found]
2026-10-04T17:07:52.409+07:00 DEBUG 25480 --- [           main] s.w.s.m.m.a.RequestMappingHandlerMapping : 5 mappings in org.springframework.web.servlet.mvc.method.annotation.RequestMappingHandlerMapping
2026-10-04T17:07:52.410+07:00 DEBUG 25480 --- [           main] s.w.s.m.m.a.RequestMappingHandlerAdapter : ControllerAdvice beans: 0 @ModelAttribute, 0 @InitBinder, 2 RequestBodyAdvice, 1 ResponseBodyAdvice
2026-10-04T17:07:52.411+07:00 DEBUG 25480 --- [           main] .m.m.a.ExceptionHandlerExceptionResolver : ControllerAdvice beans: 1 @ExceptionHandler, 1 ResponseBodyAdvice
2026-10-04T17:07:52.411+07:00  INFO 25480 --- [           main] o.s.mock.web.MockServletContext          : Initializing Spring TestDispatcherServlet ''
2026-10-04T17:07:52.411+07:00  INFO 25480 --- [           main] o.s.t.web.servlet.TestDispatcherServlet  : Initializing Servlet ''
2026-10-04T17:07:52.411+07:00  INFO 25480 --- [           main] o.s.t.web.servlet.TestDispatcherServlet  : Completed initialization in 0 ms
2026-10-04T17:07:52.413+07:00 DEBUG 25480 --- [           main] s.w.s.m.m.a.RequestMappingHandlerMapping : Mapped to com.ccnlthd.course_management.controller.EnrollmentController#createEnrollment(EnrollmentRequest)
2026-10-04T17:07:52.415+07:00 DEBUG 25480 --- [           main] m.m.a.RequestResponseBodyMethodProcessor : Read "application/json" to [com.ccnlthd.course_management.dto.request.EnrollmentRequest@2750cb88]
2026-10-04T17:07:52.424+07:00 DEBUG 25480 --- [           main] o.s.w.s.m.m.a.HttpEntityMethodProcessor  : Using 'application/json', given [*/*] and supported [application/json, application/*+json, application/yaml]
2026-10-04T17:07:52.424+07:00 DEBUG 25480 --- [           main] o.s.w.s.m.m.a.HttpEntityMethodProcessor  : Writing [com.ccnlthd.course_management.dto.response.EnrollmentResponse@2a5342e2]
2026-10-04T17:07:52.429+07:00 DEBUG 25480 --- [           main] s.w.s.m.m.a.RequestMappingHandlerMapping : Mapped to com.ccnlthd.course_management.controller.EnrollmentController#getAllEnrollments()
2026-10-04T17:07:52.433+07:00 DEBUG 25480 --- [           main] o.s.w.s.m.m.a.HttpEntityMethodProcessor  : Using 'application/json', given [*/*] and supported [application/json, application/*+json, application/yaml]
2026-10-04T17:07:52.433+07:00 DEBUG 25480 --- [           main] o.s.w.s.m.m.a.HttpEntityMethodProcessor  : Writing [[com.ccnlthd.course_management.dto.response.EnrollmentResponse@2a5342e2]]
2026-10-04T17:07:52.434+07:00 DEBUG 25480 --- [           main] s.w.s.m.m.a.RequestMappingHandlerMapping : Mapped to com.ccnlthd.course_management.controller.EnrollmentController#getEnrollmentById(Long)
2026-10-04T17:07:52.435+07:00 DEBUG 25480 --- [           main] o.s.w.s.m.m.a.HttpEntityMethodProcessor  : Using 'application/json', given [*/*] and supported [application/json, application/*+json, application/yaml]
2026-10-04T17:07:52.436+07:00 DEBUG 25480 --- [           main] o.s.w.s.m.m.a.HttpEntityMethodProcessor  : Writing [com.ccnlthd.course_management.dto.response.EnrollmentResponse@2a5342e2]
2026-10-04T17:07:52.437+07:00 DEBUG 25480 --- [           main] s.w.s.m.m.a.RequestMappingHandlerMapping : Mapped to com.ccnlthd.course_management.controller.EnrollmentController#updateEnrollment(Long, EnrollmentRequest)
2026-10-04T17:07:52.438+07:00 DEBUG 25480 --- [           main] m.m.a.RequestResponseBodyMethodProcessor : Read "application/json" to [com.ccnlthd.course_management.dto.request.EnrollmentRequest@682d8f82]
2026-10-04T17:07:52.439+07:00 DEBUG 25480 --- [           main] o.s.w.s.m.m.a.HttpEntityMethodProcessor  : Using 'application/json', given [*/*] and supported [application/json, application/*+json, application/yaml]
2026-10-04T17:07:52.440+07:00 DEBUG 25480 --- [           main] o.s.w.s.m.m.a.HttpEntityMethodProcessor  : Writing [com.ccnlthd.course_management.dto.response.EnrollmentResponse@2a5342e2]
2026-10-04T17:07:52.441+07:00 DEBUG 25480 --- [           main] s.w.s.m.m.a.RequestMappingHandlerMapping : Mapped to com.ccnlthd.course_management.controller.EnrollmentController#deleteEnrollment(Long)
2026-10-04T17:07:52.442+07:00 DEBUG 25480 --- [           main] o.s.w.s.m.m.a.HttpEntityMethodProcessor  : Using 'application/json', given [*/*] and supported [application/json, application/*+json, application/yaml]
2026-10-04T17:07:52.442+07:00 DEBUG 25480 --- [           main] o.s.w.s.m.m.a.HttpEntityMethodProcessor  : Nothing to write: null body
[INFO] Tests run: 14, Failures: 0, Errors: 0, Skipped: 0, Time elapsed: 0.393 s -- in com.ccnlthd.course_management.EnrollmentCrudTests
[INFO] Running com.ccnlthd.course_management.GlobalExceptionHandlerTests
2026-10-04T17:07:52.513+07:00 DEBUG 25480 --- [           main] s.w.s.m.m.a.RequestMappingHandlerMapping : 5 mappings in org.springframework.web.servlet.mvc.method.annotation.RequestMappingHandlerMapping
2026-10-04T17:07:52.518+07:00 DEBUG 25480 --- [           main] s.w.s.m.m.a.RequestMappingHandlerAdapter : ControllerAdvice beans: 0 @ModelAttribute, 0 @InitBinder, 2 RequestBodyAdvice, 1 ResponseBodyAdvice
2026-10-04T17:07:52.519+07:00 DEBUG 25480 --- [           main] .m.m.a.ExceptionHandlerExceptionResolver : ControllerAdvice beans: 1 @ExceptionHandler, 1 ResponseBodyAdvice
2026-10-04T17:07:52.519+07:00  INFO 25480 --- [           main] o.s.mock.web.MockServletContext          : Initializing Spring TestDispatcherServlet ''
2026-10-04T17:07:52.519+07:00  INFO 25480 --- [           main] o.s.t.web.servlet.TestDispatcherServlet  : Initializing Servlet ''
2026-10-04T17:07:52.519+07:00  INFO 25480 --- [           main] o.s.t.web.servlet.TestDispatcherServlet  : Completed initialization in 0 ms
2026-10-04T17:07:52.528+07:00 DEBUG 25480 --- [           main] s.w.s.m.m.a.RequestMappingHandlerMapping : Mapped to com.ccnlthd.course_management.controller.CourseController#createCourse(CourseRequest)
2026-10-04T17:07:52.533+07:00 DEBUG 25480 --- [           main] m.m.a.RequestResponseBodyMethodProcessor : Read "application/json" to [com.ccnlthd.course_management.dto.request.CourseRequest@2c48905f]
2026-10-04T17:07:52.550+07:00 DEBUG 25480 --- [           main] .m.m.a.ExceptionHandlerExceptionResolver : Using @ExceptionHandler com.ccnlthd.course_management.exception.GlobalExceptionHandler#handleDataConflict(DataIntegrityViolationException)
2026-10-04T17:07:52.556+07:00 DEBUG 25480 --- [           main] o.s.w.s.m.m.a.HttpEntityMethodProcessor  : Using 'application/json', given [*/*] and supported [application/json, application/*+json, application/yaml]
2026-10-04T17:07:52.556+07:00 DEBUG 25480 --- [           main] o.s.w.s.m.m.a.HttpEntityMethodProcessor  : Writing [com.ccnlthd.course_management.dto.response.ApiResponse@5409b9e3]
2026-10-04T17:07:52.563+07:00 DEBUG 25480 --- [           main] .m.m.a.ExceptionHandlerExceptionResolver : Resolved [org.springframework.dao.DataIntegrityViolationException: Internal database detail]
2026-10-04T17:07:52.631+07:00 DEBUG 25480 --- [           main] s.w.s.m.m.a.RequestMappingHandlerMapping : 5 mappings in org.springframework.web.servlet.mvc.method.annotation.RequestMappingHandlerMapping
2026-10-04T17:07:52.631+07:00 DEBUG 25480 --- [           main] s.w.s.m.m.a.RequestMappingHandlerAdapter : ControllerAdvice beans: 0 @ModelAttribute, 0 @InitBinder, 2 RequestBodyAdvice, 1 ResponseBodyAdvice
2026-10-04T17:07:52.633+07:00 DEBUG 25480 --- [           main] .m.m.a.ExceptionHandlerExceptionResolver : ControllerAdvice beans: 1 @ExceptionHandler, 1 ResponseBodyAdvice
2026-10-04T17:07:52.633+07:00  INFO 25480 --- [           main] o.s.mock.web.MockServletContext          : Initializing Spring TestDispatcherServlet ''
2026-10-04T17:07:52.633+07:00  INFO 25480 --- [           main] o.s.t.web.servlet.TestDispatcherServlet  : Initializing Servlet ''
2026-10-04T17:07:52.633+07:00  INFO 25480 --- [           main] o.s.t.web.servlet.TestDispatcherServlet  : Completed initialization in 0 ms
2026-10-04T17:07:52.634+07:00 DEBUG 25480 --- [           main] s.w.s.m.m.a.RequestMappingHandlerMapping : Mapped to com.ccnlthd.course_management.controller.CourseController#createCourse(CourseRequest)
2026-10-04T17:07:52.648+07:00 DEBUG 25480 --- [           main] o.s.web.method.HandlerMethod             : Could not resolve parameter [0] in public org.springframework.http.ResponseEntity<com.ccnlthd.course_management.dto.response.CourseResponse> com.ccnlthd.course_management.controller.CourseController.createCourse(com.ccnlthd.course_management.dto.request.CourseRequest): JSON parse error: Unexpected character ('i' (code 105)): was expecting double-quote to start property name
2026-10-04T17:07:52.648+07:00 DEBUG 25480 --- [           main] .m.m.a.ExceptionHandlerExceptionResolver : Using @ExceptionHandler com.ccnlthd.course_management.exception.GlobalExceptionHandler#handleUnreadableRequest(HttpMessageNotReadableException)
2026-10-04T17:07:52.651+07:00 DEBUG 25480 --- [           main] o.s.w.s.m.m.a.HttpEntityMethodProcessor  : Using 'application/json', given [*/*] and supported [application/json, application/*+json, application/yaml]
2026-10-04T17:07:52.651+07:00 DEBUG 25480 --- [           main] o.s.w.s.m.m.a.HttpEntityMethodProcessor  : Writing [com.ccnlthd.course_management.dto.response.ApiResponse@1441386b]
2026-10-04T17:07:52.654+07:00 DEBUG 25480 --- [           main] .m.m.a.ExceptionHandlerExceptionResolver : Resolved [org.springframework.http.converter.HttpMessageNotReadableException: JSON parse error: Unexpected character ('i' (code 105)): was expecting double-quote to start property name]
2026-10-04T17:07:52.704+07:00 DEBUG 25480 --- [           main] s.w.s.m.m.a.RequestMappingHandlerMapping : 5 mappings in org.springframework.web.servlet.mvc.method.annotation.RequestMappingHandlerMapping
2026-10-04T17:07:52.707+07:00 DEBUG 25480 --- [           main] s.w.s.m.m.a.RequestMappingHandlerAdapter : ControllerAdvice beans: 0 @ModelAttribute, 0 @InitBinder, 2 RequestBodyAdvice, 1 ResponseBodyAdvice
2026-10-04T17:07:52.709+07:00 DEBUG 25480 --- [           main] .m.m.a.ExceptionHandlerExceptionResolver : ControllerAdvice beans: 1 @ExceptionHandler, 1 ResponseBodyAdvice
2026-10-04T17:07:52.709+07:00  INFO 25480 --- [           main] o.s.mock.web.MockServletContext          : Initializing Spring TestDispatcherServlet ''
2026-10-04T17:07:52.710+07:00  INFO 25480 --- [           main] o.s.t.web.servlet.TestDispatcherServlet  : Initializing Servlet ''
2026-10-04T17:07:52.710+07:00  INFO 25480 --- [           main] o.s.t.web.servlet.TestDispatcherServlet  : Completed initialization in 0 ms
2026-10-04T17:07:52.711+07:00 DEBUG 25480 --- [           main] s.w.s.m.m.a.RequestMappingHandlerMapping : Mapped to com.ccnlthd.course_management.controller.CourseController#createCourse(CourseRequest)
2026-10-04T17:07:52.715+07:00 DEBUG 25480 --- [           main] m.m.a.RequestResponseBodyMethodProcessor : Read "application/json" to [com.ccnlthd.course_management.dto.request.CourseRequest@1f0f5174]
2026-10-04T17:07:52.725+07:00 DEBUG 25480 --- [           main] .m.m.a.ExceptionHandlerExceptionResolver : Using @ExceptionHandler com.ccnlthd.course_management.exception.GlobalExceptionHandler#handleValidationException(MethodArgumentNotValidException)
2026-10-04T17:07:52.741+07:00 DEBUG 25480 --- [           main] o.s.w.s.m.m.a.HttpEntityMethodProcessor  : Using 'application/json', given [*/*] and supported [application/json, application/*+json, application/yaml]
2026-10-04T17:07:52.742+07:00 DEBUG 25480 --- [           main] o.s.w.s.m.m.a.HttpEntityMethodProcessor  : Writing [com.ccnlthd.course_management.dto.response.ApiResponse@24db2a0c]
2026-10-04T17:07:52.757+07:00 DEBUG 25480 --- [           main] .m.m.a.ExceptionHandlerExceptionResolver : Resolved [org.springframework.web.bind.MethodArgumentNotValidException: Validation failed for argument [0] in public org.springframework.http.ResponseEntity<com.ccnlthd.course_management.dto.response.CourseResponse> com.ccnlthd.course_management.controller.CourseController.createCourse(com.ccnlthd.course_management.dto.request.CourseRequest) with 5 errors: [Field error in object 'courseRequest' on field 'level': rejected value []; codes [NotBlank.courseRequest.level,NotBlank.level,NotBlank.java.lang.String,NotBlank]; arguments [org.springframework.context.support.DefaultMessageSourceResolvable: codes [courseRequest.level,level]; arguments []; default message [level]]; default message [Course level is required]] [Field error in object 'courseRequest' on field 'title': rejected value []; codes [NotBlank.courseRequest.title,NotBlank.title,NotBlank.java.lang.String,NotBlank]; arguments [org.springframework.context.support.DefaultMessageSourceResolvable: codes [courseRequest.title,title]; arguments []; default message [title]]; default message [Course title is required]] [Field error in object 'courseRequest' on field 'status': rejected value []; codes [NotBlank.courseRequest.status,NotBlank.status,NotBlank.java.lang.String,NotBlank]; arguments [org.springframework.context.support.DefaultMessageSourceResolvable: codes [courseRequest.status,status]; arguments []; default message [status]]; default message [Course status is required]] [Field error in object 'courseRequest' on field 'categoryId': rejected value [null]; codes [NotNull.courseRequest.categoryId,NotNull.categoryId,NotNull.java.lang.Long,NotNull]; arguments [org.springframework.context.support.DefaultMessageSourceResolvable: codes [courseRequest.categoryId,categoryId]; arguments []; default message [categoryId]]; default message [Category id is required]] [Field error in object 'courseRequest' on field 'price': rejected value [-1]; codes [PositiveOrZero.courseRequest.price,PositiveOrZero.price,PositiveOrZero.java.math.BigDecimal,PositiveOrZero]; arguments [org.springframework.context.support.DefaultMessageSourceResolvable: codes [courseRequest.price,price]; arguments []; default message [price]]; default message [Course price must be zero or positive]] ]
2026-10-04T17:07:52.784+07:00 DEBUG 25480 --- [           main] s.w.s.m.m.a.RequestMappingHandlerMapping : 5 mappings in org.springframework.web.servlet.mvc.method.annotation.RequestMappingHandlerMapping
2026-10-04T17:07:52.785+07:00 DEBUG 25480 --- [           main] s.w.s.m.m.a.RequestMappingHandlerAdapter : ControllerAdvice beans: 0 @ModelAttribute, 0 @InitBinder, 2 RequestBodyAdvice, 1 ResponseBodyAdvice
2026-10-04T17:07:52.786+07:00 DEBUG 25480 --- [           main] .m.m.a.ExceptionHandlerExceptionResolver : ControllerAdvice beans: 1 @ExceptionHandler, 1 ResponseBodyAdvice
2026-10-04T17:07:52.787+07:00  INFO 25480 --- [           main] o.s.mock.web.MockServletContext          : Initializing Spring TestDispatcherServlet ''
2026-10-04T17:07:52.787+07:00  INFO 25480 --- [           main] o.s.t.web.servlet.TestDispatcherServlet  : Initializing Servlet ''
2026-10-04T17:07:52.787+07:00  INFO 25480 --- [           main] o.s.t.web.servlet.TestDispatcherServlet  : Completed initialization in 0 ms
2026-10-04T17:07:52.790+07:00 DEBUG 25480 --- [           main] s.w.s.m.m.a.RequestMappingHandlerMapping : Mapped to com.ccnlthd.course_management.controller.CourseController#createCourse(CourseRequest)
2026-10-04T17:07:52.793+07:00 DEBUG 25480 --- [           main] m.m.a.RequestResponseBodyMethodProcessor : Read "application/json" to [com.ccnlthd.course_management.dto.request.CourseRequest@2c359ef0]
2026-10-04T17:07:52.804+07:00 DEBUG 25480 --- [           main] .m.m.a.ExceptionHandlerExceptionResolver : Using @ExceptionHandler com.ccnlthd.course_management.exception.GlobalExceptionHandler#handleUncategorizedException(Exception)
2026-10-04T17:07:52.805+07:00 ERROR 25480 --- [           main] c.c.c.exception.GlobalExceptionHandler   : Unhandled request exception

java.lang.RuntimeException: Database is unavailable
	at com.ccnlthd.course_management.controller.CourseController.createCourse(CourseController.java:51) ~[classes/:na]
	at java.base/jdk.internal.reflect.DirectMethodHandleAccessor.invoke(DirectMethodHandleAccessor.java:103) ~[na:na]
	at java.base/java.lang.reflect.Method.invoke(Method.java:580) ~[na:na]
	at org.springframework.web.method.support.InvocableHandlerMethod.doInvoke(InvocableHandlerMethod.java:252) ~[spring-web-7.0.9.jar:7.0.9]
	at org.springframework.web.method.support.InvocableHandlerMethod.invokeForRequest(InvocableHandlerMethod.java:184) ~[spring-web-7.0.9.jar:7.0.9]
	at org.springframework.web.servlet.mvc.method.annotation.ServletInvocableHandlerMethod.invokeAndHandle(ServletInvocableHandlerMethod.java:117) ~[spring-webmvc-7.0.9.jar:7.0.9]
	at org.springframework.web.servlet.mvc.method.annotation.RequestMappingHandlerAdapter.invokeHandlerMethod(RequestMappingHandlerAdapter.java:934) ~[spring-webmvc-7.0.9.jar:7.0.9]
	at org.springframework.web.servlet.mvc.method.annotation.RequestMappingHandlerAdapter.handleInternal(RequestMappingHandlerAdapter.java:853) ~[spring-webmvc-7.0.9.jar:7.0.9]
	at org.springframework.web.servlet.mvc.method.AbstractHandlerMethodAdapter.handle(AbstractHandlerMethodAdapter.java:86) ~[spring-webmvc-7.0.9.jar:7.0.9]
	at org.springframework.web.servlet.DispatcherServlet.doDispatch(DispatcherServlet.java:963) ~[spring-webmvc-7.0.9.jar:7.0.9]
	at org.springframework.web.servlet.DispatcherServlet.doService(DispatcherServlet.java:866) ~[spring-webmvc-7.0.9.jar:7.0.9]
	at org.springframework.web.servlet.FrameworkServlet.processRequest(FrameworkServlet.java:1000) ~[spring-webmvc-7.0.9.jar:7.0.9]
	at org.springframework.web.servlet.FrameworkServlet.doPost(FrameworkServlet.java:903) ~[spring-webmvc-7.0.9.jar:7.0.9]
	at jakarta.servlet.http.HttpServlet.service(HttpServlet.java:649) ~[tomcat-embed-core-11.0.24.jar:6.1]
	at org.springframework.web.servlet.FrameworkServlet.service(FrameworkServlet.java:874) ~[spring-webmvc-7.0.9.jar:7.0.9]
	at org.springframework.test.web.servlet.TestDispatcherServlet.service(TestDispatcherServlet.java:72) ~[spring-test-7.0.9.jar:7.0.9]
	at jakarta.servlet.http.HttpServlet.service(HttpServlet.java:710) ~[tomcat-embed-core-11.0.24.jar:6.1]
	at org.springframework.mock.web.MockFilterChain$ServletFilterProxy.doFilter(MockFilterChain.java:160) ~[spring-test-7.0.9.jar:7.0.9]
	at org.springframework.mock.web.MockFilterChain.doFilter(MockFilterChain.java:127) ~[spring-test-7.0.9.jar:7.0.9]
	at org.springframework.test.web.servlet.MockMvc.perform(MockMvc.java:199) ~[spring-test-7.0.9.jar:7.0.9]
	at com.ccnlthd.course_management.GlobalExceptionHandlerTests.shouldReturnStandardResponseWhenUnexpectedExceptionOccurs(GlobalExceptionHandlerTests.java:149) ~[test-classes/:na]
	at java.base/jdk.internal.reflect.DirectMethodHandleAccessor.invoke(DirectMethodHandleAccessor.java:103) ~[na:na]
	at java.base/java.lang.reflect.Method.invoke(Method.java:580) ~[na:na]
	at org.junit.platform.commons.util.ReflectionUtils.invokeMethod(ReflectionUtils.java:701) ~[junit-platform-commons-6.0.3.jar:6.0.3]
	at org.junit.platform.commons.support.ReflectionSupport.invokeMethod(ReflectionSupport.java:502) ~[junit-platform-commons-6.0.3.jar:6.0.3]
	at org.junit.jupiter.engine.support.MethodReflectionUtils.invoke(MethodReflectionUtils.java:45) ~[junit-jupiter-engine-6.0.3.jar:6.0.3]
	at org.junit.jupiter.engine.execution.MethodInvocation.proceed(MethodInvocation.java:61) ~[junit-jupiter-engine-6.0.3.jar:6.0.3]
	at org.junit.jupiter.engine.execution.InvocationInterceptorChain$ValidatingInvocation.proceed(InvocationInterceptorChain.java:124) ~[junit-jupiter-engine-6.0.3.jar:6.0.3]
	at org.junit.jupiter.engine.extension.TimeoutExtension.intercept(TimeoutExtension.java:163) ~[junit-jupiter-engine-6.0.3.jar:6.0.3]
	at org.junit.jupiter.engine.extension.TimeoutExtension.interceptTestableMethod(TimeoutExtension.java:148) ~[junit-jupiter-engine-6.0.3.jar:6.0.3]
	at org.junit.jupiter.engine.extension.TimeoutExtension.interceptTestMethod(TimeoutExtension.java:86) ~[junit-jupiter-engine-6.0.3.jar:6.0.3]
	at org.junit.jupiter.engine.execution.InterceptingExecutableInvoker$ReflectiveInterceptorCall.lambda$ofVoidMethod$0(InterceptingExecutableInvoker.java:123) ~[junit-jupiter-engine-6.0.3.jar:6.0.3]
	at org.junit.jupiter.engine.execution.InterceptingExecutableInvoker.lambda$invoke$0(InterceptingExecutableInvoker.java:105) ~[junit-jupiter-engine-6.0.3.jar:6.0.3]
	at org.junit.jupiter.engine.execution.InvocationInterceptorChain$InterceptedInvocation.proceed(InvocationInterceptorChain.java:99) ~[junit-jupiter-engine-6.0.3.jar:6.0.3]
	at org.junit.jupiter.engine.execution.InvocationInterceptorChain.proceed(InvocationInterceptorChain.java:66) ~[junit-jupiter-engine-6.0.3.jar:6.0.3]
	at org.junit.jupiter.engine.execution.InvocationInterceptorChain.chainAndInvoke(InvocationInterceptorChain.java:47) ~[junit-jupiter-engine-6.0.3.jar:6.0.3]
	at org.junit.jupiter.engine.execution.InvocationInterceptorChain.invoke(InvocationInterceptorChain.java:39) ~[junit-jupiter-engine-6.0.3.jar:6.0.3]
	at org.junit.jupiter.engine.execution.InterceptingExecutableInvoker.invoke(InterceptingExecutableInvoker.java:104) ~[junit-jupiter-engine-6.0.3.jar:6.0.3]
	at org.junit.jupiter.engine.execution.InterceptingExecutableInvoker.invoke(InterceptingExecutableInvoker.java:98) ~[junit-jupiter-engine-6.0.3.jar:6.0.3]
	at org.junit.jupiter.engine.execution.InterceptingExecutableInvoker.invokeVoid(InterceptingExecutableInvoker.java:71) ~[junit-jupiter-engine-6.0.3.jar:6.0.3]
	at org.junit.jupiter.engine.descriptor.TestMethodTestDescriptor.lambda$invokeTestMethod$0(TestMethodTestDescriptor.java:219) ~[junit-jupiter-engine-6.0.3.jar:6.0.3]
	at org.junit.platform.engine.support.hierarchical.ThrowableCollector.execute(ThrowableCollector.java:74) ~[junit-platform-engine-6.0.3.jar:6.0.3]
	at org.junit.jupiter.engine.descriptor.TestMethodTestDescriptor.invokeTestMethod(TestMethodTestDescriptor.java:215) ~[junit-jupiter-engine-6.0.3.jar:6.0.3]
	at org.junit.jupiter.engine.descriptor.TestMethodTestDescriptor.execute(TestMethodTestDescriptor.java:157) ~[junit-jupiter-engine-6.0.3.jar:6.0.3]
	at org.junit.jupiter.engine.descriptor.TestMethodTestDescriptor.execute(TestMethodTestDescriptor.java:70) ~[junit-jupiter-engine-6.0.3.jar:6.0.3]
	at org.junit.platform.engine.support.hierarchical.NodeTestTask.lambda$executeRecursively$2(NodeTestTask.java:176) ~[junit-platform-engine-6.0.3.jar:6.0.3]
	at org.junit.platform.engine.support.hierarchical.ThrowableCollector.execute(ThrowableCollector.java:74) ~[junit-platform-engine-6.0.3.jar:6.0.3]
	at org.junit.platform.engine.support.hierarchical.NodeTestTask.lambda$executeRecursively$1(NodeTestTask.java:166) ~[junit-platform-engine-6.0.3.jar:6.0.3]
	at org.junit.platform.engine.support.hierarchical.Node.around(Node.java:138) ~[junit-platform-engine-6.0.3.jar:6.0.3]
	at org.junit.platform.engine.support.hierarchical.NodeTestTask.lambda$executeRecursively$0(NodeTestTask.java:164) ~[junit-platform-engine-6.0.3.jar:6.0.3]
	at org.junit.platform.engine.support.hierarchical.ThrowableCollector.execute(ThrowableCollector.java:74) ~[junit-platform-engine-6.0.3.jar:6.0.3]
	at org.junit.platform.engine.support.hierarchical.NodeTestTask.executeRecursively(NodeTestTask.java:163) ~[junit-platform-engine-6.0.3.jar:6.0.3]
	at org.junit.platform.engine.support.hierarchical.NodeTestTask.execute(NodeTestTask.java:116) ~[junit-platform-engine-6.0.3.jar:6.0.3]
	at java.base/java.util.ArrayList.forEach(ArrayList.java:1597) ~[na:na]
	at org.junit.platform.engine.support.hierarchical.SameThreadHierarchicalTestExecutorService.invokeAll(SameThreadHierarchicalTestExecutorService.java:42) ~[junit-platform-engine-6.0.3.jar:6.0.3]
	at org.junit.platform.engine.support.hierarchical.NodeTestTask.lambda$executeRecursively$2(NodeTestTask.java:180) ~[junit-platform-engine-6.0.3.jar:6.0.3]
	at org.junit.platform.engine.support.hierarchical.ThrowableCollector.execute(ThrowableCollector.java:74) ~[junit-platform-engine-6.0.3.jar:6.0.3]
	at org.junit.platform.engine.support.hierarchical.NodeTestTask.lambda$executeRecursively$1(NodeTestTask.java:166) ~[junit-platform-engine-6.0.3.jar:6.0.3]
	at org.junit.platform.engine.support.hierarchical.Node.around(Node.java:138) ~[junit-platform-engine-6.0.3.jar:6.0.3]
	at org.junit.platform.engine.support.hierarchical.NodeTestTask.lambda$executeRecursively$0(NodeTestTask.java:164) ~[junit-platform-engine-6.0.3.jar:6.0.3]
	at org.junit.platform.engine.support.hierarchical.ThrowableCollector.execute(ThrowableCollector.java:74) ~[junit-platform-engine-6.0.3.jar:6.0.3]
	at org.junit.platform.engine.support.hierarchical.NodeTestTask.executeRecursively(NodeTestTask.java:163) ~[junit-platform-engine-6.0.3.jar:6.0.3]
	at org.junit.platform.engine.support.hierarchical.NodeTestTask.execute(NodeTestTask.java:116) ~[junit-platform-engine-6.0.3.jar:6.0.3]
	at java.base/java.util.ArrayList.forEach(ArrayList.java:1597) ~[na:na]
	at org.junit.platform.engine.support.hierarchical.SameThreadHierarchicalTestExecutorService.invokeAll(SameThreadHierarchicalTestExecutorService.java:42) ~[junit-platform-engine-6.0.3.jar:6.0.3]
	at org.junit.platform.engine.support.hierarchical.NodeTestTask.lambda$executeRecursively$2(NodeTestTask.java:180) ~[junit-platform-engine-6.0.3.jar:6.0.3]
	at org.junit.platform.engine.support.hierarchical.ThrowableCollector.execute(ThrowableCollector.java:74) ~[junit-platform-engine-6.0.3.jar:6.0.3]
	at org.junit.platform.engine.support.hierarchical.NodeTestTask.lambda$executeRecursively$1(NodeTestTask.java:166) ~[junit-platform-engine-6.0.3.jar:6.0.3]
	at org.junit.platform.engine.support.hierarchical.Node.around(Node.java:138) ~[junit-platform-engine-6.0.3.jar:6.0.3]
	at org.junit.platform.engine.support.hierarchical.NodeTestTask.lambda$executeRecursively$0(NodeTestTask.java:164) ~[junit-platform-engine-6.0.3.jar:6.0.3]
	at org.junit.platform.engine.support.hierarchical.ThrowableCollector.execute(ThrowableCollector.java:74) ~[junit-platform-engine-6.0.3.jar:6.0.3]
	at org.junit.platform.engine.support.hierarchical.NodeTestTask.executeRecursively(NodeTestTask.java:163) ~[junit-platform-engine-6.0.3.jar:6.0.3]
	at org.junit.platform.engine.support.hierarchical.NodeTestTask.execute(NodeTestTask.java:116) ~[junit-platform-engine-6.0.3.jar:6.0.3]
	at org.junit.platform.engine.support.hierarchical.SameThreadHierarchicalTestExecutorService.submit(SameThreadHierarchicalTestExecutorService.java:36) ~[junit-platform-engine-6.0.3.jar:6.0.3]
	at org.junit.platform.engine.support.hierarchical.HierarchicalTestExecutor.execute(HierarchicalTestExecutor.java:52) ~[junit-platform-engine-6.0.3.jar:6.0.3]
	at org.junit.platform.engine.support.hierarchical.HierarchicalTestEngine.execute(HierarchicalTestEngine.java:58) ~[junit-platform-engine-6.0.3.jar:6.0.3]
	at org.junit.platform.launcher.core.EngineExecutionOrchestrator.executeEngine(EngineExecutionOrchestrator.java:246) ~[junit-platform-launcher-6.0.3.jar:6.0.3]
	at org.junit.platform.launcher.core.EngineExecutionOrchestrator.failOrExecuteEngine(EngineExecutionOrchestrator.java:218) ~[junit-platform-launcher-6.0.3.jar:6.0.3]
	at org.junit.platform.launcher.core.EngineExecutionOrchestrator.execute(EngineExecutionOrchestrator.java:179) ~[junit-platform-launcher-6.0.3.jar:6.0.3]
	at org.junit.platform.launcher.core.EngineExecutionOrchestrator.execute(EngineExecutionOrchestrator.java:108) ~[junit-platform-launcher-6.0.3.jar:6.0.3]
	at org.junit.platform.launcher.core.EngineExecutionOrchestrator.lambda$execute$0(EngineExecutionOrchestrator.java:66) ~[junit-platform-launcher-6.0.3.jar:6.0.3]
	at org.junit.platform.launcher.core.EngineExecutionOrchestrator.withInterceptedStreams(EngineExecutionOrchestrator.java:157) ~[junit-platform-launcher-6.0.3.jar:6.0.3]
	at org.junit.platform.launcher.core.EngineExecutionOrchestrator.execute(EngineExecutionOrchestrator.java:65) ~[junit-platform-launcher-6.0.3.jar:6.0.3]
	at org.junit.platform.launcher.core.DefaultLauncher.execute(DefaultLauncher.java:125) ~[junit-platform-launcher-6.0.3.jar:6.0.3]
	at org.junit.platform.launcher.core.DefaultLauncher.execute(DefaultLauncher.java:114) ~[junit-platform-launcher-6.0.3.jar:6.0.3]
	at org.junit.platform.launcher.core.DelegatingLauncher.execute(DelegatingLauncher.java:58) ~[junit-platform-launcher-6.0.3.jar:6.0.3]
	at org.junit.platform.launcher.core.InterceptingLauncher.lambda$execute$2(InterceptingLauncher.java:57) ~[junit-platform-launcher-6.0.3.jar:6.0.3]
	at org.junit.platform.launcher.core.ClasspathAlignmentCheckingLauncherInterceptor.intercept(ClasspathAlignmentCheckingLauncherInterceptor.java:25) ~[junit-platform-launcher-6.0.3.jar:6.0.3]
	at org.junit.platform.launcher.core.InterceptingLauncher.execute(InterceptingLauncher.java:56) ~[junit-platform-launcher-6.0.3.jar:6.0.3]
	at org.junit.platform.launcher.core.DelegatingLauncher.execute(DelegatingLauncher.java:58) ~[junit-platform-launcher-6.0.3.jar:6.0.3]
	at java.base/jdk.internal.reflect.DirectMethodHandleAccessor.invoke(DirectMethodHandleAccessor.java:103) ~[na:na]
	at java.base/java.lang.reflect.Method.invoke(Method.java:580) ~[na:na]
	at org.apache.maven.surefire.api.util.ReflectionUtils.invokeMethodWithArray(ReflectionUtils.java:125) ~[surefire-api-3.5.6.jar:3.5.6]
	at org.apache.maven.surefire.junitplatform.LauncherAdapter.executeWithCancellationToken(LauncherAdapter.java:68) ~[surefire-junit-platform-3.5.6.jar:3.5.6]
	at org.apache.maven.surefire.junitplatform.LauncherAdapter.execute(LauncherAdapter.java:54) ~[surefire-junit-platform-3.5.6.jar:3.5.6]
	at org.apache.maven.surefire.junitplatform.JUnitPlatformProvider.execute(JUnitPlatformProvider.java:203) ~[surefire-junit-platform-3.5.6.jar:3.5.6]
	at org.apache.maven.surefire.junitplatform.JUnitPlatformProvider.invokeAllTests(JUnitPlatformProvider.java:168) ~[surefire-junit-platform-3.5.6.jar:3.5.6]
	at org.apache.maven.surefire.junitplatform.JUnitPlatformProvider.invoke(JUnitPlatformProvider.java:136) ~[surefire-junit-platform-3.5.6.jar:3.5.6]
	at org.apache.maven.surefire.booter.ForkedBooter.runSuitesInProcess(ForkedBooter.java:385) ~[surefire-booter-3.5.6.jar:3.5.6]
	at org.apache.maven.surefire.booter.ForkedBooter.execute(ForkedBooter.java:162) ~[surefire-booter-3.5.6.jar:3.5.6]
	at org.apache.maven.surefire.booter.ForkedBooter.run(ForkedBooter.java:507) ~[surefire-booter-3.5.6.jar:3.5.6]
	at org.apache.maven.surefire.booter.ForkedBooter.main(ForkedBooter.java:495) ~[surefire-booter-3.5.6.jar:3.5.6]

2026-10-04T17:07:52.815+07:00 DEBUG 25480 --- [           main] o.s.w.s.m.m.a.HttpEntityMethodProcessor  : Using 'application/json', given [*/*] and supported [application/json, application/*+json, application/yaml]
2026-10-04T17:07:52.815+07:00 DEBUG 25480 --- [           main] o.s.w.s.m.m.a.HttpEntityMethodProcessor  : Writing [com.ccnlthd.course_management.dto.response.ApiResponse@efd99f3]
2026-10-04T17:07:52.820+07:00 DEBUG 25480 --- [           main] .m.m.a.ExceptionHandlerExceptionResolver : Resolved [java.lang.RuntimeException: Database is unavailable]
2026-10-04T17:07:52.845+07:00 DEBUG 25480 --- [           main] s.w.s.m.m.a.RequestMappingHandlerMapping : 5 mappings in org.springframework.web.servlet.mvc.method.annotation.RequestMappingHandlerMapping
2026-10-04T17:07:52.846+07:00 DEBUG 25480 --- [           main] s.w.s.m.m.a.RequestMappingHandlerAdapter : ControllerAdvice beans: 0 @ModelAttribute, 0 @InitBinder, 2 RequestBodyAdvice, 1 ResponseBodyAdvice
2026-10-04T17:07:52.846+07:00 DEBUG 25480 --- [           main] .m.m.a.ExceptionHandlerExceptionResolver : ControllerAdvice beans: 1 @ExceptionHandler, 1 ResponseBodyAdvice
2026-10-04T17:07:52.847+07:00  INFO 25480 --- [           main] o.s.mock.web.MockServletContext          : Initializing Spring TestDispatcherServlet ''
2026-10-04T17:07:52.847+07:00  INFO 25480 --- [           main] o.s.t.web.servlet.TestDispatcherServlet  : Initializing Servlet ''
2026-10-04T17:07:52.847+07:00  INFO 25480 --- [           main] o.s.t.web.servlet.TestDispatcherServlet  : Completed initialization in 0 ms
2026-10-04T17:07:52.848+07:00 DEBUG 25480 --- [           main] s.w.s.m.m.a.RequestMappingHandlerMapping : Mapped to com.ccnlthd.course_management.controller.CourseController#deleteCourse(Long)
2026-10-04T17:07:52.850+07:00 DEBUG 25480 --- [           main] .m.m.a.ExceptionHandlerExceptionResolver : Using @ExceptionHandler com.ccnlthd.course_management.exception.GlobalExceptionHandler#handleAppException(AppException)
2026-10-04T17:07:52.852+07:00 DEBUG 25480 --- [           main] o.s.w.s.m.m.a.HttpEntityMethodProcessor  : Using 'application/json', given [*/*] and supported [application/json, application/*+json, application/yaml]
2026-10-04T17:07:52.852+07:00 DEBUG 25480 --- [           main] o.s.w.s.m.m.a.HttpEntityMethodProcessor  : Writing [com.ccnlthd.course_management.dto.response.ApiResponse@2dfafe6f]
2026-10-04T17:07:52.854+07:00 DEBUG 25480 --- [           main] .m.m.a.ExceptionHandlerExceptionResolver : Resolved [com.ccnlthd.course_management.exception.AppException: Course has enrollments]
2026-10-04T17:07:52.875+07:00 DEBUG 25480 --- [           main] s.w.s.m.m.a.RequestMappingHandlerMapping : 5 mappings in org.springframework.web.servlet.mvc.method.annotation.RequestMappingHandlerMapping
2026-10-04T17:07:52.876+07:00 DEBUG 25480 --- [           main] s.w.s.m.m.a.RequestMappingHandlerAdapter : ControllerAdvice beans: 0 @ModelAttribute, 0 @InitBinder, 2 RequestBodyAdvice, 1 ResponseBodyAdvice
2026-10-04T17:07:52.877+07:00 DEBUG 25480 --- [           main] .m.m.a.ExceptionHandlerExceptionResolver : ControllerAdvice beans: 1 @ExceptionHandler, 1 ResponseBodyAdvice
2026-10-04T17:07:52.877+07:00  INFO 25480 --- [           main] o.s.mock.web.MockServletContext          : Initializing Spring TestDispatcherServlet ''
2026-10-04T17:07:52.877+07:00  INFO 25480 --- [           main] o.s.t.web.servlet.TestDispatcherServlet  : Initializing Servlet ''
2026-10-04T17:07:52.877+07:00  INFO 25480 --- [           main] o.s.t.web.servlet.TestDispatcherServlet  : Completed initialization in 0 ms
2026-10-04T17:07:52.879+07:00 DEBUG 25480 --- [           main] s.w.s.m.m.a.RequestMappingHandlerMapping : Mapped to com.ccnlthd.course_management.controller.CourseController#getCourseById(Long)
2026-10-04T17:07:52.880+07:00 DEBUG 25480 --- [           main] .m.m.a.ExceptionHandlerExceptionResolver : Using @ExceptionHandler com.ccnlthd.course_management.exception.GlobalExceptionHandler#handleAppException(AppException)
2026-10-04T17:07:52.882+07:00 DEBUG 25480 --- [           main] o.s.w.s.m.m.a.HttpEntityMethodProcessor  : Using 'application/json', given [*/*] and supported [application/json, application/*+json, application/yaml]
2026-10-04T17:07:52.883+07:00 DEBUG 25480 --- [           main] o.s.w.s.m.m.a.HttpEntityMethodProcessor  : Writing [com.ccnlthd.course_management.dto.response.ApiResponse@5cd1e346]
2026-10-04T17:07:52.885+07:00 DEBUG 25480 --- [           main] .m.m.a.ExceptionHandlerExceptionResolver : Resolved [com.ccnlthd.course_management.exception.AppException: Course not found]
2026-10-04T17:07:52.902+07:00 DEBUG 25480 --- [           main] s.w.s.m.m.a.RequestMappingHandlerMapping : 5 mappings in org.springframework.web.servlet.mvc.method.annotation.RequestMappingHandlerMapping
2026-10-04T17:07:52.902+07:00 DEBUG 25480 --- [           main] s.w.s.m.m.a.RequestMappingHandlerAdapter : ControllerAdvice beans: 0 @ModelAttribute, 0 @InitBinder, 2 RequestBodyAdvice, 1 ResponseBodyAdvice
2026-10-04T17:07:52.903+07:00 DEBUG 25480 --- [           main] .m.m.a.ExceptionHandlerExceptionResolver : ControllerAdvice beans: 1 @ExceptionHandler, 1 ResponseBodyAdvice
2026-10-04T17:07:52.903+07:00  INFO 25480 --- [           main] o.s.mock.web.MockServletContext          : Initializing Spring TestDispatcherServlet ''
2026-10-04T17:07:52.903+07:00  INFO 25480 --- [           main] o.s.t.web.servlet.TestDispatcherServlet  : Initializing Servlet ''
2026-10-04T17:07:52.903+07:00  INFO 25480 --- [           main] o.s.t.web.servlet.TestDispatcherServlet  : Completed initialization in 0 ms
2026-10-04T17:07:52.904+07:00 DEBUG 25480 --- [           main] s.w.s.m.m.a.RequestMappingHandlerMapping : Mapped to com.ccnlthd.course_management.controller.CourseController#getCourseById(Long)
2026-10-04T17:07:52.909+07:00 DEBUG 25480 --- [           main] o.s.web.method.HandlerMethod             : Could not resolve parameter [0] in public org.springframework.http.ResponseEntity<com.ccnlthd.course_management.dto.response.CourseResponse> com.ccnlthd.course_management.controller.CourseController.getCourseById(java.lang.Long): Method parameter 'id': Failed to convert value of type 'java.lang.String' to required type 'java.lang.Long'; For input string: "not-a-number"
2026-10-04T17:07:52.910+07:00 DEBUG 25480 --- [           main] .m.m.a.ExceptionHandlerExceptionResolver : Using @ExceptionHandler com.ccnlthd.course_management.exception.GlobalExceptionHandler#handleTypeMismatch(MethodArgumentTypeMismatchException)
2026-10-04T17:07:52.913+07:00 DEBUG 25480 --- [           main] o.s.w.s.m.m.a.HttpEntityMethodProcessor  : Using 'application/json', given [*/*] and supported [application/json, application/*+json, application/yaml]
2026-10-04T17:07:52.913+07:00 DEBUG 25480 --- [           main] o.s.w.s.m.m.a.HttpEntityMethodProcessor  : Writing [com.ccnlthd.course_management.dto.response.ApiResponse@1d395b77]
2026-10-04T17:07:52.915+07:00 DEBUG 25480 --- [           main] .m.m.a.ExceptionHandlerExceptionResolver : Resolved [org.springframework.web.method.annotation.MethodArgumentTypeMismatchException: Method parameter 'id': Failed to convert value of type 'java.lang.String' to required type 'java.lang.Long'; For input string: "not-a-number"]
[INFO] Tests run: 7, Failures: 0, Errors: 0, Skipped: 0, Time elapsed: 0.429 s -- in com.ccnlthd.course_management.GlobalExceptionHandlerTests
[INFO] Running com.ccnlthd.course_management.RepositoryIntegrationTests
2026-10-04T17:07:52.922+07:00  INFO 25480 --- [           main] t.c.s.AnnotationConfigContextLoaderUtils : Could not detect default configuration classes for test class [com.ccnlthd.course_management.RepositoryIntegrationTests]: RepositoryIntegrationTests does not declare any static, non-private, non-final, nested classes annotated with @Configuration.
2026-10-04T17:07:52.923+07:00 DEBUG 25480 --- [           main] .b.t.c.SpringBootTestContextBootstrapper : Using ContextCustomizerFactory implementations for test class [RepositoryIntegrationTests]: [SpringBootTestRandomPortContextCustomizerFactory, ImportsContextCustomizerFactory, PropertyMappingContextCustomizerFactory, ExcludeFilterContextCustomizerFactory, TypeExcludeFiltersContextCustomizerFactory, DisableReactorResourceFactoryGlobalResourcesContextCustomizerFactory, DuplicateJsonObjectContextCustomizerFactory, OnFailureConditionReportContextCustomizerFactory, OverrideAutoConfigurationContextCustomizerFactory, BeanOverrideContextCustomizerFactory, MockServerContainerContextCustomizerFactory, DynamicPropertiesContextCustomizerFactory, WebDriverContextCustomizerFactory, ServiceConnectionContextCustomizerFactory]
2026-10-04T17:07:52.935+07:00 DEBUG 25480 --- [           main] .b.t.c.SpringBootTestContextBootstrapper : Using ContextCustomizers for test class [RepositoryIntegrationTests]: [SpringBootTestRandomPortContextCustomizer, PropertyMappingContextCustomizer, ExcludeFilterContextCustomizer, DuplicateJsonObjectContextCustomizer, OnFailureConditionReportContextCustomizer, DynamicPropertiesContextCustomizer, WebDriverContextCustomizer, ServiceConnectionContextCustomizer]
2026-10-04T17:07:52.936+07:00  INFO 25480 --- [           main] .b.t.c.SpringBootTestContextBootstrapper : Found @SpringBootConfiguration com.ccnlthd.course_management.CourseManagementApplication for test class com.ccnlthd.course_management.RepositoryIntegrationTests
2026-10-04T17:07:52.937+07:00  INFO 25480 --- [           main] t.c.s.AnnotationConfigContextLoaderUtils : Could not detect default configuration classes for test class [com.ccnlthd.course_management.RepositoryIntegrationTests]: RepositoryIntegrationTests does not declare any static, non-private, non-final, nested classes annotated with @Configuration.
2026-10-04T17:07:52.939+07:00 DEBUG 25480 --- [           main] .b.t.c.SpringBootTestContextBootstrapper : Using ContextCustomizerFactory implementations for test class [RepositoryIntegrationTests]: [SpringBootTestRandomPortContextCustomizerFactory, ImportsContextCustomizerFactory, PropertyMappingContextCustomizerFactory, ExcludeFilterContextCustomizerFactory, TypeExcludeFiltersContextCustomizerFactory, DisableReactorResourceFactoryGlobalResourcesContextCustomizerFactory, DuplicateJsonObjectContextCustomizerFactory, OnFailureConditionReportContextCustomizerFactory, OverrideAutoConfigurationContextCustomizerFactory, BeanOverrideContextCustomizerFactory, MockServerContainerContextCustomizerFactory, DynamicPropertiesContextCustomizerFactory, WebDriverContextCustomizerFactory, ServiceConnectionContextCustomizerFactory]
2026-10-04T17:07:52.952+07:00 DEBUG 25480 --- [           main] .b.t.c.SpringBootTestContextBootstrapper : Using ContextCustomizers for test class [RepositoryIntegrationTests]: [SpringBootTestRandomPortContextCustomizer, PropertyMappingContextCustomizer, ExcludeFilterContextCustomizer, DuplicateJsonObjectContextCustomizer, OnFailureConditionReportContextCustomizer, DynamicPropertiesContextCustomizer, WebDriverContextCustomizer, ServiceConnectionContextCustomizer]
2026-10-04T17:07:52.954+07:00  INFO 25480 --- [           main] .b.t.c.SpringBootTestContextBootstrapper : Found @SpringBootConfiguration com.ccnlthd.course_management.CourseManagementApplication for test class com.ccnlthd.course_management.RepositoryIntegrationTests
2026-10-04T17:07:52.955+07:00 DEBUG 25480 --- [           main] .b.t.c.SpringBootTestContextBootstrapper : Neither @ContextConfiguration nor @ContextHierarchy found for test class [RepositoryIntegrationTests]: using SpringBootContextLoader
2026-10-04T17:07:52.956+07:00 DEBUG 25480 --- [           main] .b.t.c.SpringBootTestContextBootstrapper : Using TestExecutionListeners for test class [RepositoryIntegrationTests]: [ServletTestExecutionListener, DirtiesContextBeforeModesTestExecutionListener, ApplicationEventsTestExecutionListener, BeanOverrideTestExecutionListener, DependencyInjectionTestExecutionListener, DirtiesContextTestExecutionListener, CommonCachesTestExecutionListener, TransactionalTestExecutionListener, SqlScriptsTestExecutionListener, EventPublishingTestExecutionListener, MockitoResetTestExecutionListener, MockMvcPrintOnlyOnFailureTestExecutionListener, WebDriverTestExecutionListener]
2026-10-04T17:07:53.053+07:00 DEBUG 25480 --- [           main] org.hibernate.SQL                        : select c1_0.id,c1_0.created_at,c1_0.description,c1_0.name,c1_0.updated_at from categories c1_0 where upper(c1_0.name)=upper(?)
2026-10-04T17:07:53.063+07:00 DEBUG 25480 --- [           main] org.hibernate.SQL                        : select s1_0.id,s1_0.created_at,s1_0.email,s1_0.full_name,s1_0.phone,s1_0.updated_at from students s1_0 where upper(s1_0.email)=upper(?)
2026-10-04T17:07:53.070+07:00 DEBUG 25480 --- [           main] org.hibernate.SQL                        : select c1_0.id,c1_0.category_id,c1_0.created_at,c1_0.description,c1_0.level,c1_0.price,c1_0.status,c1_0.title,c1_0.updated_at from courses c1_0 where c1_0.category_id=?
2026-10-04T17:07:53.081+07:00 DEBUG 25480 --- [           main] org.hibernate.SQL                        : select c1_0.id,c1_0.category_id,c1_0.created_at,c1_0.description,c1_0.level,c1_0.price,c1_0.status,c1_0.title,c1_0.updated_at from courses c1_0 where upper(c1_0.status)=upper(?)
2026-10-04T17:07:53.104+07:00 DEBUG 25480 --- [           main] org.hibernate.SQL                        : select c1_0.id,c1_0.category_id,c1_0.created_at,c1_0.description,c1_0.level,c1_0.price,c1_0.status,c1_0.title,c1_0.updated_at from courses c1_0 where c1_0.price between ? and ?
2026-10-04T17:07:53.126+07:00 DEBUG 25480 --- [           main] org.hibernate.SQL                        : select c1_0.id,c1_0.category_id,c1_0.created_at,c1_0.description,c1_0.level,c1_0.price,c1_0.status,c1_0.title,c1_0.updated_at from courses c1_0 where lower(c1_0.title) like lower(('%'||?||'%')) escape '' or lower(c1_0.description) like lower(('%'||?||'%')) escape ''
2026-10-04T17:07:53.165+07:00 DEBUG 25480 --- [           main] org.hibernate.SQL                        : select e1_0.id,e1_0.completed_at,e1_0.course_id,c1_0.id,c1_0.category_id,c1_0.created_at,c1_0.description,c1_0.level,c1_0.price,c1_0.status,c1_0.title,c1_0.updated_at,e1_0.enrolled_at,e1_0.status,e1_0.student_id from enrollments e1_0 join courses c1_0 on c1_0.id=e1_0.course_id where e1_0.student_id=?
2026-10-04T17:07:53.179+07:00 DEBUG 25480 --- [           main] org.hibernate.SQL                        : select e1_0.id,e1_0.completed_at,e1_0.course_id,e1_0.enrolled_at,e1_0.status,e1_0.student_id from enrollments e1_0 where e1_0.student_id=? and e1_0.course_id=?
2026-10-04T17:07:53.199+07:00 DEBUG 25480 --- [           main] org.hibernate.SQL                        : select s1_0.id,s1_0.created_at,s1_0.email,s1_0.full_name,s1_0.phone,s1_0.updated_at from students s1_0 where upper(s1_0.email)=upper(?)
2026-10-04T17:07:53.208+07:00 DEBUG 25480 --- [           main] org.hibernate.SQL                        : select c1_0.id,c1_0.category_id,c1_0.created_at,c1_0.description,c1_0.level,c1_0.price,c1_0.status,c1_0.title,c1_0.updated_at from courses c1_0 where c1_0.id=?
2026-10-04T17:07:53.217+07:00 DEBUG 25480 --- [           main] org.hibernate.SQL                        : insert into enrollments (completed_at,course_id,enrolled_at,status,student_id,id) values (?,?,?,?,?,default)
2026-10-04T17:07:53.231+07:00  WARN 25480 --- [           main] org.hibernate.orm.jdbc.error             : HHH000247: ErrorCode: 23505, SQLState: 23505
2026-10-04T17:07:53.232+07:00  WARN 25480 --- [           main] org.hibernate.orm.jdbc.error             : Unique index or primary key violation: "public.uk_enrollment_student_course INDEX public.uk_enrollment_student_course_INDEX_D ON public.enrollments(student_id NULLS FIRST, course_id NULLS FIRST) VALUES ( /* key:1 */ CAST(1 AS BIGINT), CAST(1 AS BIGINT))"; SQL statement:
insert into enrollments (completed_at,course_id,enrolled_at,status,student_id,id) values (?,?,?,?,?,default) [23505-240]
[INFO] Tests run: 2, Failures: 0, Errors: 0, Skipped: 0, Time elapsed: 0.337 s -- in com.ccnlthd.course_management.RepositoryIntegrationTests
[INFO] Running com.ccnlthd.course_management.RequestDtoValidationTests
[INFO] Tests run: 3, Failures: 0, Errors: 0, Skipped: 0, Time elapsed: 0.055 s -- in com.ccnlthd.course_management.RequestDtoValidationTests
[INFO] Running com.ccnlthd.course_management.StudentCrudTests
2026-10-04T17:07:53.498+07:00 DEBUG 25480 --- [           main] s.w.s.m.m.a.RequestMappingHandlerMapping : 5 mappings in org.springframework.web.servlet.mvc.method.annotation.RequestMappingHandlerMapping
2026-10-04T17:07:53.499+07:00 DEBUG 25480 --- [           main] s.w.s.m.m.a.RequestMappingHandlerAdapter : ControllerAdvice beans: 0 @ModelAttribute, 0 @InitBinder, 2 RequestBodyAdvice, 1 ResponseBodyAdvice
2026-10-04T17:07:53.501+07:00 DEBUG 25480 --- [           main] .m.m.a.ExceptionHandlerExceptionResolver : ControllerAdvice beans: 1 @ExceptionHandler, 1 ResponseBodyAdvice
2026-10-04T17:07:53.502+07:00  INFO 25480 --- [           main] o.s.mock.web.MockServletContext          : Initializing Spring TestDispatcherServlet ''
2026-10-04T17:07:53.502+07:00  INFO 25480 --- [           main] o.s.t.web.servlet.TestDispatcherServlet  : Initializing Servlet ''
2026-10-04T17:07:53.502+07:00  INFO 25480 --- [           main] o.s.t.web.servlet.TestDispatcherServlet  : Completed initialization in 0 ms
2026-10-04T17:07:53.503+07:00 DEBUG 25480 --- [           main] s.w.s.m.m.a.RequestMappingHandlerMapping : Mapped to com.ccnlthd.course_management.controller.StudentController#getStudentById(Long)
2026-10-04T17:07:53.505+07:00 DEBUG 25480 --- [           main] .m.m.a.ExceptionHandlerExceptionResolver : Using @ExceptionHandler com.ccnlthd.course_management.exception.GlobalExceptionHandler#handleAppException(AppException)
2026-10-04T17:07:53.506+07:00 DEBUG 25480 --- [           main] o.s.w.s.m.m.a.HttpEntityMethodProcessor  : Using 'application/json', given [*/*] and supported [application/json, application/*+json, application/yaml]
2026-10-04T17:07:53.507+07:00 DEBUG 25480 --- [           main] o.s.w.s.m.m.a.HttpEntityMethodProcessor  : Writing [com.ccnlthd.course_management.dto.response.ApiResponse@42cf8d5]
2026-10-04T17:07:53.509+07:00 DEBUG 25480 --- [           main] .m.m.a.ExceptionHandlerExceptionResolver : Resolved [com.ccnlthd.course_management.exception.AppException: Student not found]
2026-10-04T17:07:53.511+07:00 DEBUG 25480 --- [           main] s.w.s.m.m.a.RequestMappingHandlerMapping : Mapped to com.ccnlthd.course_management.controller.StudentController#createStudent(StudentRequest)
2026-10-04T17:07:53.513+07:00 DEBUG 25480 --- [           main] m.m.a.RequestResponseBodyMethodProcessor : Read "application/json" to [com.ccnlthd.course_management.dto.request.StudentRequest@484b0c43]
2026-10-04T17:07:53.522+07:00 DEBUG 25480 --- [           main] .m.m.a.ExceptionHandlerExceptionResolver : Using @ExceptionHandler com.ccnlthd.course_management.exception.GlobalExceptionHandler#handleAppException(AppException)
2026-10-04T17:07:53.523+07:00 DEBUG 25480 --- [           main] o.s.w.s.m.m.a.HttpEntityMethodProcessor  : Using 'application/json', given [*/*] and supported [application/json, application/*+json, application/yaml]
2026-10-04T17:07:53.524+07:00 DEBUG 25480 --- [           main] o.s.w.s.m.m.a.HttpEntityMethodProcessor  : Writing [com.ccnlthd.course_management.dto.response.ApiResponse@734f0ba5]
2026-10-04T17:07:53.525+07:00 DEBUG 25480 --- [           main] .m.m.a.ExceptionHandlerExceptionResolver : Resolved [com.ccnlthd.course_management.exception.AppException: Student email already exists]
2026-10-04T17:07:53.526+07:00 DEBUG 25480 --- [           main] s.w.s.m.m.a.RequestMappingHandlerMapping : Mapped to com.ccnlthd.course_management.controller.StudentController#deleteStudent(Long)
2026-10-04T17:07:53.529+07:00 DEBUG 25480 --- [           main] .m.m.a.ExceptionHandlerExceptionResolver : Using @ExceptionHandler com.ccnlthd.course_management.exception.GlobalExceptionHandler#handleAppException(AppException)
2026-10-04T17:07:53.529+07:00 DEBUG 25480 --- [           main] o.s.w.s.m.m.a.HttpEntityMethodProcessor  : Using 'application/json', given [*/*] and supported [application/json, application/*+json, application/yaml]
2026-10-04T17:07:53.529+07:00 DEBUG 25480 --- [           main] o.s.w.s.m.m.a.HttpEntityMethodProcessor  : Writing [com.ccnlthd.course_management.dto.response.ApiResponse@1e38ed3b]
2026-10-04T17:07:53.529+07:00 DEBUG 25480 --- [           main] .m.m.a.ExceptionHandlerExceptionResolver : Resolved [com.ccnlthd.course_management.exception.AppException: Student has enrollments]
2026-10-04T17:07:53.562+07:00 DEBUG 25480 --- [           main] s.w.s.m.m.a.RequestMappingHandlerMapping : 5 mappings in org.springframework.web.servlet.mvc.method.annotation.RequestMappingHandlerMapping
2026-10-04T17:07:53.563+07:00 DEBUG 25480 --- [           main] s.w.s.m.m.a.RequestMappingHandlerAdapter : ControllerAdvice beans: 0 @ModelAttribute, 0 @InitBinder, 2 RequestBodyAdvice, 1 ResponseBodyAdvice
2026-10-04T17:07:53.563+07:00 DEBUG 25480 --- [           main] .m.m.a.ExceptionHandlerExceptionResolver : ControllerAdvice beans: 1 @ExceptionHandler, 1 ResponseBodyAdvice
2026-10-04T17:07:53.563+07:00  INFO 25480 --- [           main] o.s.mock.web.MockServletContext          : Initializing Spring TestDispatcherServlet ''
2026-10-04T17:07:53.563+07:00  INFO 25480 --- [           main] o.s.t.web.servlet.TestDispatcherServlet  : Initializing Servlet ''
2026-10-04T17:07:53.564+07:00  INFO 25480 --- [           main] o.s.t.web.servlet.TestDispatcherServlet  : Completed initialization in 1 ms
2026-10-04T17:07:53.567+07:00 DEBUG 25480 --- [           main] s.w.s.m.m.a.RequestMappingHandlerMapping : Mapped to com.ccnlthd.course_management.controller.StudentController#createStudent(StudentRequest)
2026-10-04T17:07:53.569+07:00 DEBUG 25480 --- [           main] m.m.a.RequestResponseBodyMethodProcessor : Read "application/json" to [com.ccnlthd.course_management.dto.request.StudentRequest@2e589efe]
2026-10-04T17:07:53.579+07:00 DEBUG 25480 --- [           main] o.s.w.s.m.m.a.HttpEntityMethodProcessor  : Using 'application/json', given [*/*] and supported [application/json, application/*+json, application/yaml]
2026-10-04T17:07:53.579+07:00 DEBUG 25480 --- [           main] o.s.w.s.m.m.a.HttpEntityMethodProcessor  : Writing [com.ccnlthd.course_management.dto.response.StudentResponse@3f120a6d]
2026-10-04T17:07:53.582+07:00 DEBUG 25480 --- [           main] s.w.s.m.m.a.RequestMappingHandlerMapping : Mapped to com.ccnlthd.course_management.controller.StudentController#getAllStudents()
2026-10-04T17:07:53.583+07:00 DEBUG 25480 --- [           main] o.s.w.s.m.m.a.HttpEntityMethodProcessor  : Using 'application/json', given [*/*] and supported [application/json, application/*+json, application/yaml]
2026-10-04T17:07:53.585+07:00 DEBUG 25480 --- [           main] o.s.w.s.m.m.a.HttpEntityMethodProcessor  : Writing [[com.ccnlthd.course_management.dto.response.StudentResponse@3f120a6d]]
2026-10-04T17:07:53.586+07:00 DEBUG 25480 --- [           main] s.w.s.m.m.a.RequestMappingHandlerMapping : Mapped to com.ccnlthd.course_management.controller.StudentController#getStudentById(Long)
2026-10-04T17:07:53.588+07:00 DEBUG 25480 --- [           main] o.s.w.s.m.m.a.HttpEntityMethodProcessor  : Using 'application/json', given [*/*] and supported [application/json, application/*+json, application/yaml]
2026-10-04T17:07:53.589+07:00 DEBUG 25480 --- [           main] o.s.w.s.m.m.a.HttpEntityMethodProcessor  : Writing [com.ccnlthd.course_management.dto.response.StudentResponse@3f120a6d]
2026-10-04T17:07:53.589+07:00 DEBUG 25480 --- [           main] s.w.s.m.m.a.RequestMappingHandlerMapping : Mapped to com.ccnlthd.course_management.controller.StudentController#updateStudent(Long, StudentRequest)
2026-10-04T17:07:53.590+07:00 DEBUG 25480 --- [           main] m.m.a.RequestResponseBodyMethodProcessor : Read "application/json" to [com.ccnlthd.course_management.dto.request.StudentRequest@4fc46a66]
2026-10-04T17:07:53.592+07:00 DEBUG 25480 --- [           main] o.s.w.s.m.m.a.HttpEntityMethodProcessor  : Using 'application/json', given [*/*] and supported [application/json, application/*+json, application/yaml]
2026-10-04T17:07:53.592+07:00 DEBUG 25480 --- [           main] o.s.w.s.m.m.a.HttpEntityMethodProcessor  : Writing [com.ccnlthd.course_management.dto.response.StudentResponse@3f120a6d]
2026-10-04T17:07:53.594+07:00 DEBUG 25480 --- [           main] s.w.s.m.m.a.RequestMappingHandlerMapping : Mapped to com.ccnlthd.course_management.controller.StudentController#deleteStudent(Long)
2026-10-04T17:07:53.595+07:00 DEBUG 25480 --- [           main] o.s.w.s.m.m.a.HttpEntityMethodProcessor  : Using 'application/json', given [*/*] and supported [application/json, application/*+json, application/yaml]
2026-10-04T17:07:53.595+07:00 DEBUG 25480 --- [           main] o.s.w.s.m.m.a.HttpEntityMethodProcessor  : Nothing to write: null body
2026-10-04T17:07:53.613+07:00 DEBUG 25480 --- [           main] s.w.s.m.m.a.RequestMappingHandlerMapping : 5 mappings in org.springframework.web.servlet.mvc.method.annotation.RequestMappingHandlerMapping
2026-10-04T17:07:53.613+07:00 DEBUG 25480 --- [           main] s.w.s.m.m.a.RequestMappingHandlerAdapter : ControllerAdvice beans: 0 @ModelAttribute, 0 @InitBinder, 2 RequestBodyAdvice, 1 ResponseBodyAdvice
2026-10-04T17:07:53.614+07:00 DEBUG 25480 --- [           main] .m.m.a.ExceptionHandlerExceptionResolver : ControllerAdvice beans: 1 @ExceptionHandler, 1 ResponseBodyAdvice
2026-10-04T17:07:53.614+07:00  INFO 25480 --- [           main] o.s.mock.web.MockServletContext          : Initializing Spring TestDispatcherServlet ''
2026-10-04T17:07:53.614+07:00  INFO 25480 --- [           main] o.s.t.web.servlet.TestDispatcherServlet  : Initializing Servlet ''
2026-10-04T17:07:53.614+07:00  INFO 25480 --- [           main] o.s.t.web.servlet.TestDispatcherServlet  : Completed initialization in 0 ms
2026-10-04T17:07:53.615+07:00 DEBUG 25480 --- [           main] s.w.s.m.m.a.RequestMappingHandlerMapping : Mapped to com.ccnlthd.course_management.controller.StudentController#createStudent(StudentRequest)
2026-10-04T17:07:53.617+07:00 DEBUG 25480 --- [           main] m.m.a.RequestResponseBodyMethodProcessor : Read "application/json" to [com.ccnlthd.course_management.dto.request.StudentRequest@7bb59c9c]
2026-10-04T17:07:53.622+07:00 DEBUG 25480 --- [           main] .m.m.a.ExceptionHandlerExceptionResolver : Using @ExceptionHandler com.ccnlthd.course_management.exception.GlobalExceptionHandler#handleValidationException(MethodArgumentNotValidException)
2026-10-04T17:07:53.626+07:00 DEBUG 25480 --- [           main] o.s.w.s.m.m.a.HttpEntityMethodProcessor  : Using 'application/json', given [*/*] and supported [application/json, application/*+json, application/yaml]
2026-10-04T17:07:53.626+07:00 DEBUG 25480 --- [           main] o.s.w.s.m.m.a.HttpEntityMethodProcessor  : Writing [com.ccnlthd.course_management.dto.response.ApiResponse@12671195]
2026-10-04T17:07:53.629+07:00 DEBUG 25480 --- [           main] .m.m.a.ExceptionHandlerExceptionResolver : Resolved [org.springframework.web.bind.MethodArgumentNotValidException: Validation failed for argument [0] in public org.springframework.http.ResponseEntity<com.ccnlthd.course_management.dto.response.StudentResponse> com.ccnlthd.course_management.controller.StudentController.createStudent(com.ccnlthd.course_management.dto.request.StudentRequest) with 2 errors: [Field error in object 'studentRequest' on field 'fullName': rejected value []; codes [NotBlank.studentRequest.fullName,NotBlank.fullName,NotBlank.java.lang.String,NotBlank]; arguments [org.springframework.context.support.DefaultMessageSourceResolvable: codes [studentRequest.fullName,fullName]; arguments []; default message [fullName]]; default message [Student full name is required]] [Field error in object 'studentRequest' on field 'email': rejected value [invalid]; codes [Email.studentRequest.email,Email.email,Email.java.lang.String,Email]; arguments [org.springframework.context.support.DefaultMessageSourceResolvable: codes [studentRequest.email,email]; arguments []; default message [email],[Ljakarta.validation.constraints.Pattern$Flag;@3fc91771,.*]; default message [Student email must be valid]] ]
2026-10-04T17:07:53.630+07:00 DEBUG 25480 --- [           main] s.w.s.m.m.a.RequestMappingHandlerMapping : Mapped to com.ccnlthd.course_management.controller.StudentController#updateStudent(Long, StudentRequest)
2026-10-04T17:07:53.631+07:00 DEBUG 25480 --- [           main] m.m.a.RequestResponseBodyMethodProcessor : Read "application/json" to [com.ccnlthd.course_management.dto.request.StudentRequest@ec18f70]
2026-10-04T17:07:53.632+07:00 DEBUG 25480 --- [           main] .m.m.a.ExceptionHandlerExceptionResolver : Using @ExceptionHandler com.ccnlthd.course_management.exception.GlobalExceptionHandler#handleValidationException(MethodArgumentNotValidException)
2026-10-04T17:07:53.632+07:00 DEBUG 25480 --- [           main] o.s.w.s.m.m.a.HttpEntityMethodProcessor  : Using 'application/json', given [*/*] and supported [application/json, application/*+json, application/yaml]
2026-10-04T17:07:53.634+07:00 DEBUG 25480 --- [           main] o.s.w.s.m.m.a.HttpEntityMethodProcessor  : Writing [com.ccnlthd.course_management.dto.response.ApiResponse@4bfe79c]
2026-10-04T17:07:53.634+07:00 DEBUG 25480 --- [           main] .m.m.a.ExceptionHandlerExceptionResolver : Resolved [org.springframework.web.bind.MethodArgumentNotValidException: Validation failed for argument [1] in public org.springframework.http.ResponseEntity<com.ccnlthd.course_management.dto.response.StudentResponse> com.ccnlthd.course_management.controller.StudentController.updateStudent(java.lang.Long,com.ccnlthd.course_management.dto.request.StudentRequest): [Field error in object 'studentRequest' on field 'email': rejected value [invalid]; codes [Email.studentRequest.email,Email.email,Email.java.lang.String,Email]; arguments [org.springframework.context.support.DefaultMessageSourceResolvable: codes [studentRequest.email,email]; arguments []; default message [email],[Ljakarta.validation.constraints.Pattern$Flag;@3fc91771,.*]; default message [Student email must be valid]] ]
[INFO] Tests run: 11, Failures: 0, Errors: 0, Skipped: 0, Time elapsed: 0.324 s -- in com.ccnlthd.course_management.StudentCrudTests
[INFO] 
[INFO] Results:
[INFO] 
[INFO] Tests run: 71, Failures: 0, Errors: 0, Skipped: 0
[INFO] 
[INFO] ------------------------------------------------------------------------
[INFO] BUILD SUCCESS
[INFO] ------------------------------------------------------------------------
[INFO] Total time:  01:06 min
[INFO] Finished at: 2026-10-04T17:07:54+07:00
[INFO] ------------------------------------------------------------------------
